token,count,mean,std,min,max
issues,1,0.7458072900772095,0.0,0.7458072900772095,0.7458072900772095
Samples,1,0.7241935729980469,0.0,0.7241935729980469,0.7241935729980469
distributor,3,0.6717156966527303,0.13141604175814986,0.48660117387771606,0.7785811424255371
wiring,82,0.6627220978460661,0.1620965588593158,0.11228178441524506,1.0096795558929443
accountable,1,0.6236748099327087,0.0,0.6236748099327087,0.6236748099327087
vag,1,0.5323458909988403,0.0,0.5323458909988403,0.5323458909988403
ideas,1,0.5165150165557861,0.0,0.5165150165557861,0.5165150165557861
fuel,5,0.5071344554424286,0.2149846232239377,0.26292911171913147,0.75434809923172
engines,5,0.5007260978221894,0.18567696008138845,0.34678637981414795,0.7672377824783325
Output,202,0.4885410650974453,0.3285437796161697,-0.2831053137779236,1.0426669120788574
ibrate,63,0.475475464903173,0.15034923761939636,-0.10398165881633759,0.7764269113540649
Steering,42,0.4725443415698551,0.1373005829901825,0.10990601778030396,0.8132665157318115
card,57,0.4716114261955546,0.1360496206134034,-0.008303232491016388,0.7232568264007568
identical,1,0.46563613414764404,0.0,0.46563613414764404,0.46563613414764404
ibr,2,0.46448449045419693,0.23774292320013046,0.22674156725406647,0.7022274136543274
garbage,1,0.4589060842990875,0.0,0.4589060842990875,0.4589060842990875
Distrib,62,0.4547297837993791,0.22248143280712532,-0.10678394138813019,0.8754273653030396
crimes,1,0.4476878046989441,0.0,0.4476878046989441,0.4476878046989441
theirs,1,0.4308357536792755,0.0,0.4308357536792755,0.4308357536792755
downloading,1,0.4299193024635315,0.0,0.4299193024635315,0.4299193024635315
accidents,1,0.42945972084999084,0.0,0.42945972084999084,0.42945972084999084
utor,62,0.4009285668331769,0.2725976029652052,-0.3937686085700989,0.7283700108528137
Power,462,0.39007701409085616,0.23526901781930562,-0.29206374287605286,0.8437590599060059
olds,30,0.38400134692589444,0.1702983562918405,-0.2099032998085022,0.6200283169746399
camera,1,0.38104569911956787,0.0,0.38104569911956787,0.38104569911956787
disclose,2,0.3780936971306801,0.24500056356191635,0.13309313356876373,0.6230942606925964
Wiring,1801,0.36978842895053976,0.208130433458607,-0.3001739978790283,0.8882406949996948
individual,1,0.3686998188495636,0.0,0.3686998188495636,0.3686998188495636
falls,1,0.36623939871788025,0.0,0.36623939871788025,0.36623939871788025
reactor,3,0.3659048875172933,0.02790691997410069,0.32686465978622437,0.3904339671134949
ute,170,0.36413450322168717,0.19136377471777505,-0.28920069336891174,0.6800802946090698
abil,42,0.3641223834738845,0.1063547266931318,0.05957602709531784,0.5644348859786987
asty,3,0.3612937579552333,0.21502348266697874,0.07739414274692535,0.5976014137268066
hearing,4,0.35779162496328354,0.12448616145830886,0.23989740014076233,0.558204174041748
Chart,46,0.34516617388505005,0.15553579560116132,-0.11574751138687134,0.6909480094909668
...,1,0.3410148024559021,0.0,0.3410148024559021,0.3410148024559021
power,3,0.34000777701536816,0.10075921335401378,0.19751273095607758,0.4112553000450134
overlap,4,0.3393339365720749,0.11952546134523809,0.16326552629470825,0.4862365424633026
data,6,0.3367207149664561,0.2815043950307951,-0.2734215557575226,0.5557339787483215
Filter,62,0.33623156510293484,0.1787748487008476,-0.0011776499450206757,0.6533710360527039
conver,1,0.334097683429718,0.0,0.334097683429718,0.334097683429718
KE,104,0.33373988720660025,0.09611203129540999,0.12885870039463043,0.5717899203300476
Card,420,0.33229876314068124,0.17532607825496493,-0.15718063712120056,0.7234309911727905
chute,2,0.3298933207988739,0.0,0.3298933207988739,0.3298933207988739
security,14,0.3218153012650354,0.08150457275143294,0.14499416947364807,0.4399523138999939
add,1,0.3215070962905884,0.0,0.3215070962905884,0.3215070962905884
ipe,1,0.3207935392856598,0.0,0.3207935392856598,0.3207935392856598
happy,1,0.3188900947570801,0.0,0.3188900947570801,0.3188900947570801
iping,11,0.31702079420739954,0.09422549916968401,0.13807526230812073,0.4295985698699951
Regarding,2,0.3166835904121399,0.011634975671768188,0.3050486147403717,0.3283185660839081
Engines,238,0.3151936181077436,0.2122186060277281,-0.2654271125793457,0.7439520359039307
intend,1,0.31388354301452637,0.0,0.31388354301452637,0.31388354301452637
job,2,0.31304730474948883,0.10391975939273834,0.2091275453567505,0.4169670641422272
scan,3,0.31173547108968097,0.003676321722270687,0.30720022320747375,0.31620460748672485
Fuel,238,0.309824816741738,0.14619506229291518,-0.29416847229003906,0.7573879957199097
DEAD,1,0.3062313199043274,0.0,0.3062313199043274,0.3062313199043274
ordinary,2,0.3048165626823902,0.2870563678443432,0.017760194838047028,0.5918729305267334
timelines,1,0.3046911060810089,0.0,0.3046911060810089,0.3046911060810089
ings,8,0.3033783258870244,0.1995069853484248,-0.010037191212177277,0.554676353931427
h,3,0.3016110161940257,0.12420353462607729,0.12955224514007568,0.41824451088905334
worked,2,0.3005371689796448,0.049643874168395996,0.2508932948112488,0.35018104314804077
Course,46,0.29988591036880796,0.1818489153988046,-0.06399937719106674,0.6612364053726196
visiting,1,0.29889124631881714,0.0,0.29889124631881714,0.29889124631881714
Maybe,2,0.29595714807510376,0.06478419899940491,0.23117294907569885,0.36074134707450867
swipe,47,0.2957635185819991,0.15866765514501283,0.034896962344646454,0.679291844367981
comp,2,0.29419343173503876,0.037689223885536194,0.25650420784950256,0.33188265562057495
complet,2,0.29383742809295654,0.023756802082061768,0.2700806260108948,0.3175942301750183
Prime,34,0.2880653042127104,0.12358903730144075,0.10512544214725494,0.6693916320800781
Task,1,0.28689923882484436,0.0,0.28689923882484436,0.28689923882484436
Inspect,9,0.2855681363079283,0.08439832999751214,0.13372506201267242,0.4002610445022583
non,1,0.2847508490085602,0.0,0.2847508490085602,0.2847508490085602
Man,30,0.28319117004672684,0.15252529933163325,-0.06260064989328384,0.4532337784767151
innoc,3,0.2757520576318105,0.10743217999465174,0.13441690802574158,0.394697904586792
Data,451,0.2698474187618679,0.21685017349059468,-0.3245590329170227,0.7840052843093872
yours,1,0.26895028352737427,0.0,0.26895028352737427,0.26895028352737427
interested,6,0.2668204108874003,0.13595085526589318,0.09369854629039764,0.4506923258304596
REPORT,1,0.26545828580856323,0.0,0.26545828580856323,0.26545828580856323
Align,202,0.2650493082802485,0.13250791078016566,-0.09391691535711288,0.618340015411377
amb,1,0.26485562324523926,0.0,0.26485562324523926,0.26485562324523926
ert,462,0.26484606752889756,0.11837897012506013,-0.31368064880371094,0.634919285774231
ate,1,0.263912558555603,0.0,0.263912558555603,0.263912558555603
aked,2,0.25640663504600525,0.018773704767227173,0.23763293027877808,0.2751803398132324
guilty,1,0.2551725506782532,0.0,0.2551725506782532,0.2551725506782532
agreed,1,0.25212743878364563,0.0,0.25212743878364563,0.25212743878364563
Sample,104,0.25030008250345975,0.14463515563266707,-0.16368523240089417,0.5866055488586426
cooperative,14,0.2498482625399317,0.1019983092455049,-0.018157705664634705,0.37402796745300293
thanks,1,0.24929307401180267,0.0,0.24929307401180267,0.24929307401180267
ed,491,0.24924522014467573,0.22890320774969472,-0.33826735615730286,0.9065545797348022
fix,76,0.24809675330394193,0.16240228979730875,-0.275282621383667,0.7288327217102051
clar,1,0.2468816488981247,0.0,0.2468816488981247,0.2468816488981247
ize,43,0.24681064183282297,0.158536777965152,-0.06664062291383743,0.5466616153717041
alignment,1,0.2466854751110077,0.0,0.2466854751110077,0.2466854751110077
undertaking,2,0.24580548703670502,0.033840611577034,0.21196487545967102,0.279646098613739
imesteps,1,0.24111896753311157,0.0,0.24111896753311157,0.24111896753311157
Communic,4,0.24078676849603653,0.1525320043738199,0.002304941415786743,0.39874476194381714
cal,3,0.24037335813045502,0.1474931913474068,0.0763508677482605,0.433981329202652
emergency,100,0.23914814660325645,0.10471797220993302,-0.0333389975130558,0.390633225440979
performing,1,0.23781879246234894,0.0,0.23781879246234894,0.23781879246234894
aggressive,5,0.23298251032829284,0.09156030974005307,0.07866577804088593,0.35747283697128296
Was,1,0.23297303915023804,0.0,0.23297303915023804,0.23297303915023804
Swipe,418,0.2324529147114266,0.19300820885094724,-0.237621009349823,0.9231327772140503
length,2,0.23233187198638916,0.016346842050552368,0.2159850299358368,0.24867871403694153
hasn,1,0.23113176226615906,0.0,0.23113176226615906,0.23113176226615906
TASK,538,0.2311313580479265,0.10367048695664068,-0.061026666313409805,0.5105396509170532
meetings,100,0.2293779331073165,0.09552447972671702,-0.016052506864070892,0.45174142718315125
download,4,0.22694793716073036,0.09025760737197457,0.10907657444477081,0.33397015929222107
bage,303,0.2264313261015433,0.21521500604574983,-0.3267890214920044,0.6781643629074097
Start,90,0.2239378003610505,0.13700909347942752,-0.1345958113670349,0.5770558714866638
Scan,71,0.22232715956027238,0.12179914151713561,-0.10237278044223785,0.457216739654541
pect,96,0.22192582878051326,0.12442672660921265,-0.0237645972520113,0.691053032875061
votes,3,0.2187166064977646,0.08644983180282484,0.09654708206653595,0.2838406264781952
description,1,0.2186792939901352,0.0,0.2186792939901352,0.2186792939901352
perspective,4,0.21725937724113464,0.16662841699779704,-0.005520373582839966,0.4442196488380432
cooperate,1,0.21597471833229065,0.0,0.21597471833229065,0.21597471833229065
vote,13,0.215954350737425,0.07024159084125318,0.04093968868255615,0.29976141452789307
mates,646,0.21383319113795696,0.15137030850238362,-0.3703691363334656,0.4081260561943054
worry,1,0.20967665314674377,0.0,0.20967665314674377,0.20967665314674377
Download,382,0.20893206006569387,0.1873466954146022,-0.26476141810417175,0.7012969255447388
sequences,5,0.2066018894314766,0.1727418219904056,-0.021621309220790863,0.4984744191169739
solitary,8,0.2020884663797915,0.09764566547078435,0.04232274368405342,0.3387523293495178
dispers,2,0.20132357627153397,0.10478716343641281,0.09653641283512115,0.3061107397079468
Process,1694,0.200530817228619,0.043475769825004555,0.07884811609983444,0.36295491456985474
introduced,1,0.19798843562602997,0.0,0.19798843562602997,0.19798843562602997
Ch,170,0.19739874928970547,0.10573655831269968,-0.05225975811481476,0.44777360558509827
lon,1,0.1951245367527008,0.0,0.1951245367527008,0.1951245367527008
rical,37,0.19312762922129115,0.13134328666524725,-0.04243568703532219,0.498092383146286
traffic,1,0.19223710894584656,0.0,0.19223710894584656,0.19223710894584656
Crew,1204,0.1911531364733966,0.14999612997143766,-0.23211997747421265,0.4878523051738739
Aster,109,0.18884964536772955,0.09782654454206556,-0.037166815251111984,0.4847562313079834
hostile,1,0.18624572455883026,0.0,0.18624572455883026,0.18624572455883026
inc,2,0.18594896793365479,0.09334957599639893,0.09259939193725586,0.2792985439300537
arrive,1,0.18582603335380554,0.0,0.18582603335380554,0.18582603335380554
thinking,5,0.1848964586853981,0.2424238070508451,-0.1331762671470642,0.44204628467559814
congreg,3,0.1833358220756054,0.11453193096666626,0.029441479593515396,0.30402934551239014
murder,8,0.18202664935961366,0.061478507721419724,0.05019069090485573,0.25912344455718994
e,71,0.1795445849305727,0.1127143215740975,-0.06940671056509018,0.42467808723449707
ields,9,0.17753860106070837,0.10668244843344789,-0.029242172837257385,0.3383808732032776
St,42,0.17534713801883517,0.10980373795074105,-0.18195080757141113,0.40014684200286865
tasks,3956,0.1733536037086265,0.15143090588930946,-0.41809043288230896,0.7453001141548157
sw,10,0.17221069764345884,0.12456727161910115,-0.017633864656090736,0.33684366941452026
Clean,61,0.1715760777292193,0.1566042583601123,-0.22154176235198975,0.6657788157463074
discussions,3,0.1706544024248918,0.10685208291974709,0.019865352660417557,0.2545957565307617
gone,14,0.17023563518055848,0.11999586623028347,-0.06349558383226395,0.3469357192516327
answering,1,0.16762901842594147,0.0,0.16762901842594147,0.16762901842594147
Div,462,0.16720843691282072,0.13729563252595983,-0.175121009349823,0.5868200063705444
In,3,0.1665462777018547,0.031217572959088682,0.12248604744672775,0.1909903883934021
t,1,0.16650117933750153,0.0,0.16650117933750153,0.16650117933750153
reporting,13,0.1658405180160816,0.0652569902903547,0.0014285743236541748,0.26654577255249023
work,90,0.16506620765560204,0.1856429858224304,-0.2636539340019226,0.6668936014175415
imestep,67,0.16493771619983574,0.08537052483907416,-0.07009294629096985,0.39796513319015503
uous,3,0.163538987437884,0.020072787327551238,0.13515405356884003,0.17804263532161713
motives,1,0.16339567303657532,0.0,0.16339567303657532,0.16339567303657532
-s,1,0.1631246954202652,0.0,0.1631246954202652,0.1631246954202652
maybe,2,0.16304564476013184,0.08466365933418274,0.0783819854259491,0.24770930409431458
solitude,4,0.16280257143080235,0.036080171524126174,0.11197615414857864,0.2139352411031723
Security,679,0.1623566853052584,0.17268110938464593,-0.33492952585220337,0.634147047996521
won,2,0.16199056804180145,0.021600961685180664,0.1403896063566208,0.18359152972698212
ations,5,0.1619647279381752,0.27067281794292025,-0.26389652490615845,0.4702047109603882
Navigation,758,0.16171663855558807,0.1731845285103443,-0.2882072925567627,0.6275491118431091
Communications,112,0.16056274275095866,0.16702403066369448,-0.29517626762390137,0.7137727737426758
corrobor,2,0.16000321507453918,0.07948465645313263,0.08051855862140656,0.23948787152767181
Weapons,1108,0.15971287088350994,0.18350775232378688,-0.3714279532432556,0.6372666954994202
hunt,1,0.15889157354831696,0.0,0.15889157354831696,0.15889157354831696
uen,1,0.15817606449127197,0.0,0.15817606449127197,0.15817606449127197
Ins,96,0.15792288074347502,0.11131977164895003,-0.14642708003520966,0.44797682762145996
eld,57,0.155222515003723,0.02638017843237592,0.12133431434631348,0.18087506294250488
lay,2,0.15483898669481277,0.02982088178396225,0.12501810491085052,0.18465986847877502
Med,889,0.15412793698834823,0.17717936035261167,-0.32355910539627075,0.6624792814254761
curious,1,0.15363508462905884,0.0,0.15363508462905884,0.15363508462905884
Were,2,0.15357305482029915,0.042867716401815414,0.11070533841848373,0.19644077122211456
Shields,136,0.15315612267209766,0.1728198627655739,-0.3108022212982178,0.6364990472793579
rid,1,0.15284058451652527,0.0,0.15284058451652527,0.15284058451652527
meeting,615,0.15209906066699727,0.1465121826192059,-0.33447790145874023,0.6126329898834229
ENT,16,0.15047763066831976,0.08302242597120223,0.016853604465723038,0.25856146216392517
discreet,13,0.15045675807274306,0.1066249836586722,-0.0732002779841423,0.36930590867996216
arou,13,0.15002671915751237,0.10443806159882585,0.004192449152469635,0.3429674804210663
calls,2,0.14934243261814117,0.014300599694252014,0.13504183292388916,0.1636430323123932
report,32,0.1476052908692509,0.1371716258516062,-0.17476841807365417,0.3873094916343689
hot,1,0.147163525223732,0.0,0.147163525223732,0.147163525223732
crew,39,0.14654169222101188,0.09168936253828035,-0.04286552965641022,0.39197826385498047
oids,109,0.1457953289270811,0.13770719568108686,-0.2833402752876282,0.45926350355148315
overt,1,0.14325857162475586,0.0,0.14325857162475586,0.14325857162475586
let,9,0.14298563367790645,0.24039228986431407,-0.31376662850379944,0.5413011908531189
round,12,0.14176327797273794,0.07246039545146217,0.01387111097574234,0.25044673681259155
didn,24,0.1411202079616487,0.09723644922933598,-0.05822385847568512,0.38664788007736206
page,3,0.14075626681248346,0.02940908871838638,0.115776926279068,0.18204465508460999
ITOR,7,0.13946024860654557,0.08349123680838066,0.055375516414642334,0.33528274297714233
Upload,69,0.13834932360096255,0.20791832283935105,-0.187707781791687,0.9110527038574219
eject,30,0.1381398808211088,0.05417075956935675,-0.022407405078411102,0.22738052904605865
killings,9,0.13694814095894495,0.18649571773673704,-0.26414549350738525,0.3563823699951172
living,1,0.1365644931793213,0.0,0.1365644931793213,0.1365644931793213
flags,2,0.13621517084538937,0.10452885366976261,0.031686317175626755,0.24074402451515198
necess,2,0.13598661124706268,0.025045260787010193,0.11094135046005249,0.16103187203407288
ost,1683,0.13516133723075519,0.0881702675736724,-0.3205970525741577,0.31793859601020813
reports,3,0.13485191265741983,0.025743341840907655,0.09862108528614044,0.15606164932250977
diverted,3,0.1347478230794271,0.1264165499269299,0.04535782337188721,0.31352782249450684
wasted,1,0.13448816537857056,0.0,0.13448816537857056,0.13448816537857056
grouped,1,0.13426345586776733,0.0,0.13426345586776733,0.13426345586776733
vent,304,0.13384722991797485,0.0805227743245546,-0.31292974948883057,0.3397524356842041
voted,2,0.13383556623011827,0.10837273579090834,0.025462830439209938,0.2422083020210266
heard,4,0.13190175220370293,0.035598498695791674,0.08237804472446442,0.18279588222503662
Hey,2,0.13088739663362503,0.0647101029753685,0.06617729365825653,0.19559749960899353
memory,3,0.12980558474858603,0.05750882281917482,0.050475627183914185,0.18499362468719482
af,21,0.12951139662237393,0.16741886998812325,-0.29523736238479614,0.4445730149745941
haven,20,0.12945717545226215,0.1692774841883603,-0.38732239603996277,0.40511471033096313
vigil,3,0.12875938415527344,0.053895952097368124,0.053969934582710266,0.17888455092906952
urgently,1,0.1287354677915573,0.0,0.1287354677915573,0.1287354677915573
Gar,303,0.12828252197430767,0.14191249573117504,-0.24700459837913513,0.5120331645011902
ded,1,0.12821675837039948,0.0,0.12821675837039948,0.12821675837039948
timestep,179,0.12805545996021292,0.09876427682160052,-0.11409857124090195,0.2991279363632202
discovering,1,0.12639719247817993,0.0,0.12639719247817993,0.12639719247817993
plans,75,0.12575914219021797,0.22049695115467546,-0.4541625380516052,0.662198543548584
performed,3,0.1253300110499064,0.09280996473306116,-0.0007968097925186157,0.2198505848646164
trustworthy,1,0.12512314319610596,0.0,0.12512314319610596,0.12512314319610596
killing,326,0.12487143789778,0.16146581322807488,-0.45362335443496704,0.6694948673248291
ging,1,0.12466602027416229,0.0,0.12466602027416229,0.12466602027416229
lone,21,0.12457920752820514,0.06629591633116122,-0.03439225256443024,0.2175588309764862
Cal,62,0.1243320478186492,0.13462262458549307,-0.21594233810901642,0.3727063536643982
conflict,1,0.12411467730998993,0.0,0.12411467730998993,0.12411467730998993
pursue,3,0.12393605709075928,0.0598733471720007,0.052441343665122986,0.1989721655845642
history,41,0.12386245821125624,0.08903930472648644,-0.03655896708369255,0.34245485067367554
Before,3,0.12371588995059331,0.06971772101538508,0.07017015665769577,0.2221859097480774
assignment,4,0.12362043932080269,0.057420978454338245,0.026057332754135132,0.1742013543844223
parity,1,0.12352371215820312,0.0,0.12352371215820312,0.12352371215820312
rim,2,0.12219875305891037,0.005816854536533356,0.11638189852237701,0.12801560759544373
undertake,1,0.12217897921800613,0.0,0.12217897921800613,0.12217897921800613
vents,70,0.1216423193791083,0.09111230351531234,-0.23661255836486816,0.32110321521759033
ifying,1,0.11989195644855499,0.0,0.11989195644855499,0.11989195644855499
intercept,1,0.11931469291448593,0.0,0.11931469291448593,0.11931469291448593
transit,1,0.11835726350545883,0.0,0.11835726350545883,0.11835726350545883
lowering,1,0.11803489923477173,0.0,0.11803489923477173,0.11803489923477173
adjusting,1,0.11799542605876923,0.0,0.11799542605876923,0.11799542605876923
specifics,1,0.11739308387041092,0.0,0.11739308387041092,0.11739308387041092
efforts,44,0.11580789182335138,0.20318508039643843,-0.27663350105285645,0.6285690069198608
corridors,2,0.11534248292446136,0.10365743935108185,0.011685043573379517,0.2189999222755432
speak,10,0.11515642646700144,0.08639264542603747,-0.01509936898946762,0.24165353178977966
React,236,0.11374890425842318,0.15051351427687934,-0.30160707235336304,0.5710837244987488
repercussions,9,0.11309633238448037,0.14965438476525747,-0.1860104501247406,0.4056023359298706
systems,2,0.11280294135212898,0.029137443751096725,0.08366549760103226,0.1419403851032257
needs,3,0.11266544461250305,0.19773638802006333,-0.16384482383728027,0.2870602011680603
task,4318,0.11255941123409596,0.1895308820718304,-0.5427770018577576,0.7788344025611877
grouping,1,0.11138227581977844,0.0,0.11138227581977844,0.11138227581977844
For,63,0.11121994440281202,0.09327154841197435,-0.07733738422393799,0.3409098982810974
Empty,473,0.11105222126811616,0.13466885029951597,-0.2636936902999878,0.51346755027771
Hi,2,0.11104437336325645,0.02461204305291176,0.0864323303103447,0.1356564164161682
seriousness,1,0.10969056189060211,0.0,0.10969056189060211,0.10969056189060211
looking,18,0.10922800128658612,0.08495997987001307,-0.07696263492107391,0.22517412900924683
themselves,8,0.10874756146222353,0.15382300890592707,-0.12885436415672302,0.2641947865486145
Cameras,5,0.10870932266116143,0.07618544008148882,0.0007276684045791626,0.22877103090286255
Engine,1333,0.10860688382772267,0.21682049697529693,-0.5297545790672302,0.7701318264007568
cameras,18,0.10859167120522922,0.13530522047121932,-0.125932514667511,0.30595701932907104
bay,889,0.10832263212504349,0.16969209883012212,-0.3521251380443573,0.6939839124679565
ized,2,0.10791242122650146,0.6021550893783569,-0.49424266815185547,0.7100675106048584
Sw,2,0.10773616284132004,0.0754891112446785,0.03224705159664154,0.18322527408599854
Electrical,1056,0.10696350073990427,0.1832493193154759,-0.3655843734741211,0.6678404808044434
Perhaps,9,0.10693425022893482,0.08316288321441408,-0.051697105169296265,0.24166029691696167
al,51,0.10640400198890883,0.12146536164951477,-0.15797410905361176,0.4084278643131256
Fix,1802,0.10625649531465954,0.1790008804695235,-0.3571365475654602,0.6780920028686523
Thinking,1694,0.1050903564044126,0.04937908954645824,-0.03694517910480499,0.26849502325057983
focused,6,0.10497524589300156,0.15622222609664368,-0.09509392827749252,0.3352581858634949
fake,384,0.10483601934295923,0.0950513468888519,-0.29631149768829346,0.45123088359832764
Viewing,9,0.10466677985257572,0.10172922052259373,-0.0692950114607811,0.25290438532829285
At,14,0.10359703642981392,0.07880947914468038,-0.01821494847536087,0.26229041814804077
Vent,70,0.10280221322817462,0.14753741238625862,-0.44609370827674866,0.2701728940010071
kills,47,0.10278240797367502,0.1735917576121579,-0.4025367498397827,0.32899796962738037
arous,124,0.1027662802953273,0.06989740204589649,-0.09963174909353256,0.24526812136173248
trans,2,0.1026949305087328,0.04244421236217022,0.060250718146562576,0.14513914287090302
portion,1,0.10157263278961182,0.0,0.10157263278961182,0.10157263278961182
solo,32,0.10105585161363706,0.07793467505054433,-0.07243634760379791,0.2524348497390747
reluctance,1,0.10050506889820099,0.0,0.10050506889820099,0.10050506889820099
detected,219,0.10020756889900116,0.0831815037200283,-0.2833767235279083,0.27440232038497925
ions,2,0.09997472912073135,0.01377549022436142,0.08619923889636993,0.11375021934509277
tell,10,0.09959860146045685,0.17803886577584951,-0.2064555138349533,0.33190518617630005
Unlock,30,0.09932009770224491,0.10199605666758639,-0.11435618996620178,0.3616882562637329
quired,1,0.09912125021219254,0.0,0.09912125021219254,0.09912125021219254
watched,2,0.09884972125291824,0.0016951188445091248,0.09715460240840912,0.10054484009742737
discussed,5,0.09880378842353821,0.13783559772475112,-0.07684734463691711,0.30078473687171936
wis,1,0.09657087922096252,0.0,0.09657087922096252,0.09657087922096252
unusual,43,0.09648527230980784,0.197771955235562,-0.22254157066345215,0.6032126545906067
don,98,0.09545729786385687,0.1031406319807733,-0.11096825450658798,0.37012791633605957
Accept,411,0.09423408015130355,0.15964323678646616,-0.30891910195350647,0.6284469962120056
doesn,65,0.09419439758818883,0.12659263313411603,-0.10498534142971039,0.4062756299972534
involvement,5,0.0941617414355278,0.1128079717593704,-0.023403726518154144,0.2699946165084839
concerned,7,0.09354548369135175,0.26392445964060485,-0.33031165599823,0.5433864593505859
',579,0.09296596753016913,0.14590317758356466,-0.30021291971206665,0.7351821660995483
reass,13,0.09256874469037239,0.14113554704491643,-0.08816538751125336,0.3410714864730835
mix,1,0.0924316793680191,0.0,0.0924316793680191,0.0924316793680191
care,1,0.09243004024028778,0.0,0.09243004024028778,0.09243004024028778
objectives,28,0.09227104711213283,0.2160435168101731,-0.23793521523475647,0.5217692852020264
activities,169,0.09168206167423866,0.12833660374384756,-0.3117004334926605,0.550560474395752
Sh,9,0.09150122851133347,0.09006874741439581,-0.035146020352840424,0.2562791109085083
showing,3,0.09092505276203156,0.12258452596265547,-0.030684329569339752,0.25872889161109924
-p,3,0.09039906909068425,0.07999013821032776,-0.0030683279037475586,0.19231897592544556
visit,14,0.09029070447598185,0.13987470838144192,-0.13639438152313232,0.4630759358406067
inform,15,0.0899544840057691,0.17191770341743354,-0.4782549738883972,0.22896479070186615
ETING,16,0.08939400466624647,0.10046359529376377,-0.08728308975696564,0.30320024490356445
Re,8,0.0885406588204205,0.06991256793412294,0.012710988521575928,0.20918810367584229
impost,65,0.08810568411762898,0.08897578769639601,-0.16280077397823334,0.20927013456821442
Submit,71,0.08742555881470022,0.11971475976534095,-0.16347911953926086,0.3738553524017334
seeing,2,0.08719406835734844,0.1033881176263094,-0.016194049268960953,0.19058218598365784
complicated,1,0.08705132454633713,0.0,0.08705132454633713,0.08705132454633713
Clear,109,0.08610147683787236,0.12626780944074814,-0.1658356636762619,0.47209084033966064
end,1,0.08580217510461807,0.0,0.08580217510461807,0.08580217510461807
allegedly,5,0.08508708626031876,0.051893090043748605,0.04156788811087608,0.18302446603775024
team,41,0.08486580535224299,0.08429273744454614,-0.06468755006790161,0.289218932390213
An,1,0.08485162258148193,0.0,0.08485162258148193,0.08485162258148193
kill,524,0.08466356977436493,0.1498291244246665,-0.4774452745914459,0.5326794385910034
witnesses,90,0.08448543664481904,0.10957435877601594,-0.1740604043006897,0.3118327260017395
minutes,1,0.08395659178495407,0.0,0.08395659178495407,0.08395659178495407
et,23,0.08327496489105017,0.05601440571780088,-0.048855770379304886,0.18751779198646545
statements,7,0.08326729812792369,0.04311127263674329,-0.003540225327014923,0.15442165732383728
cooperation,4,0.08297673240303993,0.0836361749305005,-0.0383683480322361,0.18253737688064575
active,3,0.08262993022799492,0.08272826913509193,-0.031217660754919052,0.16289883852005005
",""",115,0.082464455999434,0.14109837228390207,-0.25838151574134827,0.44290876388549805
There,70,0.08181455108736242,0.09244817490315878,-0.23542802035808563,0.3164011836051941
ship,146,0.0810790662589955,0.09962450103109326,-0.2359946370124817,0.31111034750938416
rest,1,0.08085610717535019,0.0,0.08085610717535019,0.08085610717535019
ahead,1,0.0807017982006073,0.0,0.0807017982006073,0.0807017982006073
your,25,0.08033731132745743,0.17243690728718788,-0.2284393608570099,0.5591412782669067
revisit,1,0.08008288592100143,0.0,0.08008288592100143,0.08008288592100143
rather,6,0.0800031249721845,0.27003467359800315,-0.34397047758102417,0.4236779808998108
O,372,0.07982105530437923,0.12527374305636604,-0.3268633484840393,0.48540252447128296
Storage,254,0.07918883351183782,0.13279429944642493,-0.3538406491279602,0.4325847923755646
Admin,3174,0.07907108662394124,0.17405881484707297,-0.36431366205215454,0.5294246673583984
ily,1,0.07887306809425354,0.0,0.07887306809425354,0.07887306809425354
functionality,3,0.07817753528555234,0.043079867756275876,0.04738404601812363,0.13910046219825745
phase,424,0.07810122358287631,0.11525078624864438,-0.3921942114830017,0.4571213722229004
laying,1,0.07778824865818024,0.0,0.07778824865818024,0.07778824865818024
enhance,2,0.07588562928140163,0.08646347559988499,-0.010577846318483353,0.16234910488128662
notable,8,0.07562003936618567,0.05335365088968894,0.006439521908760071,0.19266772270202637
able,17,0.07544992962742553,0.08281723238927004,-0.1328149139881134,0.1919519156217575
monitor,32,0.07539566839113832,0.2820107613297465,-0.43560338020324707,0.44536489248275757
isol,22,0.07537955206564882,0.11638933375718917,-0.1941343992948532,0.30838915705680847
opport,8,0.07537035457789898,0.10216027700849395,-0.15145279467105865,0.19022689759731293
passive,1,0.07499547302722931,0.0,0.07499547302722931,0.07499547302722931
process,8,0.07474806904792786,0.21426132039950066,-0.3046388328075409,0.1984284371137619
voting,13,0.07470478805211875,0.1382549295205753,-0.19481942057609558,0.3139933943748474
death,23,0.07434152366350526,0.1689950693090297,-0.338327556848526,0.3356531262397766
note,10,0.0736792467534542,0.15284013005028563,-0.24659371376037598,0.22928690910339355
develops,1,0.07364930212497711,0.0,0.07364930212497711,0.07364930212497711
duration,7,0.073591163115842,0.06752636864684153,-0.011542275547981262,0.21344712376594543
piece,6,0.07307092659175396,0.07973083814589581,-0.03560176119208336,0.18387746810913086
Have,2,0.07306741178035736,0.19368942081928253,-0.12062200903892517,0.2667568325996399
T,67,0.07292063832422023,0.09545822915930981,-0.13057319819927216,0.3011435270309448
cafeteria,2,0.07279136031866074,0.022660285234451294,0.05013107508420944,0.09545164555311203
pired,2,0.07224594429135323,0.006349686533212662,0.06589625775814056,0.07859563082456589
result,9,0.07163788398934735,0.03192535341746313,0.007272461429238319,0.11566295474767685
'd,35,0.07134918128805501,0.16419780842985615,-0.19498854875564575,0.47694551944732666
coordinating,9,0.07097790969742669,0.15650113098990123,-0.13750018179416656,0.4249052107334137
lime,332,0.06991496627185359,0.1386501430776359,-0.30372607707977295,0.40375882387161255
figure,2,0.06985648721456528,0.07192312926054001,-0.0020666420459747314,0.14177961647510529
contributing,15,0.06975094707061848,0.16204682542596704,-0.2573731541633606,0.33495062589645386
""",",21,0.06971945782147702,0.16813740765408597,-0.2485417276620865,0.46342068910598755
confront,1,0.0696735829114914,0.0,0.0696735829114914,0.0696735829114914
player,287,0.06910167681864537,0.12734198206678618,-0.3262849748134613,0.44140031933784485
headed,4,0.06885028909891844,0.06834910694806982,-0.04171111807227135,0.14333400130271912
overlaps,3,0.06879726548989613,0.12434461483854428,-0.10704289376735687,0.15831536054611206
And,7,0.06830431520938873,0.1511061052341948,-0.12280157208442688,0.31044167280197144
f,5,0.06789532899856568,0.10758904112340004,-0.08668999373912811,0.17582863569259644
incidents,9,0.06784256796042125,0.0942152352184055,-0.06434366106987,0.2767573297023773
reported,134,0.0670634910061177,0.09514033810071235,-0.1799009144306183,0.30422425270080566
-connected,7,0.06682410583432231,0.10021606896430539,-0.1309279054403305,0.20871827006340027
aside,6,0.0666263277331988,0.08247896155064097,-0.04359377175569534,0.18454793095588684
public,6,0.06645752117037773,0.07455042666261012,-0.05581030249595642,0.15912219882011414
Caf,3094,0.0663857043891755,0.1791059577145773,-0.37466999888420105,0.6002095341682434
misunderstand,5,0.06638039052486419,0.031021602069456193,0.010938413441181183,0.10361290723085403
raising,179,0.06637014158319827,0.09907970898546438,-0.3524971008300781,0.2927578091621399
isolated,52,0.06636413917518579,0.11005472479114246,-0.23042355477809906,0.2879270017147064
trail,2,0.06622247584164143,0.027902981266379356,0.03831949457526207,0.09412545710802078
ILL,45,0.06550104709135161,0.08535415747182751,-0.061410944908857346,0.4019288718700409
conven,2,0.06452624127268791,0.06432997062802315,0.0001962706446647644,0.12885621190071106
taken,247,0.06447760653700906,0.08696731604168258,-0.3963254392147064,0.3147326707839966
However,601,0.06323439847002311,0.0733756893577246,-0.11438954621553421,0.28979820013046265
jection,70,0.06302975080907344,0.04813307140886188,-0.05298149585723877,0.1969945728778839
Hello,23,0.06255505063935467,0.11375714926349795,-0.11782047152519226,0.27973490953445435
planned,20,0.06248957924544811,0.18396635331851102,-0.22447116672992706,0.42320147156715393
encounter,15,0.06211453825235367,0.09003662310680731,-0.07334963977336884,0.2096235305070877
visible,2,0.06204557418823242,0.01709151268005371,0.04495406150817871,0.07913708686828613
mis,4,0.061738976277410984,0.023156563407831534,0.028251733630895615,0.08769620954990387
identified,15,0.06158863455057144,0.1420155481755487,-0.18829239904880524,0.27117764949798584
involved,5,0.061433086171746254,0.15140120141072846,-0.09944339096546173,0.2402622252702713
isn,2,0.06049505993723869,0.04196977987885475,0.01852528005838394,0.10246483981609344
previously,11,0.05983426692810925,0.09846812664073198,-0.13968238234519958,0.19173456728458405
deaths,18,0.05940799332327313,0.08552584295406629,-0.09018000960350037,0.19233669340610504
dispersed,3,0.059348865101734795,0.032991943137172006,0.017225105315446854,0.0977858453989029
together,78,0.059214646235490456,0.1859851198121668,-0.31601834297180176,0.6028684973716736
mate,571,0.058740837355967995,0.14200166788786975,-0.3491349518299103,0.3732638657093048
shortly,1,0.05865682661533356,0.0,0.05865682661533356,0.05865682661533356
Three,2,0.05812669359147549,0.07304664887487888,-0.014919955283403397,0.13117334246635437
transparency,4,0.05811412911862135,0.07272890063102713,-0.03489360585808754,0.14777986705303192
monitored,1,0.057889025658369064,0.0,0.057889025658369064,0.057889025658369064
vicinity,6,0.05783110360304514,0.1659274255834353,-0.08012768626213074,0.3717617988586426
fixing,6,0.05779181172450384,0.25269599192224834,-0.18386487662792206,0.5061012506484985
Speaking,2,0.05768868140876293,0.008409636095166206,0.049279045313596725,0.06609831750392914
connection,3,0.057596554358800255,0.1835959127811765,-0.07266800105571747,0.3172398805618286
idle,1,0.05741526931524277,0.0,0.05741526931524277,0.05741526931524277
observ,3,0.05721206218004227,0.03834605132174577,0.011961080133914948,0.10571980476379395
overlapping,1,0.057058364152908325,0.0,0.057058364152908325,0.057058364152908325
pairs,2,0.056709446012973785,0.15300440043210983,-0.09629495441913605,0.20971384644508362
terms,14,0.05596461359943662,0.036925695097530006,0.004841223359107971,0.12336187064647675
effectively,16,0.055542932357639074,0.148762439264842,-0.2186979353427887,0.29228484630584717
witnessing,7,0.05536715579884393,0.14584222839729502,-0.23320822417736053,0.20902781188488007
priorit,9,0.05533935709132089,0.16121596159832688,-0.09952037781476974,0.4719000458717346
actor,8,0.0551993390545249,0.13615860876425173,-0.1702103316783905,0.26091790199279785
FA,104,0.05500895889977423,0.09365774159612374,-0.22395963966846466,0.2570863962173462
working,231,0.05490982530485371,0.15778359301126227,-0.34177958965301514,0.5347654223442078
interfering,4,0.05476779956370592,0.1851679458352627,-0.1709602177143097,0.3196234107017517
profile,6,0.05473462057610353,0.050996474063227375,-0.048147011548280716,0.1210905909538269
Killing,71,0.054700787848150224,0.16652269767256608,-0.3821850121021271,0.2974171042442322
arise,1,0.054420094937086105,0.0,0.054420094937086105,0.054420094937086105
needed,23,0.05438006458723027,0.1380532026247122,-0.19598226249217987,0.2959612011909485
inconsistent,1,0.05429937690496445,0.0,0.05429937690496445,0.05429937690496445
occurring,2,0.05323163419961929,0.038698889315128326,0.014532744884490967,0.09193052351474762
normally,2,0.05314176343381405,0.012959146872162819,0.04018261656165123,0.06610091030597687
empty,5,0.05294808149337769,0.21163879801653343,-0.24679036438465118,0.2881316542625427
discussion,75,0.05294562518596649,0.17670378636722417,-0.3575109839439392,0.42828214168548584
deal,1,0.05277347192168236,0.0,0.05277347192168236,0.05277347192168236
simultaneously,3,0.05277265359958013,0.11787283563871603,-0.041830383241176605,0.218938410282135
leading,9,0.05211138269967503,0.14018815175224456,-0.17921096086502075,0.29826825857162476
ected,23,0.05163931320218936,0.09678948649827392,-0.1255026012659073,0.22540560364723206
minim,19,0.0514125084798587,0.1242603219902968,-0.23496997356414795,0.19750839471817017
everyone,46,0.05121807324821535,0.15955695721811897,-0.31528905034065247,0.43652382493019104
exiting,1,0.05094305798411369,0.0,0.05094305798411369,0.05094305798411369
discrepancies,2,0.05061499774456024,0.14390318095684052,-0.09328818321228027,0.19451817870140076
intelligence,1,0.050478316843509674,0.0,0.050478316843509674,0.050478316843509674
according,1,0.05045616254210472,0.0,0.05045616254210472,0.05045616254210472
significant,384,0.050401767536338106,0.07006986589449025,-0.4407244920730591,0.21732968091964722
deflect,28,0.04975255512233291,0.11376831479186907,-0.18045109510421753,0.28014862537384033
level,13,0.04943768579799395,0.06595624430604857,-0.07481007277965546,0.2116745561361313
ejected,67,0.04933870378047673,0.051870645499944724,-0.10193310678005219,0.2558828294277191
thought,4,0.04823759198188782,0.07710999095641612,-0.06047099828720093,0.14729085564613342
One,3,0.048169683665037155,0.05121668126006806,0.006792716681957245,0.12034294754266739
private,4,0.047605110332369804,0.06771197522209849,-0.060638949275016785,0.125940203666687
been,1140,0.04715081701185881,0.12814881338035716,-0.35352015495300293,0.4408438801765442
advantages,1,0.046763963997364044,0.0,0.046763963997364044,0.046763963997364044
fulfilling,1,0.04637768864631653,0.0,0.04637768864631653,0.04637768864631653
intermediate,1,0.046236492693424225,0.0,0.046236492693424225,0.046236492693424225
Moreover,4,0.04559914208948612,0.08421487169908204,-0.09999842941761017,0.10185413807630539
actions,1473,0.045185122567495156,0.12769209649670513,-0.47153782844543457,0.46614110469818115
accuse,7,0.04482554857219968,0.10430613809911116,-0.14008627831935883,0.2170218825340271
strategies,27,0.0447657943047859,0.211537766334264,-0.30303239822387695,0.7562936544418335
what,65,0.04424910763135323,0.1626172485430317,-0.2750154733657837,0.46429193019866943
innocent,7,0.04391726638589587,0.09880974839309123,-0.14788800477981567,0.14824330806732178
side,4,0.04391119070351124,0.1413752551768942,-0.14103032648563385,0.21700270473957062
-path,1,0.042662832885980606,0.0,0.042662832885980606,0.042662832885980606
preparing,1,0.04256345331668854,0.0,0.04256345331668854,0.04256345331668854
AK,93,0.04242155516660342,0.05821134499102303,-0.08638229966163635,0.2338070571422577
part,50,0.042204592786729334,0.06721808911645669,-0.10256598144769669,0.2172963172197342
interruptions,1,0.04189303517341614,0.0,0.04189303517341614,0.04189303517341614
witnessed,16,0.04110789194237441,0.10832011180398265,-0.10901349037885666,0.28354206681251526
drawing,50,0.040796189568936825,0.11797948270977436,-0.3058905005455017,0.2626751959323883
present,113,0.040715222733210675,0.13479711440291875,-0.4012604355812073,0.31898561120033264
"""",1342,0.040570506865253056,0.1699121405562671,-0.4863329529762268,0.6252261400222778
und,23,0.04036815294429012,0.11574496992893901,-0.17701098322868347,0.2258346676826477
adjacent,1,0.04031522199511528,0.0,0.04031522199511528,0.04031522199511528
mention,1,0.03962099179625511,0.0,0.03962099179625511,0.03962099179625511
contradict,1,0.03946375846862793,0.0,0.03946375846862793,0.03946375846862793
dev,3,0.03915036221345266,0.08059151734573995,-0.07096045464277267,0.11968507617712021
fashion,1,0.0389963835477829,0.0,0.0389963835477829,0.0389963835477829
arrival,1,0.03872191905975342,0.0,0.03872191905975342,0.03872191905975342
players,3412,0.03867741537980238,0.10458661443627545,-0.40644052624702454,0.46444302797317505
concerns,9,0.038370815416177116,0.23006226708461353,-0.206305593252182,0.4407554566860199
testimony,3,0.03818248771131039,0.12158989011314233,-0.0985153540968895,0.1968720257282257
cause,28,0.03777118931923594,0.06936679535886087,-0.07589954137802124,0.21340346336364746
Not,15,0.03756653902431329,0.04351659837685801,-0.04907943680882454,0.10915758460760117
Current,3,0.0373457670211792,0.018471047323844175,0.017472270876169205,0.06196422129869461
their,653,0.03729338063266568,0.17232036083731955,-0.3052961528301239,0.9042743444442749
killed,179,0.037158818468035267,0.14978389772299316,-0.3607614040374756,0.42771631479263306
body,60,0.03703973501299818,0.1570020976439351,-0.3525504171848297,0.43442249298095703
stated,2,0.036754874512553215,0.016006672754883766,0.02074820175766945,0.05276154726743698
accordingly,2,0.036665504798293114,0.015325186774134636,0.021340318024158478,0.05199069157242775
mim,2,0.036306219175457954,0.007916098460555077,0.028390120714902878,0.04422231763601303
the,9744,0.036252396320006604,0.15632543138041455,-0.6492940187454224,0.5509190559387207
populated,44,0.03574795843186704,0.06569810326694615,-0.11596997082233429,0.1741475760936737
button,97,0.03534267205245716,0.13596195734061509,-0.3603697419166565,0.29740434885025024
transparent,3,0.03526472796996435,0.18075865122925064,-0.10936928540468216,0.290122926235199
""".",24,0.03496229198450843,0.11387264287993575,-0.16511091589927673,0.23200856149196625
unwanted,1,0.0348813571035862,0.0,0.0348813571035862,0.0348813571035862
We,138,0.034375346441199814,0.08919740431248796,-0.3337996304035187,0.4137839078903198
they,222,0.03394424066216022,0.1527511887996745,-0.30603715777397156,0.46686750650405884
parts,80,0.033751089591532946,0.07802173434104462,-0.12976443767547607,0.2614745497703552
aim,9,0.03334256344371372,0.14804356139864996,-0.10922440141439438,0.38119515776634216
operate,1,0.0327003076672554,0.0,0.0327003076672554,0.0327003076672554
areas,100,0.03228504152968526,0.16472860816077353,-0.35613876581192017,0.6527286767959595
list,32,0.032127721642609686,0.10656763192705315,-0.32322216033935547,0.2954859137535095
earliest,1,0.031653016805648804,0.0,0.031653016805648804,0.031653016805648804
spending,1,0.031547918915748596,0.0,0.031547918915748596,0.031547918915748596
eteria,3115,0.03153439472260531,0.13102501664323515,-0.43594008684158325,0.6340357661247253
I,5900,0.031188992561054243,0.10633487833350035,-0.4656262993812561,0.6155536770820618
victim,2,0.031044840812683105,0.2766879200935364,-0.24564307928085327,0.3077327609062195
dealing,1,0.030906766653060913,0.0,0.030906766653060913,0.030906766653060913
afterward,7,0.03059310040303639,0.11481374255794712,-0.12508845329284668,0.24295058846473694
rooms,228,0.03044002316892147,0.09865545593903378,-0.31690090894699097,0.28243646025657654
Initially,15,0.030439469094077746,0.08756023632211811,-0.1741948425769806,0.23413953185081482
events,469,0.030167354528964963,0.07623081601397183,-0.25684231519699097,0.17318308353424072
initi,1,0.02950611710548401,0.0,0.02950611710548401,0.02950611710548401
there,475,0.02935670155835779,0.17115703527830067,-0.369476318359375,0.7024884223937988
few,5,0.028582049906253813,0.25202169417432513,-0.17719262838363647,0.48767557740211487
encounters,4,0.028274467680603266,0.05860475379176341,-0.06266100704669952,0.08594983071088791
possibilities,1,0.028234735131263733,0.0,0.028234735131263733,0.028234735131263733
pick,3,0.02783297747373581,0.06091839951693754,-0.045298121869564056,0.10383783280849457
foul,4,0.027823787182569504,0.07505034602169317,-0.0833786278963089,0.10504098236560822
story,6,0.02782289683818817,0.10834394162145496,-0.11274631321430206,0.2199767827987671
maxim,6,0.027158939590056736,0.039088509159855525,-0.01870146580040455,0.06917230039834976
Observ,6,0.026953389247258503,0.09402830388723803,-0.1430300921201706,0.11847032606601715
dead,79,0.026829866951779476,0.15956083963357431,-0.4480513036251068,0.3182322382926941
fewer,14,0.02678909312401499,0.11336910665509077,-0.19759702682495117,0.2237483412027359
forward,1,0.02638944238424301,0.0,0.02638944238424301,0.02638944238424301
cyan,352,0.025959467531224203,0.14807520934023383,-0.444278359413147,0.3888183534145355
Still,1,0.025942102074623108,0.0,0.025942102074623108,0.025942102074623108
outnumber,1,0.025775045156478882,0.0,0.025775045156478882,0.025775045156478882
do,60,0.025542427382121483,0.1780741849740927,-0.4377998113632202,0.47145700454711914
respond,36,0.025515020100606814,0.15732742513367487,-0.19886299967765808,0.3671521544456482
third,12,0.025458785394827526,0.16877369346443818,-0.2092142254114151,0.46365517377853394
assist,5,0.025444847345352174,0.29898761526752704,-0.1867426037788391,0.6112077236175537
Lower,281,0.025180563748254045,0.12611922841308676,-0.390692800283432,0.4277915954589844
was,126,0.024932434250201498,0.18297048217584896,-0.3487722873687744,0.6158208250999451
unnecessarily,5,0.024897870421409608,0.10354577035652088,-0.13303682208061218,0.1487448364496231
others,90,0.024716352857649327,0.14612314916763466,-0.34623536467552185,0.3933835029602051
doing,574,0.023690972766004997,0.15505079859143267,-0.4149869382381439,0.6761248111724854
checked,1,0.02367645874619484,0.0,0.02367645874619484,0.02367645874619484
being,724,0.02333918751863176,0.15973041712550098,-0.47388604283332825,0.4149675667285919
saw,19,0.023223104641625757,0.1684895157379149,-0.19695934653282166,0.37485575675964355
someone,77,0.023131921064931078,0.14463551320774234,-0.25722789764404297,0.3713874816894531
speech,1,0.022915944457054138,0.0,0.022915944457054138,0.022915944457054138
Players,908,0.02267119930523739,0.11755169609244961,-0.4016413688659668,0.38788336515426636
sharing,62,0.022223251451167367,0.187765145094214,-0.35125285387039185,0.5261923670768738
travel,12,0.021867571709056694,0.06715973412107756,-0.0810290277004242,0.13439211249351501
On,91,0.021765525196934796,0.08937911594465345,-0.23730331659317017,0.2559586465358734
walking,1,0.02141530066728592,0.0,0.02141530066728592,0.02141530066728592
off,35,0.021190024273736136,0.13517257592689744,-0.2980857193470001,0.19242355227470398
Has,15,0.021141302833954493,0.15826121313642869,-0.23070764541625977,0.3073224425315857
detailed,1,0.020619094371795654,0.0,0.020619094371795654,0.020619094371795654
ers,1,0.020201247185468674,0.0,0.020201247185468674,0.020201247185468674
Elect,37,0.020103747956454754,0.08952384196024574,-0.18746867775917053,0.21459749341011047
routes,16,0.01997319213114679,0.19526011393927403,-0.401286244392395,0.41810911893844604
details,17,0.019954925074296838,0.1339726118640644,-0.33329296112060547,0.2956368327140808
killer,5,0.019555991888046263,0.12144457451352511,-0.18268848955631256,0.19961632788181305
")"",",2,0.019102536141872406,0.0968334749341011,-0.0777309387922287,0.11593601107597351
detection,31,0.018918249996439103,0.15180782215507263,-0.39824438095092773,0.21121490001678467
a,4661,0.01857713122053499,0.16543546573197226,-0.503358006477356,0.714160680770874
meet,3,0.018573748568693798,0.0508133289816868,-0.0468934029340744,0.07696917653083801
Consider,1,0.018345043063163757,0.0,0.018345043063163757,0.018345043063163757
went,4,0.018255768343806267,0.10605670049658054,-0.1285451054573059,0.1711217761039734
seeking,2,0.01818743348121643,0.1434026062488556,-0.12521517276763916,0.16159003973007202
far,24,0.017903306366254885,0.1673845979782063,-0.19010286033153534,0.45736628770828247
thereof,2,0.017901018261909485,0.0023334920406341553,0.01556752622127533,0.02023451030254364
past,11,0.01759468967264349,0.0612101392370461,-0.17596876621246338,0.036951035261154175
associated,2,0.017465848475694656,0.016609448939561844,0.0008563995361328125,0.0340752974152565
Upper,849,0.017316459848142906,0.15171773124194804,-0.493804395198822,0.6044343113899231
spoken,18,0.01678510455207692,0.10805551541781534,-0.15158197283744812,0.31295058131217957
passing,1,0.016617370769381523,0.0,0.016617370769381523,0.016617370769381523
encouraging,1,0.016444139182567596,0.0,0.016444139182567596,0.016444139182567596
classified,2,0.016405804082751274,0.07816802896559238,-0.06176222488284111,0.09457383304834366
ating,26,0.01625772465306979,0.13963875935488357,-0.15483596920967102,0.5290583968162537
adjustments,1,0.016166433691978455,0.0,0.016166433691978455,0.016166433691978455
50,3,0.01593171680967013,0.011038462887952504,0.004006043076515198,0.03061838448047638
harm,18,0.015778606964482203,0.08565820985998095,-0.119425930082798,0.16848808526992798
Furthermore,2,0.015465477481484413,0.016661329194903374,-0.0011958517134189606,0.03212680667638779
coordinate,40,0.015323657728731632,0.22556422660927541,-0.4092523455619812,0.49792516231536865
Our,37,0.015076491100763952,0.11202945353832723,-0.2641637921333313,0.2947995066642761
attack,2,0.014764077961444855,0.1434628888964653,-0.12869881093502045,0.15822696685791016
""")",2,0.014717109501361847,0.0541769415140152,-0.03945983201265335,0.06889405101537704
communicate,3,0.014690866072972616,0.10410054077868557,-0.12838436663150787,0.11626999080181122
call,108,0.014543613970831589,0.1537214700751001,-0.46095696091651917,0.46003663539886475
Comple,252,0.01443409010590542,0.10568895453436794,-0.4237181842327118,0.4195778965950012
room,1293,0.014002082242766556,0.12365228197816133,-0.3980817198753357,0.38958820700645447
watching,3,0.013858713209629059,0.13576919298997456,-0.1698039472103119,0.15417644381523132
disappearing,1,0.013423018157482147,0.0,0.013423018157482147,0.013423018157482147
SPE,1,0.01318025216460228,0.0,0.01318025216460228,0.01318025216460228
interact,15,0.013105098779002825,0.15242202376993377,-0.34472543001174927,0.2591078281402588
Does,10,0.012697744369506835,0.2079828184471636,-0.21536867320537567,0.4087478518486023
jump,3,0.012601938098669052,0.13663502649586332,-0.1447652280330658,0.1883956491947174
1,1577,0.012413324293909038,0.1273105369974793,-0.32858315110206604,0.37409836053848267
bodies,16,0.01205538515932858,0.13547195812060145,-0.3703976273536682,0.18365292251110077
event,5,0.011848632618784905,0.06529545515682234,-0.06579704582691193,0.13102148473262787
achieved,1,0.011764146387577057,0.0,0.011764146387577057,0.011764146387577057
divert,3,0.011242850373188654,0.04146328977206307,-0.03736851364374161,0.06394761800765991
context,7,0.011210703424045019,0.264764342668393,-0.35011807084083557,0.38437673449516296
priorities,3,0.011205217490593592,0.04985615525855402,-0.052901629358530045,0.06867887824773788
anyway,3,0.01112505296866099,0.10327818961004687,-0.13490042090415955,0.08678305149078369
disclosed,1,0.010985195636749268,0.0,0.010985195636749268,0.010985195636749268
blame,2,0.01096479594707489,0.10586082935333252,-0.09489603340625763,0.11682562530040741
scrutin,1,0.010410040616989136,0.0,0.010410040616989136,0.010410040616989136
occurred,237,0.010242552256785364,0.047463284893216696,-0.21182546019554138,0.2165195345878601
secluded,11,0.010209915990179235,0.13048229567027186,-0.30148959159851074,0.1793927550315857
did,12,0.010066919339199861,0.12376189576681951,-0.1613568663597107,0.20794564485549927
alarms,3,0.009769801050424576,0.11083968941199947,-0.1339840292930603,0.1357695609331131
ing,306,0.008984122230531343,0.19138037528895782,-0.502467155456543,0.6536926627159119
publicly,1,0.008365223184227943,0.0,0.008365223184227943,0.008365223184227943
set,13,0.008156467229127884,0.07125712850144642,-0.11622927337884903,0.09937065839767456
number,81,0.008064718687056023,0.101911017669816,-0.3363422453403473,0.288701593875885
it,2342,0.007957952378204777,0.13291862530669185,-0.493874192237854,0.5860342979431152
v,1,0.007777871564030647,0.0,0.007777871564030647,0.007777871564030647
decisions,9,0.0077274466554323835,0.22692067480649414,-0.25558146834373474,0.5193992853164673
locations,412,0.00762145347368804,0.1386395508803466,-0.4198121428489685,0.4521196782588959
pay,3,0.0074135785301526385,0.022766353986149165,-0.018348747864365578,0.03701859340071678
putting,5,0.00737498551607132,0.0883231055040678,-0.1598988175392151,0.09631074219942093
happening,2,0.007131665945053101,0.138311505317688,-0.1311798393726349,0.1454431712627411
Specifically,1,0.006962111219763756,0.0,0.006962111219763756,0.006962111219763756
sooner,7,0.006759786180087498,0.12430579135370237,-0.2626335620880127,0.14096304774284363
Action,1694,0.006705223594780092,0.05428487937368295,-0.20800192654132843,0.17403453588485718
Then,6,0.006653585781653722,0.05056715716941583,-0.08198250085115433,0.08275674283504486
It,103,0.006598411019421318,0.1245512671451283,-0.33715105056762695,0.5747523903846741
pass,2,0.006575442850589752,0.08888735622167587,-0.08231191337108612,0.09546279907226562
iate,1,0.006231248378753662,0.0,0.006231248378753662,0.006231248378753662
act,66,0.005927527535029433,0.1546035195971568,-0.29463356733322144,0.36372217535972595
neutral,1,0.005102626979351044,0.0,0.005102626979351044,0.005102626979351044
destinations,37,0.004918154379403269,0.09876654620327813,-0.17293283343315125,0.19301030039787292
activity,236,0.004264189463140348,0.12473031373776952,-0.41294705867767334,0.3040938079357147
Reporting,1,0.004196472465991974,0.0,0.004196472465991974,0.004196472465991974
seen,156,0.0030711233341254485,0.1359801112680881,-0.36631906032562256,0.35688918828964233
support,1,0.00288410484790802,0.0,0.00288410484790802,0.00288410484790802
->,51,0.0025749673299929675,0.14464572307148785,-0.34434014558792114,0.2609826922416687
lengths,5,0.002513544261455536,0.08010951588364619,-0.13797631859779358,0.10063408315181732
resources,1,0.0024309903383255005,0.0,0.0024309903383255005,0.0024309903383255005
these,113,0.0021147026424914333,0.180246986017969,-0.3975961208343506,0.6895475387573242
Multiple,10,0.001609155721962452,0.060558179423922144,-0.10260855406522751,0.10365133732557297
engaged,15,0.0015282342831293742,0.13875069606731716,-0.22018493711948395,0.27099406719207764
specify,2,0.001512974500656128,0.19789749383926392,-0.1963845193386078,0.19941046833992004
whole,1,0.001414993777871132,0.0,0.001414993777871132,0.001414993777871132
2,1465,0.0010868772705412968,0.18930230899507544,-0.38008207082748413,0.6339438557624817
equal,2,0.0009360723197460175,0.020989108830690384,-0.020053036510944366,0.0219251811504364
After,40,0.0009285179898142814,0.09970200450918515,-0.1279411017894745,0.2998642325401306
anything,80,0.0007426131516695023,0.21627536822451018,-0.4658043384552002,0.5698873400688171
them,331,0.0007168777917266972,0.15400264591654741,-0.3730863332748413,0.6876084804534912
you,81,0.0006990292695937333,0.19139044445581171,-0.3047267496585846,0.5730711221694946
collaborate,3,0.0006204297145207723,0.07746352749304422,-0.07115697115659714,0.10818130522966385
Let,15,0.0003694489598274231,0.14780313477478493,-0.20212829113006592,0.25113609433174133
centered,1,0.00014625489711761475,0.0,0.00014625489711761475,0.00014625489711761475
along,34,-0.00011784035493345822,0.12590239256237612,-0.22042419016361237,0.29115140438079834
victory,1,-0.00042223185300827026,0.0,-0.00042223185300827026,-0.00042223185300827026
emergencies,4,-0.0005328617990016937,0.043867464034885104,-0.047361329197883606,0.06871218234300613
suspicious,434,-0.0005813040148277985,0.1605723094505115,-0.5160460472106934,0.691064715385437
interactions,12,-0.0005894942830006281,0.11193665027470182,-0.10543614625930786,0.2249877154827118
crime,6,-0.0006094090640544891,0.23694475481892788,-0.41606488823890686,0.24291111528873444
shared,52,-0.0007316870614886284,0.1458600207708582,-0.29541030526161194,0.4272857904434204
proposing,1,-0.0008503347635269165,0.0,-0.0008503347635269165,-0.0008503347635269165
called,131,-0.0009563338324313855,0.14469469961830905,-0.5148561000823975,0.4092485308647156
soon,27,-0.0011396702654935696,0.21009422574469142,-0.3691087067127228,0.6965305209159851
access,6,-0.0016440047572056453,0.0770758766847315,-0.11431195586919785,0.11138304322957993
collective,1,-0.0017932392656803131,0.0,-0.0017932392656803131,-0.0017932392656803131
me,1974,-0.0019116225511330088,0.116373875551847,-0.45694035291671753,0.44330891966819763
we,446,-0.001985185117682133,0.13270709756844362,-0.3213748335838318,0.5793843269348145
guard,30,-0.0020537585020065307,0.07880203271030402,-0.15462201833724976,0.21146318316459656
creating,19,-0.002147582996832697,0.12428979118884736,-0.21935543417930603,0.17151926457881927
behaviors,114,-0.0027188631918346673,0.08667201824043044,-0.21082144975662231,0.21800893545150757
degree,2,-0.0032615959644317627,0.10823363810777664,-0.1114952340722084,0.10497204214334488
due,30,-0.0034743594005703926,0.16161863237982765,-0.464691162109375,0.2558111846446991
dangerous,5,-0.0037719324231147767,0.06904572781548969,-0.0773739293217659,0.12614969909191132
validate,1,-0.004231274127960205,0.0,-0.004231274127960205,-0.004231274127960205
iating,2,-0.004269681870937347,0.04706992208957672,-0.05133960396051407,0.042800240218639374
Several,1,-0.004280738532543182,0.0,-0.004280738532543182,-0.004280738532543182
term,1,-0.004317745566368103,0.0,-0.004317745566368103,-0.004317745566368103
course,52,-0.004697681297189915,0.1026614583577995,-0.22260276973247528,0.2733895480632782
relocation,1,-0.0051644667983055115,0.0,-0.0051644667983055115,-0.0051644667983055115
temporarily,2,-0.005330005660653114,0.045745765790343285,-0.0510757714509964,0.04041576012969017
monitoring,6,-0.005674298852682114,0.21821060818186472,-0.3084576725959778,0.2570454478263855
My,759,-0.006802450934221308,0.13229575869565963,-0.43952369689941406,0.47788017988204956
coming,2,-0.006997592747211456,0.06805814057588577,-0.07505573332309723,0.061060547828674316
sabotage,76,-0.007089296159775634,0.12378645069338046,-0.37123340368270874,0.1914197951555252
threats,7,-0.007576362362929753,0.07588674832854621,-0.11874022334814072,0.1225847452878952
Calling,133,-0.007830408198716944,0.12375356064188747,-0.38468706607818604,0.2660163938999176
listen,1,-0.00793624296784401,0.0,-0.00793624296784401,-0.00793624296784401
S,92,-0.008491194624777721,0.09059395274298648,-0.20255053043365479,0.23857545852661133
Imp,1683,-0.008617183406058692,0.1477198128181246,-0.5046097040176392,0.29693925380706787
ib,12,-0.008762163575738668,0.033123455076528675,-0.04964079707860947,0.07620282471179962
us,221,-0.008829530417008907,0.152806197050072,-0.3350626230239868,0.4850100874900818
respectively,33,-0.00922750478441065,0.13652408785874598,-0.20357218384742737,0.38196855783462524
collaborating,1,-0.009283803403377533,0.0,-0.009283803403377533,-0.009283803403377533
witness,26,-0.009523176659758274,0.141206247736474,-0.304813027381897,0.31068506836891174
isolate,248,-0.00973535476312522,0.09126547897931808,-0.3029066026210785,0.2415286898612976
rushed,1,-0.009759977459907532,0.0,-0.009759977459907532,-0.009759977459907532
discussing,35,-0.009994108176657131,0.1531245417659588,-0.2719409167766571,0.3468222916126251
Previously,13,-0.010118246221771607,0.08169354637763532,-0.1604028344154358,0.0936475396156311
alive,1,-0.011005058884620667,0.0,-0.011005058884620667,-0.011005058884620667
brown,341,-0.01150474097044412,0.1267310979446779,-0.49594739079475403,0.43924516439437866
such,50,-0.012137973383069038,0.1340920916268873,-0.33244532346725464,0.17220008373260498
stating,1,-0.012263394892215729,0.0,-0.012263394892215729,-0.012263394892215729
done,34,-0.012414982323260867,0.18136613747842653,-0.3709406554698944,0.6207384467124939
an,1465,-0.012538589720229646,0.16338245104738253,-0.5319539308547974,0.45071834325790405
usp,1,-0.01258493959903717,0.0,-0.01258493959903717,-0.01258493959903717
whom,1,-0.012588189914822578,0.0,-0.012588189914822578,-0.012588189914822578
assistance,1,-0.012608014047145844,0.0,-0.012608014047145844,-0.012608014047145844
rushing,2,-0.012864649295806885,0.0860033631324768,-0.09886801242828369,0.07313871383666992
order,9,-0.012891793416606056,0.16513692252096365,-0.25769728422164917,0.2930106222629547
depending,1,-0.0133199542760849,0.0,-0.0133199542760849,-0.0133199542760849
matter,2,-0.013369958847761154,0.055552031844854355,-0.06892199069261551,0.0421820729970932
-only,1,-0.013434305787086487,0.0,-0.013434305787086487,-0.013434305787086487
finally,10,-0.014186693727970124,0.15482194476582078,-0.2570698857307434,0.21926134824752808
11,1,-0.014334648847579956,0.0,-0.014334648847579956,-0.014334648847579956
create,131,-0.014736306462579101,0.12433554902429689,-0.30861175060272217,0.3218057453632355
ga,1,-0.014879405498504639,0.0,-0.014879405498504639,-0.014879405498504639
".""",42,-0.015024952457419463,0.160635230125069,-0.29813969135284424,0.4171254634857178
created,1,-0.015338391065597534,0.0,-0.015338391065597534,-0.015338391065597534
discuss,107,-0.015664751980906336,0.16871453771268954,-0.3141006827354431,0.459389328956604
planning,28,-0.01573602096842868,0.21354894532618146,-0.43854302167892456,0.384792685508728
ated,4,-0.015824023634195328,0.15474877953714253,-0.2770385146141052,0.11716726422309875
lucky,1,-0.016230985522270203,0.0,-0.016230985522270203,-0.016230985522270203
submit,3,-0.016317911446094513,0.0874630079487882,-0.08188451826572418,0.10729727894067764
C,21,-0.01639171920361973,0.11142603397898841,-0.2039233148097992,0.1892048716545105
lead,145,-0.016413322759085688,0.11328000109274923,-0.31547901034355164,0.2178979516029358
mentioned,14,-0.016614941347922598,0.14770817053327087,-0.2201072722673416,0.27070993185043335
go,48,-0.017166772197621565,0.17386592870998677,-0.26946717500686646,0.5955446362495422
risking,1,-0.017284713685512543,0.0,-0.017284713685512543,-0.017284713685512543
plan,65,-0.017357825545164254,0.2556615779775766,-0.43733856081962585,0.7712422013282776
claiming,4,-0.017649030312895775,0.11836364276389927,-0.1692371964454651,0.1425294429063797
white,306,-0.018062723672711382,0.13144243802457872,-0.5364619493484497,0.32654479146003723
distractions,2,-0.018200896680355072,0.06694161146879196,-0.08514250814914703,0.04874071478843689
amount,39,-0.01822072912294131,0.04829934639057749,-0.12583906948566437,0.04326707497239113
stop,1,-0.01839219033718109,0.0,-0.01839219033718109,-0.01839219033718109
sequence,3,-0.018563207238912582,0.0666883839243683,-0.11285383999347687,0.03030497208237648
re,12,-0.018787904797742765,0.09667323568627581,-0.24173489212989807,0.09209272265434265
assigned,1048,-0.019061767517496612,0.1559749684636913,-0.3221379816532135,0.7974842190742493
promptly,2,-0.019290544092655182,0.1520860567688942,-0.17137660086154938,0.132795512676239
perhaps,1,-0.01935744285583496,0.0,-0.01935744285583496,-0.01935744285583496
Sk,57,-0.019646198733856802,0.05672259513475276,-0.09119235724210739,0.08478042483329773
A,25,-0.02032504141330719,0.06880489204910196,-0.14466318488121033,0.2075590044260025
aligned,1,-0.02039296366274357,0.0,-0.02039296366274357,-0.02039296366274357
favor,1,-0.02041986584663391,0.0,-0.02041986584663391,-0.02041986584663391
roles,8,-0.02054374571889639,0.06685353172164578,-0.15529672801494598,0.07851840555667877
verification,1,-0.020766347646713257,0.0,-0.020766347646713257,-0.020766347646713257
So,4,-0.021008445415645838,0.02669202855712924,-0.059290941804647446,0.009501511231064796
interaction,3,-0.0211435928940773,0.11233398415640085,-0.13634058833122253,0.13119468092918396
black,285,-0.0212589438220388,0.13553371142372253,-0.36811113357543945,0.3797241151332855
units,1,-0.021266624331474304,0.0,-0.021266624331474304,-0.021266624331474304
goals,6,-0.02136789634823799,0.10349971312673384,-0.15867221355438232,0.14540305733680725
actual,7,-0.021941901317664554,0.16589616428864584,-0.28926098346710205,0.29347917437553406
observations,619,-0.021960037385801122,0.10773776957614649,-0.4283106327056885,0.48802828788757324
success,3,-0.022143128017584484,0.1370982814473726,-0.18426048755645752,0.15101538598537445
visibility,1,-0.022482924163341522,0.0,-0.022482924163341522,-0.022482924163341522
based,111,-0.022487764087346224,0.17811471437124565,-0.407794326543808,0.2822922468185425
listed,1,-0.022605914622545242,0.0,-0.022605914622545242,-0.022605914622545242
finalize,1,-0.02303377538919449,0.0,-0.02303377538919449,-0.02303377538919449
our,435,-0.023521574689396498,0.16766264879354367,-0.407800555229187,0.6017073392868042
without,835,-0.02367833282374693,0.20154768993615188,-0.5536779165267944,0.3753623962402344
general,8,-0.023722737096250057,0.18195675936894662,-0.23139098286628723,0.3542192578315735
've,239,-0.024247038415847463,0.12200116857867416,-0.2769969701766968,0.5580888390541077
lot,2,-0.024281105026602745,0.010055603459477425,-0.03433670848608017,-0.01422550156712532
win,47,-0.024518944957154863,0.06332803689112358,-0.21438823640346527,0.12872840464115143
attention,98,-0.024667647049515223,0.13153770924425887,-0.4534997344017029,0.4047333300113678
icious,1,-0.02575318142771721,0.0,-0.02575318142771721,-0.02575318142771721
linger,1,-0.026024803519248962,0.0,-0.026024803519248962,-0.026024803519248962
enters,4,-0.02621972467750311,0.09242233107117973,-0.13264934718608856,0.10756829380989075
stages,86,-0.026223876968372698,0.09215942284278737,-0.14317217469215393,0.2769448757171631
safely,17,-0.026355074389892465,0.3167756398814644,-0.45022082328796387,0.6383273601531982
Player,3603,-0.026561733459458767,0.14682555250436446,-0.5224012732505798,0.47540029883384705
alone,257,-0.026955588818582114,0.16446525591340688,-0.37320905923843384,0.3302006423473358
prior,29,-0.02705054383339553,0.06563003587790578,-0.2742714583873749,0.11158253252506256
collaboration,6,-0.02714285875360171,0.0748303179247257,-0.14232614636421204,0.09761056303977966
misinformation,3,-0.027489181607961655,0.0749165362281618,-0.12878063321113586,0.050059378147125244
serve,9,-0.02787708615263303,0.08784754873825054,-0.12762941420078278,0.10643084347248077
moment,53,-0.028135912879458012,0.13610685343536363,-0.3135061264038086,0.6118188500404358
shouldn,1,-0.02825602889060974,0.0,-0.02825602889060974,-0.02825602889060974
gathered,18,-0.028794413432478905,0.209807239596531,-0.3907851576805115,0.4227864146232605
related,3,-0.029082417488098145,0.2479433345818481,-0.23146870732307434,0.3200899362564087
Meanwhile,3,-0.029260690013567608,0.0465407065294243,-0.08923053741455078,0.0242139995098114
steps,35,-0.02941282442105668,0.13549209393234748,-0.3070347011089325,0.1955805867910385
Although,1,-0.029832713305950165,0.0,-0.029832713305950165,-0.029832713305950165
well,39,-0.02997004460447874,0.12303642863283405,-0.2350703775882721,0.33998364210128784
later,59,-0.03005559136301784,0.1524456099126228,-0.32811805605888367,0.2785581648349762
incident,19,-0.030095991923620825,0.17227933565019396,-0.3188026249408722,0.36939260363578796
onto,1,-0.030120138078927994,0.0,-0.030120138078927994,-0.030120138078927994
enter,3,-0.0302494615316391,0.10629320784721065,-0.1660958081483841,0.09341146051883698
Currently,67,-0.030642072155849256,0.09434142408954724,-0.20759040117263794,0.1738816350698471
lie,1,-0.030783426016569138,0.0,-0.030783426016569138,-0.030783426016569138
behave,5,-0.031389863789081575,0.17108403977918818,-0.2444632202386856,0.228802889585495
met,3,-0.03196334466338158,0.12491651506830218,-0.1951582431793213,0.10821543633937836
""":",1,-0.03197449445724487,0.0,-0.03197449445724487,-0.03197449445724487
comment,2,-0.03203991800546646,0.08901194483041763,-0.1210518628358841,0.05697202682495117
No,1038,-0.03218179464121286,0.06004668943613517,-0.2838646471500397,0.2477559894323349
indeed,2,-0.03232046216726303,0.17803581804037094,-0.21035628020763397,0.1457153558731079
PE,92,-0.03248040858939614,0.044941552026804804,-0.1321859508752823,0.06222549453377724
).,124,-0.0325062770486599,0.11065886613279957,-0.3427794277667999,0.3137475252151489
groups,1,-0.03268418461084366,0.0,-0.03268418461084366,-0.03268418461084366
suggested,22,-0.03274766508151184,0.12962220921903606,-0.3517606854438782,0.23083248734474182
fully,2,-0.032936424016952515,0.05715005099773407,-0.09008647501468658,0.024213626980781555
attacks,4,-0.0330029483884573,0.08637948270848515,-0.15756449103355408,0.05636339634656906
my,3458,-0.03302025640848755,0.15792368342056431,-0.5587877035140991,0.8241581320762634
scene,3,-0.03308319300413132,0.08875136976326269,-0.15208649635314941,0.060970865190029144
took,1,-0.03311179578304291,0.0,-0.03311179578304291,-0.03311179578304291
remaining,177,-0.03369548687406179,0.1199637060873728,-0.32998645305633545,0.3104340136051178
uncover,4,-0.03385896049439907,0.13136335253588224,-0.21582598984241486,0.15137343108654022
front,37,-0.0340612467781112,0.06483812530287159,-0.1979936957359314,0.08154554665088654
game,1086,-0.0343178048494922,0.09146012001541011,-0.2645201086997986,0.4076473116874695
thoughts,6,-0.03438198255995909,0.1189395218289778,-0.22247453033924103,0.15689650177955627
Now,2,-0.03455583285540342,0.012227912433445454,-0.04678374528884888,-0.02232792042195797
second,6,-0.034740460415681206,0.07840143656644519,-0.1604422777891159,0.05458168685436249
're,19,-0.03508435091690013,0.16060161671655393,-0.2770465314388275,0.4049309492111206
se,13,-0.03566065459297253,0.10167553618416705,-0.2800556719303131,0.13061019778251648
over,5,-0.0360824316740036,0.16585969813535642,-0.19886140525341034,0.2842714190483093
around,60,-0.036123321981479724,0.18121978800495048,-0.3494391143321991,0.4279465079307556
Do,2,-0.03639582172036171,0.00562097504734993,-0.04201679676771164,-0.03077484667301178
efficiently,184,-0.03657993531542952,0.23102882441033348,-0.43730640411376953,0.8134100437164307
investigation,2,-0.036589499562978745,0.001975979655981064,-0.03856547921895981,-0.03461351990699768
Firstly,1,-0.03675829619169235,0.0,-0.03675829619169235,-0.03675829619169235
increased,2,-0.03683091327548027,0.10471904650330544,-0.1415499597787857,0.06788813322782516
spaceship,57,-0.03695304289852318,0.08298037122361299,-0.14395417273044586,0.08349162340164185
ably,4,-0.03702820558100939,0.039677403212478535,-0.09583856165409088,0.013286657631397247
does,131,-0.037048849277198315,0.14553661512796714,-0.3938165009021759,0.3507140874862671
ME,16,-0.03710666741244495,0.1474300759834437,-0.22837838530540466,0.3007919192314148
relevant,17,-0.03736280255457934,0.2936771588286311,-0.529200553894043,0.27937382459640503
shift,3,-0.03746208051840464,0.07078112347602473,-0.09009608626365662,0.0625922754406929
Cleaning,1,-0.03788464516401291,0.0,-0.03788464516401291,-0.03788464516401291
anonymity,1,-0.038339242339134216,0.0,-0.038339242339134216,-0.038339242339134216
happened,32,-0.03847068251343444,0.18477432302308439,-0.38418343663215637,0.3019319176673889
targeted,12,-0.03854740379999081,0.08765611252605368,-0.24393953382968903,0.06648874282836914
helping,8,-0.03866958571597934,0.16841624231331137,-0.19894491136074066,0.34987759590148926
eliminate,390,-0.038972333961954486,0.10092875578247651,-0.46955788135528564,0.18619772791862488
whereabouts,10,-0.039181895181536676,0.095741717111378,-0.19012942910194397,0.1473008543252945
natural,11,-0.03962784734639255,0.23471848553248176,-0.29319828748703003,0.40623360872268677
Did,4,-0.040134452283382416,0.1717603890404999,-0.16484326124191284,0.25380221009254456
integrate,1,-0.040135473012924194,0.0,-0.040135473012924194,-0.040135473012924194
stealth,20,-0.04039552910253406,0.06522528432311774,-0.15749835968017578,0.07129745185375214
They,3,-0.040439664075771965,0.019260793265940226,-0.058239907026290894,-0.013683710247278214
look,12,-0.040557922795414925,0.1259018614448807,-0.250702440738678,0.21912658214569092
isolation,5,-0.040648110955953595,0.14092184838528835,-0.23393139243125916,0.15240976214408875
wanted,1,-0.04080674424767494,0.0,-0.04080674424767494,-0.04080674424767494
sets,4,-0.04082768224179745,0.04381062892865248,-0.08665876090526581,0.011125624179840088
The,655,-0.04090821975060092,0.09647676324837241,-0.38968145847320557,0.2769784927368164
suggestions,6,-0.04107779636979103,0.20850372202931475,-0.3167637288570404,0.35895854234695435
thus,2,-0.04111276566982269,0.1402578204870224,-0.1813705861568451,0.09914505481719971
mimic,6,-0.0411382174740235,0.08092652664126528,-0.17493146657943726,0.06003245711326599
maintaining,3,-0.04119626805186272,0.08487549916339542,-0.15845157206058502,0.039661336690187454
mitig,1,-0.04122471064329147,0.0,-0.04122471064329147,-0.04122471064329147
those,48,-0.0413406155227373,0.12038575755219791,-0.3663800358772278,0.31192320585250854
investigating,4,-0.0415591225028038,0.1350495992484581,-0.24796277284622192,0.0967274084687233
influence,4,-0.041595312766730785,0.22252012399171342,-0.324887752532959,0.2952306866645813
clearly,1,-0.0419815257191658,0.0,-0.0419815257191658,-0.0419815257191658
winning,90,-0.04206199629439248,0.09297170884875414,-0.26243728399276733,0.17196297645568848
early,211,-0.04207639540964958,0.13059137570151613,-0.373742938041687,0.3220994770526886
see,123,-0.0422332198169779,0.15086389930193442,-0.32750290632247925,0.36001577973365784
stories,4,-0.04240948706865311,0.06915713210827855,-0.08814500272274017,0.07693719863891602
calling,112,-0.04246028802091522,0.13855220799310594,-0.4447591006755829,0.21184396743774414
manner,1,-0.04246225953102112,0.0,-0.04246225953102112,-0.04246225953102112
found,15,-0.04254077225923538,0.10514883882698144,-0.23471133410930634,0.14534884691238403
yet,571,-0.042638722989845196,0.10528475942878236,-0.3882707357406616,0.8130329251289368
forth,1,-0.043132297694683075,0.0,-0.043132297694683075,-0.043132297694683075
connections,6,-0.043266744663318,0.08839470126879583,-0.1433866322040558,0.0731491893529892
agree,7,-0.04330174944230488,0.1530264837283803,-0.20202162861824036,0.28333544731140137
Additionally,663,-0.043343362326805406,0.0722612808072918,-0.2573662996292114,0.24971653521060944
.,13387,-0.04335712526048406,0.14942872841049226,-0.6082392930984497,0.9281331300735474
group,38,-0.04355256087881954,0.14806803085271325,-0.2760378122329712,0.353198379278183
blend,229,-0.04356141045982401,0.09062095889373525,-0.2714579105377197,0.2818283140659332
anyone,264,-0.04388109616455481,0.13046730075818894,-0.3252739906311035,0.3645528554916382
any,625,-0.04452501775026321,0.1580987112043141,-0.499775230884552,0.6048282980918884
feeling,1,-0.0446336567401886,0.0,-0.0446336567401886,-0.0446336567401886
setting,18,-0.044731790769017406,0.08692767613483186,-0.21736519038677216,0.09159228205680847
stalk,1,-0.04476948827505112,0.0,-0.04476948827505112,-0.04476948827505112
unfinished,2,-0.04480794072151184,0.009239517152309418,-0.05404745787382126,-0.03556842356920242
features,2,-0.045264918357133865,0.04212666675448418,-0.08739158511161804,-0.0031382516026496887
Can,32,-0.045282172795850784,0.15513300486867732,-0.2571944296360016,0.4018486738204956
crowded,82,-0.04544540901282212,0.11607663126319438,-0.33226895332336426,0.26961684226989746
located,350,-0.0455886344026242,0.13858146915620737,-0.41979360580444336,0.33882734179496765
involving,3,-0.04580902308225632,0.05665629748789184,-0.11408291757106781,0.02464473247528076
into,189,-0.0470388384250106,0.13720769397360755,-0.3580794334411621,0.2876146733760834
completed,887,-0.04788042660781604,0.12630111410714978,-0.45568710565567017,0.48532071709632874
categorized,1,-0.04795225337147713,0.0,-0.04795225337147713,-0.04795225337147713
say,7,-0.04845452415091651,0.16565960989352324,-0.4347749948501587,0.09280037879943848
discord,1,-0.04865434765815735,0.0,-0.04865434765815735,-0.04865434765815735
places,1,-0.048695843666791916,0.0,-0.048695843666791916,-0.048695843666791916
identities,5,-0.04907828792929649,0.22883797675325845,-0.3238997459411621,0.2999231219291687
minimize,43,-0.049182288262040116,0.1219366174584596,-0.21622972190380096,0.33531680703163147
Also,9,-0.049291986144251294,0.09614117737100569,-0.17204412817955017,0.1556621938943863
optim,1,-0.049311790615320206,0.0,-0.049311790615320206,-0.049311790615320206
investigate,10,-0.04950619488954544,0.1550445097926864,-0.2981688380241394,0.13386958837509155
quiring,2,-0.04993274062871933,0.10148084908723831,-0.15141358971595764,0.05154810845851898
?,71,-0.050123753813160976,0.21813377698546688,-0.4385719299316406,0.5334100723266602
have,3603,-0.0501578159306158,0.12603002532368143,-0.4445139765739441,0.48883122205734253
-sensitive,2,-0.05018188152462244,0.03888250794261694,-0.08906438946723938,-0.0112993735820055
observable,1,-0.05035746842622757,0.0,-0.05035746842622757,-0.05035746842622757
-oriented,1,-0.05037328228354454,0.0,-0.05037328228354454,-0.05037328228354454
By,35,-0.050398641718285425,0.08628019639311724,-0.2314291000366211,0.13140138983726501
suspicion,633,-0.05056258195519777,0.12467028264791984,-0.6087980270385742,0.4854239821434021
Most,1,-0.05075301602482796,0.0,-0.05075301602482796,-0.05075301602482796
consequences,9,-0.0508868924031655,0.14643218413784762,-0.22370901703834534,0.16114011406898499
As,30,-0.05095746753116449,0.1159633438841122,-0.26688137650489807,0.24707213044166565
-up,1,-0.051005586981773376,0.0,-0.051005586981773376,-0.051005586981773376
explain,11,-0.05107130127196962,0.10464685715696137,-0.20331355929374695,0.1617405265569687
myself,209,-0.05133376169825,0.11523635959923234,-0.33656251430511475,0.41340839862823486
un,2,-0.05150827020406723,0.04474472254514694,-0.09625299274921417,-0.006763547658920288
BODY,1,-0.05160395801067352,0.0,-0.05160395801067352,-0.05160395801067352
committed,3,-0.0516500324010849,0.18647404662536152,-0.25334328413009644,0.1963316649198532
To,33,-0.05180996238733783,0.08632453285801958,-0.2253822535276413,0.19592374563217163
intention,3,-0.05186644569039345,0.028519545085382368,-0.0870736688375473,-0.017222139984369278
radar,1,-0.05217240750789642,0.0,-0.05217240750789642,-0.05217240750789642
claimed,2,-0.05276531679555774,0.05724544869735837,-0.11001076549291611,0.0044801319018006325
points,2,-0.05299156904220581,0.07469555735588074,-0.12768712639808655,0.021703988313674927
away,25,-0.05308339916169644,0.11836783340818934,-0.3161054849624634,0.1457209587097168
compared,101,-0.05313440375398881,0.10654674099160473,-0.2616821527481079,0.18486887216567993
7,776,-0.05315697473502651,0.10948180557567098,-0.5219924449920654,0.313107430934906
CALL,16,-0.05319806863553822,0.1445181549308722,-0.2038101702928543,0.2747064232826233
vague,2,-0.05353541299700737,0.1260521151125431,-0.17958752810955048,0.07251670211553574
allies,5,-0.053915583342313764,0.05802750570636954,-0.12855437397956848,0.024336129426956177
congest,1,-0.054030366241931915,0.0,-0.054030366241931915,-0.054030366241931915
accusing,2,-0.05464414693415165,0.07037418149411678,-0.12501832842826843,0.015730034559965134
proposal,1,-0.05490145459771156,0.0,-0.05490145459771156,-0.05490145459771156
What,6,-0.0553991807003816,0.154488230955232,-0.3322676420211792,0.1634673774242401
coinc,1,-0.05558020621538162,0.0,-0.05558020621538162,-0.05558020621538162
freely,4,-0.05577903613448143,0.11476333763214004,-0.2364465296268463,0.058537885546684265
VENT,61,-0.0563034238293767,0.07230490581488704,-0.18722368776798248,0.116266168653965
ongoing,6,-0.05652016463379065,0.08915930064531374,-0.19549894332885742,0.0664919763803482
includes,5,-0.05655253976583481,0.13563774427225622,-0.20051750540733337,0.19496990740299225
nearby,22,-0.056890865618532356,0.11105912155633085,-0.25660133361816406,0.11020438373088837
here,252,-0.0571903363424575,0.11252400884542825,-0.4061290919780731,0.2626294493675232
purple,250,-0.05755031407997012,0.12454007256213713,-0.3906526565551758,0.4800853729248047
catch,38,-0.05764496944060451,0.05249102659847237,-0.18617884814739227,0.032510582357645035
entering,3,-0.05790333449840546,0.07386914263788205,-0.12565341591835022,0.04483693838119507
when,48,-0.05790839018300176,0.1367290614022904,-0.3719053566455841,0.2912065386772156
words,1,-0.05797910690307617,0.0,-0.05797910690307617,-0.05797910690307617
3,1068,-0.05805689740353979,0.11264282582834513,-0.44000014662742615,0.41483038663864136
red,381,-0.058152360978519196,0.14009779660216448,-0.5128298997879028,0.3701971173286438
:,3831,-0.05819405760230505,0.13653058765674936,-0.5429970026016235,0.42602482438087463
has,901,-0.05826121656023603,0.1427494190656176,-0.5134574174880981,0.39922934770584106
assignments,33,-0.058356145904822784,0.10743277106724639,-0.21387679874897003,0.23350337147712708
target,90,-0.05899710814572043,0.11329432780283616,-0.3435831367969513,0.25888726115226746
disguise,3,-0.059049816181262337,0.05694067565594286,-0.13953633606433868,-0.016615459695458412
make,233,-0.05947610437310433,0.13213805938755843,-0.3629631996154785,0.5650457739830017
partially,1,-0.05950617045164108,0.0,-0.05950617045164108,-0.05950617045164108
blending,31,-0.059611098300064766,0.07000654834813858,-0.18912231922149658,0.1122278943657875
4,942,-0.05974395399035257,0.11016141933987818,-0.4651969373226166,0.3983533978462219
discover,1,-0.06005173549056053,0.0,-0.06005173549056053,-0.06005173549056053
near,4,-0.060056342743337154,0.09653793562331892,-0.21117286384105682,0.057661235332489014
surveillance,5,-0.06006651669740677,0.045459865220191346,-0.11146137118339539,0.016683250665664673
scrutiny,3,-0.06020533914367358,0.08103688506034176,-0.1393245905637741,0.051156606525182724
state,44,-0.06043362896889448,0.10402662306531801,-0.4629330635070801,0.13219588994979858
this,821,-0.06053277670012177,0.1306729832974181,-0.4653127193450928,0.3726702928543091
5,850,-0.06077737033148022,0.11314980819404415,-0.4073794484138489,0.46323832869529724
accessing,2,-0.060800518840551376,0.02905959263443947,-0.08986011147499084,-0.03174092620611191
closely,29,-0.06085676898987129,0.1418380261380627,-0.43025708198547363,0.18438580632209778
low,9,-0.060870503592822284,0.10634390638281886,-0.24909013509750366,0.08543661236763
left,14,-0.061014127252357345,0.09199660581063014,-0.23941293358802795,0.17655210196971893
hotspot,2,-0.06105414032936096,0.11840283870697021,-0.17945697903633118,0.05734869837760925
appearance,1,-0.06112426519393921,0.0,-0.06112426519393921,-0.06112426519393921
suspected,38,-0.06128845471692713,0.13283959812552634,-0.283324658870697,0.35835331678390503
frame,2,-0.061527036130428314,0.01807153970003128,-0.0795985758304596,-0.043455496430397034
knowledge,1,-0.06245942786335945,0.0,-0.06245942786335945,-0.06245942786335945
-efficient,1,-0.06260418146848679,0.0,-0.06260418146848679,-0.06260418146848679
ground,5,-0.06262214332818986,0.07753813981828524,-0.1645076423883438,0.07335267961025238
clearer,1,-0.06277255713939667,0.0,-0.06277255713939667,-0.06277255713939667
particularly,4,-0.06321082264184952,0.2616691558568019,-0.29985761642456055,0.3540375232696533
express,6,-0.06402819665769736,0.12003921838383382,-0.19728536903858185,0.1694755256175995
unclear,1,-0.06421086937189102,0.0,-0.06421086937189102,-0.06421086937189102
orange,337,-0.06435351567867956,0.13556878718032989,-0.5089659690856934,0.35681208968162537
share,107,-0.06436353545879649,0.1761766542556921,-0.5513112545013428,0.3693819046020508
about,729,-0.06473508848973508,0.15666851587678424,-0.6658400893211365,0.49484920501708984
appear,29,-0.06489973746497056,0.09474245506581151,-0.2982640266418457,0.1624627411365509
MOVE,942,-0.06536350221394892,0.06122541362648586,-0.2336805909872055,0.2822771668434143
moves,31,-0.06561205548144156,0.11992915285246032,-0.3560008704662323,0.09524179995059967
(s,1,-0.06585325300693512,0.0,-0.06585325300693512,-0.06585325300693512
between,23,-0.06600352846409964,0.16486363836601672,-0.3857974410057068,0.32576701045036316
ED,2,-0.06648308783769608,0.013485774397850037,-0.07996886223554611,-0.05299731343984604
't,212,-0.06684795134472397,0.1731499559523732,-0.5406818985939026,0.5023131370544434
single,14,-0.06732969890747752,0.10856143947706909,-0.1867988109588623,0.2281634509563446
During,7,-0.06737035512924194,0.16862579089190313,-0.26631253957748413,0.23540589213371277
-,585,-0.06748146267018766,0.07603509605019669,-0.4013228416442871,0.3015582859516144
finished,7,-0.06778523592012269,0.15525755434877272,-0.2574349045753479,0.17285913228988647
spots,2,-0.06819039583206177,0.2090875208377838,-0.2772779166698456,0.14089712500572205
divide,1,-0.06833770871162415,0.0,-0.06833770871162415,-0.06833770871162415
asking,16,-0.06845389492809772,0.1054700354371221,-0.29829105734825134,0.11596348881721497
were,119,-0.06853550497223349,0.10120671956631468,-0.37750181555747986,0.27110451459884644
contribute,86,-0.06874194191119005,0.08508443073730781,-0.23712976276874542,0.21494823694229126
account,5,-0.06875977590680123,0.12240292592269861,-0.21835508942604065,0.053681157529354095
align,78,-0.06905446368723343,0.18562528619625152,-0.4710870683193207,0.20234793424606323
form,1,-0.06907087564468384,0.0,-0.06907087564468384,-0.06907087564468384
explanation,12,-0.06953292588392894,0.12158278845540144,-0.21389928460121155,0.17113527655601501
-making,7,-0.06984734854527883,0.06605312871193253,-0.09681342542171478,0.09194911271333694
something,27,-0.07011621914528034,0.14848837585955416,-0.32507646083831787,0.28364601731300354
navigating,5,-0.07012092173099518,0.13953511339754976,-0.33712172508239746,0.06487458199262619
caught,43,-0.07030709449548361,0.1284751038710232,-0.2826247811317444,0.3341122567653656
try,103,-0.07032491028019526,0.16831519369118336,-0.46488577127456665,0.308563232421875
cannot,4,-0.07045185193419456,0.11048770040062017,-0.22514115273952484,0.038836002349853516
"""),",1,-0.07053446769714355,0.0,-0.07053446769714355,-0.07053446769714355
heading,64,-0.07090604022960179,0.1866548707067162,-0.36728090047836304,0.5070929527282715
shows,30,-0.07116895448416471,0.12467494984359025,-0.4805968999862671,0.09500706195831299
afterwards,3,-0.07126795252164204,0.07881947628708069,-0.16774162650108337,0.02532576024532318
viewing,2,-0.07149681448936462,0.010610140860080719,-0.08210695534944534,-0.060886673629283905
location,1031,-0.07162283910537784,0.13856466380330018,-0.461262047290802,0.46664872765541077
self,7,-0.07167172059416771,0.06222471992072502,-0.18286141753196716,0.008935477584600449
Two,16,-0.07171674503479153,0.13411331522499773,-0.3872778117656708,0.11810044944286346
],5082,-0.07173041447473705,0.10598223872196937,-0.27796170115470886,0.26464182138442993
trust,50,-0.07176886044442654,0.14228023110531626,-0.3886256217956543,0.35807645320892334
holding,1,-0.07177993655204773,0.0,-0.07177993655204773,-0.07177993655204773
antage,1,-0.07198473811149597,0.0,-0.07198473811149597,-0.07198473811149597
several,122,-0.07218094387656597,0.1308738119185778,-0.3553731143474579,0.474111407995224
mission,4,-0.07227658294141293,0.1827966394457195,-0.2748744487762451,0.21145904064178467
stall,1,-0.07274390757083893,0.0,-0.07274390757083893,-0.07274390757083893
yellow,329,-0.07301299555912207,0.13826863070704556,-0.5801871418952942,0.3244898021221161
Assigned,2,-0.07364824414253235,0.09099602699279785,-0.1646442711353302,0.017347782850265503
observation,51,-0.07379421894895095,0.11618317268847901,-0.3227653503417969,0.21166600286960602
tackle,1,-0.07403379678726196,0.0,-0.07403379678726196,-0.07403379678726196
begun,64,-0.07435493468074128,0.10829717003208675,-0.38012614846229553,0.11605705320835114
possibly,33,-0.07438809356906197,0.16991739934292596,-0.39444127678871155,0.45698872208595276
deceive,2,-0.07452655583620071,0.12763532251119614,-0.20216187834739685,0.05310876667499542
signs,6,-0.07458182579527299,0.10131826534094547,-0.18996351957321167,0.11666013300418854
compromising,2,-0.0759321004152298,0.07609058916568756,-0.15202268958091736,0.00015848875045776367
significantly,3,-0.07618464653690656,0.08466584060412195,-0.1946382224559784,-0.0018244646489620209
seemingly,276,-0.07627356161727854,0.12069637439365899,-0.30971604585647583,0.25859442353248596
blue,371,-0.07657895736255736,0.15122430082034902,-0.46900027990341187,0.35207563638687134
presence,46,-0.07664316131368927,0.1745262951698782,-0.29341310262680054,0.6390433311462402
mobility,1,-0.07681110501289368,0.0,-0.07681110501289368,-0.07681110501289368
ourselves,12,-0.076850902599593,0.08694818313985411,-0.24709686636924744,0.048848386853933334
sow,1,-0.07715021073818207,0.0,-0.07715021073818207,-0.07715021073818207
inquire,2,-0.07743541896343231,0.014414593577384949,-0.09185001254081726,-0.06302082538604736
so,226,-0.07761110806326686,0.18249341479782008,-0.5367522239685059,0.38147473335266113
green,303,-0.07762150002625023,0.1436052730832271,-0.48250260949134827,0.342471182346344
bottom,1,-0.07794056832790375,0.0,-0.07794056832790375,-0.07794056832790375
expressed,4,-0.07822366431355476,0.08495318292816448,-0.1886403113603592,0.013341918587684631
difficulty,2,-0.07893161661922932,0.03416412137448788,-0.1130957379937172,-0.04476749524474144
highly,13,-0.07908657766305484,0.08445571095911697,-0.17913547158241272,0.09107346832752228
missing,7,-0.07918157455112253,0.12223103770023754,-0.34939685463905334,0.043223787099123
distract,3,-0.07918946134547393,0.04264795748942786,-0.11281497031450272,-0.019014669582247734
Memory,1694,-0.07933708977882245,0.0004863380892035758,-0.07938458025455475,-0.0743565708398819
cautiously,1,-0.07974501699209213,0.0,-0.07974501699209213,-0.07974501699209213
multiple,495,-0.07987563911863048,0.1352726620905385,-0.4051864743232727,0.3336382508277893
falsely,1,-0.07991230487823486,0.0,-0.07991230487823486,-0.07991230487823486
get,87,-0.07992270329817273,0.15004029100477909,-0.3241334557533264,0.515627384185791
recorded,25,-0.08028136789798737,0.04101950741231262,-0.10594913363456726,0.09881392121315002
gain,64,-0.0803127555118408,0.12846746518178268,-0.3975486755371094,0.2017778754234314
hear,15,-0.08038722599546115,0.11986007109835112,-0.23431909084320068,0.16338802874088287
need,469,-0.08069510931875915,0.15449591753383354,-0.4560128152370453,0.4685542583465576
interrupt,2,-0.08074023202061653,0.0002241097390651703,-0.0809643417596817,-0.08051612228155136
marked,1,-0.08084666728973389,0.0,-0.08084666728973389,-0.08084666728973389
listening,4,-0.08089588023722172,0.07628614071951799,-0.1632174551486969,0.025702111423015594
else,47,-0.08150595260110308,0.17512219387416678,-0.40075063705444336,0.46734485030174255
starting,222,-0.08170204976288316,0.1110281186613886,-0.3557230532169342,0.477451890707016
pressing,1,-0.08211730420589447,0.0,-0.08211730420589447,-0.08211730420589447
each,96,-0.08244610279992533,0.17469640145276333,-0.461273729801178,0.36841654777526855
run,5,-0.08301125019788742,0.04228029895236729,-0.14300692081451416,-0.030485160648822784
"(""",6,-0.08309788132707278,0.1355256612874081,-0.3299703598022461,0.12816748023033142
VIEW,7,-0.0831957400909492,0.08414369204307619,-0.2128118872642517,0.07988722622394562
who,236,-0.0834725604992423,0.15793524744525028,-0.4964265525341034,0.5090320110321045
going,47,-0.08359521342084762,0.1438500142176917,-0.49921682476997375,0.364474356174469
If,36,-0.08379263565358189,0.048347611323203976,-0.20338326692581177,0.025181487202644348
urgency,1,-0.08400006592273712,0.0,-0.08400006592273712,-0.08400006592273712
questions,55,-0.08431743308901787,0.14810773693033502,-0.41592592000961304,0.30203479528427124
explanations,1,-0.08446672558784485,0.0,-0.08446672558784485,-0.08446672558784485
map,24,-0.08448632542664807,0.09715495902580348,-0.28993499279022217,0.10645229369401932
having,71,-0.08462274368380157,0.12390105942815675,-0.37067490816116333,0.19808240234851837
serves,1,-0.08478619158267975,0.0,-0.08478619158267975,-0.08478619158267975
or,4037,-0.08507418892225668,0.16250148770404438,-0.5655855536460876,0.803068995475769
particular,1,-0.08513224124908447,0.0,-0.08513224124908447,-0.08513224124908447
requirements,1,-0.08519705384969711,0.0,-0.08519705384969711,-0.08519705384969711
similar,5,-0.08571389317512512,0.16636364309928792,-0.2552933394908905,0.23157326877117157
danger,23,-0.08589424484449884,0.11496729274925191,-0.30527618527412415,0.10780040919780731
navigate,5,-0.0861556887626648,0.09370058701530792,-0.17962060868740082,0.0771186575293541
following,25,-0.08642458409070969,0.09497686576556763,-0.36905497312545776,0.09494169056415558
observed,424,-0.08642601797286913,0.11721498619320508,-0.3960367739200592,0.18471863865852356
turning,1,-0.08643901348114014,0.0,-0.08643901348114014,-0.08643901348114014
connecting,2,-0.08682288974523544,0.0019366368651390076,-0.08875952661037445,-0.08488625288009644
"?""",61,-0.08683653823176368,0.17120934676283522,-0.4054102599620819,0.4154238700866699
specific,13,-0.08694248073376142,0.16695787500909895,-0.45278400182724,0.1783330738544464
10,1,-0.08705489337444305,0.0,-0.08705489337444305,-0.08705489337444305
indicates,9,-0.08757592510018083,0.10284552705079866,-0.294290691614151,0.027547474950551987
wasting,5,-0.08784675002098083,0.06479453823593473,-0.16349004209041595,-0.006676658987998962
system,19,-0.0885408118759331,0.13963257911688193,-0.30137893557548523,0.27802926301956177
even,9,-0.0891766134235594,0.1802603101839434,-0.2769923210144043,0.34292304515838623
status,3,-0.08918200433254242,0.1645120920178694,-0.24576497077941895,0.13813187181949615
inactive,1,-0.0891999825835228,0.0,-0.0891999825835228,-0.0891999825835228
collectively,3,-0.08932996603349845,0.10118884619546668,-0.23242133855819702,-0.016229216009378433
positioning,15,-0.08951288089156151,0.0907635062325619,-0.259402334690094,0.06822025030851364
throw,3,-0.08958644171555837,0.10325053219597516,-0.22038930654525757,0.03201967477798462
keep,89,-0.08986709210393803,0.18491539716705746,-0.42658865451812744,0.5265364646911621
pink,290,-0.08990189007900912,0.1347498697671296,-0.37320107221603394,0.3664628267288208
targets,19,-0.09002296528533886,0.09625919570189047,-0.23015093803405762,0.1358153074979782
completes,1,-0.0908268392086029,0.0,-0.0908268392086029,-0.0908268392086029
maintain,43,-0.09100506212129149,0.09275073358332069,-0.27628153562545776,0.22361959517002106
quickly,274,-0.09101209214405857,0.14336572963176789,-0.4456896185874939,0.5658351182937622
many,11,-0.09112216227433899,0.13671448724489996,-0.4282763600349426,0.11774392426013947
sure,5,-0.09115967601537704,0.23044691775511789,-0.3684895932674408,0.3086923360824585
longer,33,-0.09120763036789316,0.21668860406542265,-0.5970800518989563,0.32359281182289124
find,176,-0.09129373304842209,0.14687770334806485,-0.509335994720459,0.5506613850593567
6,926,-0.09130606027601637,0.12692613401472197,-0.4284090995788574,0.40613168478012085
iss,1,-0.09135009348392487,0.0,-0.09135009348392487,-0.09135009348392487
increase,33,-0.09153154187581757,0.08867295842876893,-0.27003079652786255,0.09856875240802765
intentions,164,-0.0915982219754014,0.11624357765741691,-0.3654983937740326,0.22997033596038818
explaining,2,-0.0917661115527153,0.15057293325662613,-0.24233904480934143,0.05880682170391083
required,6,-0.0918378159403801,0.10675897199325976,-0.30409717559814453,0.018460460007190704
larger,1,-0.09190697968006134,0.0,-0.09190697968006134,-0.09190697968006134
sight,1,-0.09195934236049652,0.0,-0.09195934236049652,-0.09195934236049652
revealing,29,-0.09198828581078299,0.1472303816052873,-0.326357901096344,0.12684936821460724
preferable,1,-0.09201661497354507,0.0,-0.09201661497354507,-0.09201661497354507
helpful,6,-0.09206577390432358,0.2035645936185318,-0.3070354461669922,0.19749495387077332
reach,10,-0.09213669449090958,0.15483978399195655,-0.30694594979286194,0.20654307305812836
play,4,-0.09241875633597374,0.052060538401982805,-0.17351239919662476,-0.038885921239852905
in,7373,-0.0924791621759728,0.18719575884710393,-0.5404379963874817,0.817987322807312
at,858,-0.09257756036517399,0.1680752109852017,-0.5364493131637573,0.6854523420333862
subsequent,2,-0.09291383251547813,0.010848943144083023,-0.10376277565956116,-0.08206488937139511
leads,13,-0.09305827004405168,0.1248121250638004,-0.29692912101745605,0.10118037462234497
trying,69,-0.0934031512858211,0.16675663362991355,-0.5053930878639221,0.2209833711385727
pressure,6,-0.0935868735735615,0.08094672451732637,-0.23032931983470917,0.01121695339679718
regarding,20,-0.0937558576464653,0.1509893906536563,-0.3772847652435303,0.2053447812795639
labeled,13,-0.09385615701858814,0.06832943759195838,-0.2336031049489975,0.0031321607530117035
vigilant,12,-0.09385973463455836,0.11608219329611874,-0.35646840929985046,0.0888870507478714
complex,1,-0.09403178095817566,0.0,-0.09403178095817566,-0.09403178095817566
think,57,-0.09428133965845693,0.1533358559308726,-0.38075506687164307,0.302382230758667
would,838,-0.0944747939963685,0.1600439238282047,-0.7036579847335815,0.4040486812591553
speaking,1,-0.09464798122644424,0.0,-0.09464798122644424,-0.09464798122644424
distances,1,-0.09510861337184906,0.0,-0.09510861337184906,-0.09510861337184906
confirm,17,-0.09512163786327138,0.1659316522580277,-0.3713643252849579,0.2674199044704437
arrived,23,-0.09518757883621298,0.11677932631333085,-0.43310225009918213,0.04699341207742691
numbers,16,-0.09524740814231336,0.07216307540737961,-0.2502899467945099,0.010364934802055359
seeming,3,-0.09561731045444806,0.040460403831884685,-0.1242271363735199,-0.0383976586163044
V,16,-0.09584078390616924,0.08556766008429594,-0.21211707592010498,0.0840798169374466
sides,1,-0.09594696760177612,0.0,-0.09594696760177612,-0.09594696760177612
meaning,3,-0.09642080341776212,0.04590178836275324,-0.15585529804229736,-0.044095661491155624
acting,24,-0.09647109421590964,0.14670100490355248,-0.2815284729003906,0.2919701933860779
next,683,-0.09652344931781531,0.1204479567518493,-0.4495598077774048,0.37905341386795044
familiar,3,-0.09691185752550761,0.123206965961139,-0.18866029381752014,0.07724565267562866
busy,2,-0.09736553579568863,0.024449996650218964,-0.12181553244590759,-0.07291553914546967
provided,30,-0.0977391538520654,0.10894815142244416,-0.2690972089767456,0.1812543272972107
beginning,48,-0.09787288905742268,0.10559239295541545,-0.3319011330604553,0.2090688943862915
one,601,-0.0979676138371006,0.12065329723114478,-0.4389227032661438,0.34394848346710205
unnecessary,25,-0.09810390457510948,0.09847309219558914,-0.25352609157562256,0.09972492605447769
after,47,-0.09840076297838637,0.17777796486472516,-0.396707147359848,0.40059635043144226
reducing,41,-0.09879914680268706,0.08970040074362541,-0.37005123496055603,0.08470814675092697
complete,1361,-0.09941361712539551,0.16421868602510556,-0.5155066251754761,0.7596583962440491
seemed,6,-0.09974005771800876,0.05508819990620447,-0.17878186702728271,-0.0018301280215382576
behaving,3,-0.09979671736558278,0.04936721320870063,-0.1575993150472641,-0.03698631376028061
avoids,1,-0.09981552511453629,0.0,-0.09981552511453629,-0.09981552511453629
experiences,1,-0.09985096752643585,0.0,-0.09985096752643585,-0.09985096752643585
-like,1,-0.1000286340713501,0.0,-0.1000286340713501,-0.1000286340713501
minimizing,8,-0.10026578046381474,0.09686640943693721,-0.23404650390148163,0.09179273247718811
bottleneck,4,-0.10032912902534008,0.12584439690190047,-0.17859527468681335,0.11753947287797928
Other,228,-0.10033093702064402,0.1404305753885868,-0.39275622367858887,0.21157702803611755
maintains,1,-0.10042443871498108,0.0,-0.10042443871498108,-0.10042443871498108
worth,9,-0.10048014587826198,0.1919597694943254,-0.4224909842014313,0.27409815788269043
up,64,-0.10048243860364892,0.13242348966703363,-0.3620781898498535,0.14157499372959137
Given,1283,-0.10061992596274508,0.08273608626665094,-0.3446642756462097,0.3465087413787842
can,810,-0.1009288831544971,0.14650478633312958,-0.4999427795410156,0.5736557245254517
include,71,-0.10096145416019668,0.13564838378210956,-0.41265633702278137,0.17706066370010376
long,79,-0.10098376275995109,0.160624797113315,-0.3823208212852478,0.260750949382782
ambush,10,-0.10106633380055427,0.14893292819375714,-0.3232489824295044,0.15047399699687958
navigation,2,-0.10123255103826523,0.09868136793375015,-0.19991391897201538,-0.0025511831045150757
getting,14,-0.10166515649429389,0.14172697410587462,-0.3473678231239319,0.19047701358795166
chosen,4,-0.10192948579788208,0.10947252896130691,-0.2617257237434387,0.0317484550178051
attract,1,-0.10196918249130249,0.0,-0.10196918249130249,-0.10196918249130249
surprise,5,-0.10199173241853714,0.1297064515003676,-0.32988590002059937,0.031174547970294952
accident,1,-0.10215286910533905,0.0,-0.10215286910533905,-0.10215286910533905
how,78,-0.10224622208625078,0.17069839437023238,-0.3953522741794586,0.5188867449760437
addressing,1,-0.10249295830726624,0.0,-0.10249295830726624,-0.10249295830726624
goal,501,-0.1027096288944195,0.11978737550240237,-0.36261120438575745,0.22451461851596832
back,34,-0.10315678958945415,0.12571829525186962,-0.41689011454582214,0.11363314092159271
via,22,-0.1032099901613864,0.1588155875981815,-0.37622585892677307,0.22226141393184662
return,7,-0.10380080448729652,0.1269985856674213,-0.3042576313018799,0.07455524802207947
once,5,-0.10391680672764778,0.04579527897042841,-0.17919515073299408,-0.062499355524778366
facilitate,1,-0.10399685055017471,0.0,-0.10399685055017471,-0.10399685055017471
underway,1,-0.1041351929306984,0.0,-0.1041351929306984,-0.1041351929306984
connected,54,-0.10458578121055055,0.07634028862852676,-0.3160857856273651,0.06088361144065857
higher,2,-0.10460973903536797,0.06571469083428383,-0.1703244298696518,-0.03889504820108414
thin,1,-0.1048816367983818,0.0,-0.1048816367983818,-0.1048816367983818
needing,3,-0.10494269927342732,0.04959424059088502,-0.17507106065750122,-0.06893366575241089
ality,1,-0.10502815991640091,0.0,-0.10502815991640091,-0.10502815991640091
giving,13,-0.10539033435858212,0.07018218872307216,-0.20124158263206482,0.0924902930855751
first,895,-0.10544870832737264,0.1323811079688819,-0.5080247521400452,0.8781235814094543
ug,1,-0.10609222948551178,0.0,-0.10609222948551178,-0.10609222948551178
accusation,63,-0.10615327688200134,0.17882004143086083,-0.45738485455513,0.19319164752960205
advised,2,-0.1064244769513607,0.09418058767914772,-0.20060506463050842,-0.012243889272212982
separated,1,-0.1065436601638794,0.0,-0.1065436601638794,-0.1065436601638794
keeping,59,-0.10716168209910393,0.08856436532028882,-0.2739502191543579,0.14357374608516693
allowing,68,-0.10748674424693865,0.11288132983714985,-0.39644646644592285,0.1414405107498169
split,3,-0.10765688369671504,0.16547641939697671,-0.24601200222969055,0.12497422844171524
feature,4,-0.10766417346894741,0.0483086471587581,-0.1725681871175766,-0.03668903559446335
accompanied,1,-0.10768268257379532,0.0,-0.10768268257379532,-0.10768268257379532
cover,68,-0.10803203418960466,0.0964573629985292,-0.37951231002807617,0.12946857511997223
claim,9,-0.10853258189227846,0.15778506401420206,-0.40586644411087036,0.13113927841186523
ibi,39,-0.10859549642564395,0.13722503948837447,-0.38507747650146484,0.14522384107112885
gauge,8,-0.1090855086222291,0.0639791610063129,-0.2248479425907135,-0.0043921396136283875
branches,1,-0.10912267863750458,0.0,-0.10912267863750458,-0.10912267863750458
Starting,13,-0.10979553483999692,0.051345842836731624,-0.2666587233543396,-0.05923379957675934
chaos,6,-0.10979841649532318,0.03836024548093099,-0.163767009973526,-0.04222957789897919
want,25,-0.11025002524256707,0.15570146469340682,-0.3485817611217499,0.2431718409061432
distant,1,-0.11040154844522476,0.0,-0.11040154844522476,-0.11040154844522476
Some,3,-0.1105488905062278,0.08493484372665988,-0.1746230125427246,0.009475508704781532
earlier,16,-0.1109819655539468,0.10534704695773545,-0.305848628282547,0.07667578756809235
under,6,-0.11131780532499154,0.13993106098314403,-0.3585803210735321,0.04963497817516327
place,21,-0.11133556777522677,0.1528906703894487,-0.41327935457229614,0.16638094186782837
unfolded,1,-0.11193396151065826,0.0,-0.11193396151065826,-0.11193396151065826
relocate,2,-0.11221939697861671,0.11256116256117821,-0.22478055953979492,0.0003417655825614929
traveling,4,-0.11253799125552177,0.09854106537172365,-0.18278281390666962,0.05752483010292053
itate,2,-0.11258754134178162,0.06826932728290558,-0.1808568686246872,-0.04431821405887604
objective,102,-0.11266307211389728,0.1662251578901114,-0.4200228750705719,0.23608404397964478
ors,587,-0.11366839684447626,0.09430743236552766,-0.511884868144989,0.12020934373140335
Considering,183,-0.11389879532199089,0.06337988468802265,-0.3389163911342621,0.1257161796092987
spreading,3,-0.11390682558218639,0.10071354951572574,-0.2563372850418091,-0.04264979064464569
before,141,-0.11397538232412321,0.18879271524201144,-0.578650176525116,0.38816970586776733
position,80,-0.11417183412704617,0.1262764365533708,-0.5080450773239136,0.15811467170715332
ability,15,-0.11427731737494469,0.1166434953210408,-0.330246239900589,0.06155640631914139
",",14776,-0.11444765706377685,0.1675441210894872,-0.6966922283172607,0.9190898537635803
other,2353,-0.11445306910338855,0.14459242494017302,-0.5447872877120972,0.7787520885467529
identify,181,-0.11481223437544061,0.13999498444618982,-0.40709805488586426,0.510451078414917
tracking,15,-0.11484404802322387,0.06821304094558626,-0.24507081508636475,0.03742670267820358
prevent,7,-0.114984323403665,0.09599032781122036,-0.23213370144367218,0.030568957328796387
validity,4,-0.11503788642585278,0.17158739085500252,-0.2979189157485962,0.15402169525623322
minimal,3,-0.11541284124056499,0.01907768183882464,-0.14053809642791748,-0.09433680772781372
reduce,128,-0.11544250907900278,0.09316673605250757,-0.40857669711112976,0.11043401062488556
imply,3,-0.11550393079717954,0.06549399902147493,-0.20206117630004883,-0.043675731867551804
began,3,-0.115799680352211,0.0,-0.115799680352211,-0.115799680352211
to,14285,-0.11604347773604316,0.16802516492070615,-0.7213950157165527,0.698645830154419
test,1,-0.11615334451198578,0.0,-0.11615334451198578,-0.11615334451198578
pace,2,-0.11616742610931396,0.048536598682403564,-0.16470402479171753,-0.0676308274269104
if,466,-0.11624772319682103,0.22119307928671555,-0.5772390365600586,0.7155227065086365
reacts,4,-0.11631130427122116,0.13459817840822977,-0.2612922787666321,0.07760396599769592
determine,5,-0.11645566672086716,0.0631827407495472,-0.19410869479179382,-0.006197281181812286
catching,1,-0.11654448509216309,0.0,-0.11654448509216309,-0.11654448509216309
short,116,-0.11676647936812891,0.1685241204891149,-0.4383825957775116,0.3081381916999817
eliminating,22,-0.11803452704440463,0.1171648635716735,-0.3228480815887451,0.09297157824039459
positions,48,-0.11817197311514367,0.10426853914814815,-0.3585602939128876,0.16040611267089844
predictable,2,-0.1181986890733242,0.0027460195124149323,-0.12094470858573914,-0.11545266956090927
considering,181,-0.11827297626032356,0.10626138826955624,-0.41412609815597534,0.6066821813583374
centrally,2,-0.11839375644922256,0.06278086453676224,-0.1811746209859848,-0.05561289191246033
thoroughly,1,-0.11856070905923843,0.0,-0.11856070905923843,-0.11856070905923843
too,69,-0.11871046923856804,0.14660959732368709,-0.4384222626686096,0.22606150805950165
of,2625,-0.11883608772747574,0.17338358105367765,-0.6774280071258545,0.7199249267578125
followed,12,-0.11899117457990845,0.131870027810636,-0.28967127203941345,0.18636947870254517
Should,3,-0.11937576532363892,0.16746675825624338,-0.33647483587265015,0.07114125043153763
workload,9,-0.11940369258324306,0.07350383636541045,-0.22759521007537842,0.035473793745040894
easier,25,-0.11955237358808518,0.17462528098360428,-0.36323297023773193,0.4609944522380829
's,1086,-0.11959193068818905,0.14920103233108836,-0.5775028467178345,0.6281478404998779
asked,15,-0.11961986422538758,0.1354893761976502,-0.32036978006362915,0.11503102630376816
flexibility,16,-0.11962721473537385,0.07059625588320957,-0.2167554348707199,0.025336217135190964
stalking,1,-0.11976470053195953,0.0,-0.11976470053195953,-0.11976470053195953
further,28,-0.11980705814702171,0.12761217916997314,-0.3686755299568176,0.15214283764362335
genuine,4,-0.12003515474498272,0.12743695018438103,-0.2647910416126251,0.07118649035692215
noticeable,2,-0.12019146978855133,0.04659546911716461,-0.16678693890571594,-0.07359600067138672
mentions,1,-0.12022382020950317,0.0,-0.12022382020950317,-0.12022382020950317
raise,73,-0.12026236349180953,0.12465037677270668,-0.34643903374671936,0.1831239014863968
no,465,-0.1203529323541349,0.11769512990045698,-0.47010406851768494,0.2500999867916107
""").",1,-0.12048248201608658,0.0,-0.12048248201608658,-0.12048248201608658
shorter,118,-0.12101375128505594,0.1345939999616828,-0.4671853482723236,0.49863582849502563
on,1243,-0.12101862131605226,0.18040213250453696,-0.7358802556991577,0.5856398344039917
coordination,9,-0.121069538510508,0.10280460435181046,-0.3349398672580719,0.04279426112771034
gained,1,-0.12114289402961731,0.0,-0.12114289402961731,-0.12114289402961731
Another,6,-0.12127588999768098,0.07072603965496428,-0.25346341729164124,-0.05046327784657478
arises,1,-0.12160074710845947,0.0,-0.12160074710845947,-0.12160074710845947
Observation,2,-0.12160096317529678,0.07872209697961807,-0.20032306015491486,-0.04287886619567871
lower,2,-0.12162900157272816,0.1230077724903822,-0.24463677406311035,0.0013787709176540375
suggesting,11,-0.12170990827408704,0.13291928390742516,-0.29616788029670715,0.0774981901049614
paths,200,-0.12174851942807435,0.07194111966378827,-0.30539530515670776,0.13724775612354279
encountering,61,-0.12182467143799437,0.09080721492930538,-0.32818084955215454,0.09983092546463013
initially,176,-0.12204687207386913,0.14726907456428667,-0.4921683073043823,0.18931370973587036
considers,1,-0.12220639735460281,0.0,-0.12220639735460281,-0.12220639735460281
steering,1,-0.12226590514183044,0.0,-0.12226590514183044,-0.12226590514183044
proceeded,12,-0.12237969879060984,0.09882325816075674,-0.36174291372299194,0.021315116435289383
great,1,-0.12241749465465546,0.0,-0.12241749465465546,-0.12241749465465546
distance,22,-0.12269546328620477,0.12423655098981652,-0.4848153591156006,0.021107971668243408
responses,4,-0.12271221354603767,0.0826226293715438,-0.2262500375509262,0.002697274088859558
processed,6,-0.12290736536184947,0.008705691465490979,-0.129063218832016,-0.11059565842151642
attended,1,-0.12292000651359558,0.0,-0.12292000651359558,-0.12292000651359558
pretending,9,-0.12326772055692142,0.09857299246096173,-0.25775378942489624,0.08340919017791748
initial,400,-0.12330584571696818,0.12431279483275423,-0.563715934753418,0.45952683687210083
question,9,-0.12352887044350307,0.06237098164594156,-0.22005890309810638,-0.04436679929494858
area,141,-0.12390586375820299,0.14012201822252607,-0.5675995945930481,0.3138532042503357
head,184,-0.12398942558945197,0.1370417527791732,-0.3744144141674042,0.40467357635498047
'll,31,-0.12416995016317214,0.16261166246180345,-0.3616347312927246,0.39650434255599976
deception,1,-0.12437990307807922,0.0,-0.12437990307807922,-0.12437990307807922
49,1,-0.12450946122407913,0.0,-0.12450946122407913,-0.12450946122407913
behavior,440,-0.12454785934903405,0.13871228600783733,-0.49588876962661743,0.6113938689231873
previous,404,-0.12465259881856122,0.058988880354962095,-0.2110232263803482,0.2010210007429123
couple,1,-0.12471944838762283,0.0,-0.12471944838762283,-0.12471944838762283
understand,28,-0.1249122588363077,0.15232817374632512,-0.3818533420562744,0.2334827184677124
are,1658,-0.12494856897355097,0.15439138182944187,-0.665208637714386,0.6399828195571899
This,494,-0.125198229144399,0.12750045459501003,-0.3970443606376648,0.33527401089668274
because,102,-0.12538016339143118,0.12357451547022325,-0.5819568634033203,0.16600698232650757
),454,-0.12538833360675936,0.1571413680206022,-0.49872273206710815,0.41703763604164124
specifically,7,-0.1261144323008401,0.19093218418261504,-0.3548334836959839,0.18025338649749756
reactions,31,-0.12615048092219136,0.15708908802455027,-0.46113091707229614,0.2053712159395218
discovered,20,-0.12634552717208863,0.13649151917119456,-0.39635324478149414,0.10418521612882614
layer,1,-0.12648621201515198,0.0,-0.12648621201515198,-0.12648621201515198
avoid,384,-0.1265441906240691,0.15848125058456397,-0.5253612399101257,0.5554871559143066
"),",332,-0.12658501889399557,0.15131318521134682,-0.5613927841186523,0.3432067632675171
right,22,-0.12681956216692924,0.21765580223166733,-0.6067913174629211,0.1924523413181305
step,582,-0.12744261020365655,0.10990195961662272,-0.5081452131271362,0.30284926295280457
escapes,4,-0.12768068723380566,0.04597846770742989,-0.19463810324668884,-0.08240437507629395
vulnerable,34,-0.12780644185841084,0.06151298779666724,-0.2545326054096222,0.01249396800994873
count,10,-0.12792830392718316,0.10129553580920905,-0.3282553553581238,-0.028563231229782104
out,88,-0.12799478781049733,0.15735642110944814,-0.45173215866088867,0.25003087520599365
interests,1,-0.12819057703018188,0.0,-0.12819057703018188,-0.12819057703018188
finds,1,-0.12851405143737793,0.0,-0.12851405143737793,-0.12851405143737793
opportunities,108,-0.12872761789778317,0.11022535056199921,-0.36367836594581604,0.11786989122629166
longest,1,-0.1289503276348114,0.0,-0.1289503276348114,-0.1289503276348114
uring,5,-0.1296064466238022,0.07737108274227392,-0.24057605862617493,-0.013864725828170776
stage,115,-0.12976664487758408,0.12735290829514778,-0.35732293128967285,0.1735955774784088
mindful,60,-0.1300099755326907,0.07838600987205752,-0.2881077229976654,0.04893083870410919
started,618,-0.13012901750245526,0.07312359765069075,-0.30314087867736816,0.2517097592353821
seem,181,-0.13023172381709622,0.1315388473701882,-0.5108031630516052,0.2488764226436615
its,191,-0.13034717238347257,0.08988786462297071,-0.3590366840362549,0.14629603922367096
while,412,-0.13050713432157068,0.13464473784060482,-0.4561139941215515,0.32145312428474426
remained,1,-0.13056373596191406,0.0,-0.13056373596191406,-0.13056373596191406
ones,7,-0.13080140788640296,0.12419007883998652,-0.27679091691970825,0.11615419387817383
ideally,2,-0.13142727315425873,0.030236124992370605,-0.16166339814662933,-0.10119114816188812
take,41,-0.13150386294213737,0.1489195367520776,-0.4279378056526184,0.20255929231643677
protect,1,-0.13179951906204224,0.0,-0.13179951906204224,-0.13179951906204224
ly,52,-0.13185828995819276,0.1637872663866703,-0.4379558563232422,0.3031340539455414
presents,7,-0.13196005725434848,0.06728553528073682,-0.2527701258659363,-0.05860574170947075
potentially,1007,-0.13205216902233252,0.11997444023317509,-0.5613735914230347,0.5867118835449219
accused,28,-0.13210230779701046,0.1453200526151231,-0.4620440900325775,0.14396852254867554
show,11,-0.13219357417388397,0.04163966002343843,-0.2208581566810608,-0.07861873507499695
stimulate,2,-0.13299672305583954,0.023075580596923828,-0.15607230365276337,-0.10992114245891571
suddenly,1,-0.1330575793981552,0.0,-0.1330575793981552,-0.1330575793981552
focus,215,-0.1331736133715441,0.1720879512818057,-0.5247958898544312,0.28937870264053345
could,1365,-0.13333995153738576,0.14725641567919548,-0.5426427125930786,0.47580933570861816
taking,18,-0.13377380847103065,0.1350549098557874,-0.33491063117980957,0.21305431425571442
addressed,3,-0.13386906621356806,0.12131514528164922,-0.2966662645339966,-0.005578560754656792
scouting,2,-0.13389994576573372,0.04242507740855217,-0.1763250231742859,-0.09147486835718155
progress,299,-0.13395808988179153,0.11581967619331063,-0.4220731854438782,0.38932788372039795
topic,1,-0.13408811390399933,0.0,-0.13408811390399933,-0.13408811390399933
hide,1,-0.13420766592025757,0.0,-0.13420766592025757,-0.13420766592025757
indications,4,-0.1344648227095604,0.08413157081653634,-0.2782764136791229,-0.06567244976758957
leave,20,-0.1344738531857729,0.07484479124715976,-0.27704375982284546,-0.018633462488651276
last,1,-0.1350826770067215,0.0,-0.1350826770067215,-0.1350826770067215
track,2,-0.13528276979923248,0.052415892481803894,-0.18769866228103638,-0.08286687731742859
time,288,-0.13563485746595283,0.13669942441310487,-0.47049957513809204,0.3008008599281311
become,2,-0.13588279299438,0.1859838981181383,-0.3218666911125183,0.050101105123758316
given,36,-0.13619214565389687,0.11674834408778294,-0.44609731435775757,0.06027602404356003
providing,11,-0.1362495388497006,0.22199374748443723,-0.4156801998615265,0.4223836660385132
dangers,1,-0.13654766976833344,0.0,-0.13654766976833344,-0.13654766976833344
'm,435,-0.13662228718314362,0.18114867958931308,-0.445398211479187,0.6809269189834595
be,2799,-0.13695618305099105,0.1814349379576477,-0.7716390490531921,0.5464586019515991
credibility,7,-0.13697354708399093,0.25536319497711624,-0.4022536873817444,0.18846973776817322
draw,20,-0.13705322686582805,0.14409127062464047,-0.34496259689331055,0.17565113306045532
sees,2,-0.13722248375415802,0.010278746485710144,-0.14750123023986816,-0.12694373726844788
backtrack,2,-0.13724158331751823,0.07437201216816902,-0.21161359548568726,-0.06286957114934921
craft,1,-0.1373288482427597,0.0,-0.1373288482427597,-0.1373288482427597
proximity,32,-0.1375186035875231,0.08913660263488694,-0.35863786935806274,0.11054261028766632
for,1254,-0.13792034378349544,0.14318092178022662,-0.5289908051490784,0.40006470680236816
response,4,-0.13815274834632874,0.09745745994125653,-0.2913739085197449,-0.03873768448829651
control,1,-0.1382686197757721,0.0,-0.1382686197757721,-0.1382686197757721
role,9,-0.13837311706609196,0.1039955566244973,-0.2810288965702057,0.008742637932300568
increasing,13,-0.13862982850808364,0.10089988038850763,-0.30426713824272156,0.024198222905397415
reaching,1,-0.13883551955223083,0.0,-0.13883551955223083,-0.13883551955223083
currently,830,-0.13957753332040038,0.12531946451949305,-0.4652949571609497,0.22749193012714386
reference,2,-0.14006270840764046,0.06510015949606895,-0.2051628679037094,-0.0749625489115715
finishing,6,-0.140262758359313,0.09313117590258581,-0.2857576608657837,-0.027011319994926453
drawn,1,-0.1403013914823532,0.0,-0.1403013914823532,-0.1403013914823532
total,1,-0.14062151312828064,0.0,-0.14062151312828064,-0.14062151312828064
two,321,-0.14068672027311221,0.13673580178619557,-0.5935233235359192,0.3203330636024475
requiring,10,-0.14086730182170867,0.14404301952708456,-0.3222024738788605,0.19248360395431519
oneself,1,-0.1408746987581253,0.0,-0.1408746987581253,-0.1408746987581253
COMPLETE,538,-0.14092015769665014,0.09104422526380701,-0.3411761224269867,0.1940447986125946
decided,2,-0.14113690331578255,0.12918169423937798,-0.2703185975551605,-0.011955209076404572
eventually,13,-0.1413502274797513,0.0758812411223584,-0.2498593032360077,-0.02024364098906517
noteworthy,1,-0.14148366451263428,0.0,-0.14148366451263428,-0.14148366451263428
center,1,-0.14175350964069366,0.0,-0.14175350964069366,-0.14175350964069366
considerations,1,-0.14176663756370544,0.0,-0.14176663756370544,-0.14176663756370544
openly,1,-0.14220425486564636,0.0,-0.14220425486564636,-0.14220425486564636
legitimate,27,-0.14235440310504702,0.10535325067396441,-0.3752114772796631,0.12303832918405533
exhibited,1,-0.14238588511943817,0.0,-0.14238588511943817,-0.14238588511943817
situation,137,-0.1425733166835169,0.1182061886307397,-0.41413283348083496,0.15979914367198944
urgent,6,-0.14299880837400755,0.1260854617463502,-0.2519274353981018,0.0860496386885643
actually,7,-0.14318835522447312,0.14466622584016253,-0.31818342208862305,0.13714580237865448
identifying,90,-0.14323605582531956,0.12912317043863097,-0.46477633714675903,0.12889838218688965
configuration,6,-0.1435195878148079,0.09341584006794963,-0.3112558126449585,-0.02510181814432144
recently,10,-0.14354382064193488,0.13740895855236132,-0.3424917459487915,0.13690008223056793
primary,138,-0.14368615596406703,0.10741701690517425,-0.6023768782615662,0.1171828955411911
-consuming,1,-0.14369115233421326,0.0,-0.14369115233421326,-0.14369115233421326
suggest,3,-0.14378588646650314,0.1213680072651042,-0.28939056396484375,0.00772317498922348
additional,13,-0.14380425300735694,0.08104864439866659,-0.34224948287010193,-0.018621880561113358
alliances,2,-0.14412187039852142,0.0835149735212326,-0.22763684391975403,-0.06060689687728882
assessing,4,-0.1444624699652195,0.05791146736531314,-0.23652778565883636,-0.08079978823661804
linear,3,-0.144826906422774,0.07777578488207439,-0.2191799134016037,-0.037455447018146515
escape,32,-0.14489369187504053,0.10006647979277626,-0.40088874101638794,0.06137847900390625
outside,1,-0.14490413665771484,0.0,-0.14490413665771484,-0.14490413665771484
majority,7,-0.14491369894572667,0.18244021557369308,-0.40020689368247986,0.15153419971466064
occupied,3,-0.14512899021307626,0.1572815419950634,-0.315558522939682,0.06386604905128479
With,12,-0.14516105813284716,0.05683997364619287,-0.27048826217651367,-0.07592342048883438
and,7925,-0.1452448216538982,0.16254012636161078,-0.5896716117858887,0.6738553047180176
per,3,-0.14526890714963278,0.04799982022675058,-0.20686404407024384,-0.08976297080516815
three,314,-0.1453560092575421,0.10456747295478497,-0.39351046085357666,0.39134481549263
purpose,3,-0.1454055905342102,0.11981087408948303,-0.2983532249927521,-0.00578722357749939
becomes,3,-0.14558825890223184,0.22631405663546533,-0.43625199794769287,0.11577387154102325
personally,1,-0.1456838846206665,0.0,-0.1456838846206665,-0.1456838846206665
threaten,1,-0.14600133895874023,0.0,-0.14600133895874023,-0.14600133895874023
movements,411,-0.14663501509177496,0.1421695081996492,-0.453887939453125,0.3910073935985565
like,524,-0.1468666386648387,0.15745071124425908,-0.5639830827713013,0.43955639004707336
riority,3,-0.14695296188195547,0.17228320857536722,-0.3412143886089325,0.077532097697258
path,468,-0.14698814661202267,0.1302839675576908,-0.5909218192100525,0.2926941215991974
reason,55,-0.1472203175791285,0.13422907911695123,-0.4059683084487915,0.17085355520248413
joining,1,-0.14759701490402222,0.0,-0.14759701490402222,-0.14759701490402222
conflicts,1,-0.14766749739646912,0.0,-0.14766749739646912,-0.14766749739646912
upon,3,-0.14789175987243652,0.10075968880969187,-0.2581549286842346,-0.014591783285140991
ensure,22,-0.14804226803508672,0.1811420612053096,-0.4802127480506897,0.28793901205062866
hiding,4,-0.1480700671672821,0.08021802518907249,-0.2354792207479477,-0.0208577960729599
noting,2,-0.1482955813407898,0.11987856030464172,-0.2681741416454315,-0.02841702103614807
strike,35,-0.14899180696478911,0.10524490499040613,-0.31432196497917175,0.04893548786640167
passed,5,-0.14908209294080735,0.07029526015993277,-0.28894317150115967,-0.10215328633785248
complications,1,-0.14989569783210754,0.0,-0.14989569783210754,-0.14989569783210754
full,5,-0.15021541267633437,0.03209881709133027,-0.19096598029136658,-0.09992308169603348
direction,17,-0.150232237051515,0.14801138101580802,-0.5517601370811462,0.1495354175567627
moved,1887,-0.15045072948861182,0.12171210562429284,-0.5660837292671204,0.41182512044906616
behaves,4,-0.1505957432091236,0.11396130021650336,-0.3374847173690796,-0.030010908842086792
since,415,-0.15065242283225777,0.09229690401994747,-0.4059206247329712,0.21690423786640167
eye,129,-0.1506772909688857,0.1930845731331863,-0.4996389150619507,0.5316951274871826
Since,1405,-0.15097141422039673,0.09722654522177676,-0.42069727182388306,0.19379130005836487
learning,1,-0.15153434872627258,0.0,-0.15153434872627258,-0.15153434872627258
stumble,1,-0.15182843804359436,0.0,-0.15182843804359436,-0.15182843804359436
necessarily,3,-0.15262156228224436,0.031630821663457626,-0.19729241728782654,-0.1282491385936737
believable,1,-0.15279588103294373,0.0,-0.15279588103294373,-0.15279588103294373
substantial,5,-0.1527966722846031,0.04884412628789533,-0.23141610622406006,-0.08656750619411469
accusations,18,-0.15286308485600683,0.17568252865878103,-0.3604053258895874,0.20306609570980072
various,37,-0.15291565712037924,0.15437313185961163,-0.44831913709640503,0.16230785846710205
might,965,-0.153264160251602,0.1404103840056218,-0.609176754951477,0.5238301753997803
limit,4,-0.15391107089817524,0.0809188969333222,-0.23703160881996155,-0.0457824245095253
meant,1,-0.15398934483528137,0.0,-0.15398934483528137,-0.15398934483528137
limiting,3,-0.15415950119495392,0.03291357387231421,-0.2003074586391449,-0.1258196383714676
interest,8,-0.15455603506416082,0.21315373531235796,-0.5576038956642151,0.15522515773773193
ensuring,2,-0.1547822579741478,0.02691435068845749,-0.18169660866260529,-0.1278679072856903
noticed,30,-0.15484783289333184,0.17110687893939627,-0.45168837904930115,0.29228758811950684
potential,702,-0.15489700936481485,0.13732440699801893,-0.555405855178833,0.3917555809020996
serious,5,-0.1549302488565445,0.2267247573654445,-0.4706815481185913,0.21526280045509338
explained,1,-0.15501627326011658,0.0,-0.15501627326011658,-0.15501627326011658
much,27,-0.15509051036227633,0.15764373631596296,-0.3656500279903412,0.3025563359260559
until,1,-0.15523093938827515,0.0,-0.15523093938827515,-0.15523093938827515
efficiency,29,-0.1560562091783203,0.10321582530462298,-0.3637193441390991,0.12378671020269394
bring,41,-0.15610980664993204,0.08002622793831689,-0.35319235920906067,0.01211787760257721
through,252,-0.15615090171969126,0.14402143652555724,-0.5587425827980042,0.22275543212890625
four,28,-0.15658815364752496,0.12189515961199975,-0.3888002038002014,0.09209612011909485
value,3,-0.15686653554439545,0.10962587815471925,-0.3099515736103058,-0.05909954756498337
timing,3,-0.156976987918218,0.3128976086554459,-0.42562299966812134,0.28186097741127014
quicker,26,-0.15713118561185324,0.06662543451079363,-0.27631908655166626,0.007777221500873566
suspicions,35,-0.15713508214269364,0.2000667039049973,-0.45810404419898987,0.6305948495864868
Among,8,-0.1571987709030509,0.03394985703610671,-0.19605402648448944,-0.07730341702699661
likelihood,2,-0.1573006585240364,0.035609595477581024,-0.19291025400161743,-0.12169106304645538
strategy,139,-0.15846650591857142,0.1519987562383127,-0.5798883438110352,0.1635323464870453
indicating,9,-0.15846828288502163,0.1410305523671989,-0.361392080783844,0.14543335139751434
(,911,-0.15855491462416138,0.16445816011945238,-0.5997772216796875,0.4669863283634186
[,5082,-0.158782535534981,0.3757092426243253,-0.688554584980011,0.28253960609436035
surrounding,6,-0.15881235587100187,0.10481863269446588,-0.3407161235809326,-0.004822161048650742
correctly,5,-0.15884532630443574,0.06332681249646166,-0.23626811802387238,-0.08224598318338394
though,5,-0.15889559537172318,0.18487627140570154,-0.42536869645118713,0.13012699782848358
suggests,13,-0.15896411068164384,0.11934090456354021,-0.36932384967803955,0.024490617215633392
establish,5,-0.15897749364376068,0.14137877662012255,-0.28262031078338623,0.09780596196651459
advantage,52,-0.1591456265260394,0.13645636348510048,-0.41127580404281616,0.26186493039131165
ance,3,-0.15915676454703012,0.06805274521952567,-0.2537020444869995,-0.0963066816329956
finish,4,-0.15925311669707298,0.09140455645183483,-0.2867695093154907,-0.056813329458236694
surely,3,-0.1600062996149063,0.06473033882590533,-0.23087596893310547,-0.07439036667346954
new,32,-0.16012207511812449,0.11900855232121163,-0.3909491300582886,0.08070601522922516
shown,4,-0.16018003597855568,0.05118968583001788,-0.24595390260219574,-0.12060724198818207
managing,3,-0.16025822858015695,0.025438061261696388,-0.19293683767318726,-0.1308911144733429
confronting,1,-0.16035373508930206,0.0,-0.16035373508930206,-0.16035373508930206
MON,7,-0.16045082679816655,0.09880437495165088,-0.253383606672287,0.037082768976688385
immediate,168,-0.16076421968284108,0.15214222394977284,-0.5572693347930908,0.26974618434906006
aware,28,-0.16077418638659374,0.17359470750776868,-0.41009262204170227,0.3103550970554352
lack,5,-0.16084095537662507,0.12652419799465278,-0.3203110992908478,0.003569275140762329
identification,1,-0.16105954349040985,0.0,-0.16105954349040985,-0.16105954349040985
manage,4,-0.16122708329930902,0.18839187760004553,-0.4115607738494873,0.0292253028601408
safety,55,-0.16142490248788488,0.14097155256388902,-0.5188611745834351,0.34170061349868774
action,199,-0.16172665584102347,0.15999063759218637,-0.46999239921569824,0.32668325304985046
Thus,2,-0.16193515062332153,0.03587290644645691,-0.19780805706977844,-0.12606224417686462
completion,126,-0.16193801832814064,0.1865660297961546,-0.531630277633667,0.6949918866157532
accepting,2,-0.16220822930335999,0.0,-0.16220822930335999,-0.16220822930335999
det,3,-0.1622725228468577,0.04927947756596936,-0.22863665223121643,-0.1106635183095932
scenario,2,-0.16244107484817505,0.04985278844833374,-0.2122938632965088,-0.11258828639984131
achieve,17,-0.16252488182748065,0.08156723760854528,-0.23833712935447693,0.05492701008915901
offer,5,-0.16253823190927505,0.04227456805965688,-0.23473693430423737,-0.1180545911192894
connects,5,-0.16262815818190574,0.07944698327121667,-0.2543874680995941,-0.016160812228918076
except,202,-0.16277986763063634,0.07841164773723211,-0.48247915506362915,0.03386745974421501
all,432,-0.1631791559479165,0.20349932006008087,-0.557306170463562,0.3469986915588379
special,6,-0.1634813447793325,0.0772694345944859,-0.27484235167503357,-0.08453863859176636
request,1,-0.16356605291366577,0.0,-0.16356605291366577,-0.16356605291366577
way,102,-0.16361253964258174,0.16905715600188068,-0.520952582359314,0.3610702157020569
progresses,11,-0.16382114724679428,0.11228842570226713,-0.27099454402923584,0.06730975955724716
chances,33,-0.16389151527123016,0.08243112865618095,-0.3312718868255615,-0.006438367068767548
confrontation,5,-0.16399246081709862,0.151200812120984,-0.35347655415534973,0.03360188379883766
strong,7,-0.1646146582705634,0.1916051738851028,-0.3125584125518799,0.2637688219547272
less,108,-0.1649724357864923,0.12718344338485832,-0.4822230339050293,0.13683928549289703
assuming,4,-0.16517018154263496,0.05821174293070281,-0.2391943484544754,-0.08557657897472382
made,546,-0.16552761412693032,0.08913624450472431,-0.6057844161987305,0.3276711702346802
another,513,-0.16555552648609145,0.13596853127148303,-0.5203235149383545,0.27717483043670654
decrease,1,-0.1656380295753479,0.0,-0.1656380295753479,-0.1656380295753479
environment,4,-0.16574209555983543,0.035316161224961534,-0.2266279011964798,-0.14134564995765686
responded,1,-0.16611742973327637,0.0,-0.16611742973327637,-0.16611742973327637
identity,155,-0.16617928309546362,0.09551493341317843,-0.4043489992618561,0.06349413096904755
is,3622,-0.16623473895442673,0.18007463434506346,-0.748794674873352,0.5292348861694336
makes,142,-0.1664113294018406,0.10241874131580637,-0.45846128463745117,0.09853919595479965
presumably,8,-0.16656733257696033,0.10008255479861504,-0.2731495499610901,0.03278440609574318
information,1135,-0.16658047150968192,0.12358219940483874,-0.5275541543960571,0.45884597301483154
advantageous,6,-0.16679653276999792,0.18031272431512835,-0.39162275195121765,0.17939281463623047
directions,1,-0.16696679592132568,0.0,-0.16696679592132568,-0.16696679592132568
requires,121,-0.16700554660652295,0.13971865614593965,-0.626771092414856,0.10810527950525284
space,2,-0.1675257794559002,0.19833235815167427,-0.36585813760757446,0.03080657869577408
least,78,-0.16754317780335745,0.12498104975113726,-0.3609905242919922,0.42220786213874817
une,8,-0.16759787686169147,0.09846251182139268,-0.3175446093082428,-0.006857395172119141
require,238,-0.16787444710919336,0.13156860066035764,-0.4403040409088135,0.16725754737854004
address,11,-0.16799972782080824,0.1719018949739565,-0.38713598251342773,0.2223106026649475
noted,13,-0.16809435074145979,0.06558375179231368,-0.27313560247421265,-0.04011015594005585
acts,4,-0.1681676208972931,0.06741341145172791,-0.25846338272094727,-0.06829307973384857
put,144,-0.16830590609202367,0.10076049870624049,-0.5097247958183289,0.06215537339448929
communicating,1,-0.1684141904115677,0.0,-0.1684141904115677,-0.1684141904115677
spot,4,-0.16852459497749805,0.09927542386196968,-0.2830161154270172,-0.05470935255289078
across,22,-0.1685910573737188,0.1306544636345945,-0.3333309590816498,0.13792310655117035
progression,8,-0.1687811054289341,0.08124558570779693,-0.3381336033344269,-0.04369854927062988
accessed,4,-0.1688173832371831,0.21042922919602705,-0.528223991394043,-0.00731094554066658
notice,22,-0.16906033964319664,0.15559114698254115,-0.3489428162574768,0.1915934830904007
as,1173,-0.1694505144790361,0.14381539015264957,-0.5874618291854858,0.44542282819747925
0,207,-0.17007807119421048,0.08621421270178205,-0.41160935163497925,0.08342398703098297
bringing,13,-0.17020836128638342,0.07450097534362858,-0.3178512156009674,-0.05887162685394287
close,49,-0.17048451943056925,0.13789238704891074,-0.453200101852417,0.2480957806110382
enable,1,-0.17054496705532074,0.0,-0.17054496705532074,-0.17054496705532074
advisable,1,-0.17075492441654205,0.0,-0.17075492441654205,-0.17075492441654205
decision,41,-0.17098129622456504,0.14999577457601013,-0.4623883068561554,0.07426051795482635
dynamics,1,-0.17105771601200104,0.0,-0.17105771601200104,-0.17105771601200104
unknown,5,-0.17107022553682327,0.0572620286116123,-0.2470775842666626,-0.08909530192613602
But,19,-0.1711262646866472,0.07686067950561982,-0.30140918493270874,0.05235493928194046
ant,3,-0.17116485784451166,0.08370089905276808,-0.2510170042514801,-0.055565230548381805
en,1,-0.17132440209388733,0.0,-0.17132440209388733,-0.17132440209388733
separate,5,-0.1714361423626542,0.18290193034182325,-0.5190848112106323,-0.004240390844643116
making,134,-0.1715591198750841,0.13786388852513143,-0.452800989151001,0.27789244055747986
opportunity,518,-0.17173949221659696,0.11982478836556848,-0.5703253149986267,0.21617695689201355
brings,10,-0.17199141904711723,0.06243628174124818,-0.2881889343261719,-0.047111816704273224
may,61,-0.17225807805957852,0.10905321366225466,-0.4144432246685028,0.15480902791023254
where,460,-0.17267002582894234,0.1172022808823335,-0.5052130222320557,0.2693990170955658
not,615,-0.1728639906862887,0.178511836277257,-0.6166882514953613,0.4457852244377136
usage,2,-0.1729368008673191,0.05791103467345238,-0.23084783554077148,-0.11502576619386673
by,338,-0.17343678760766632,0.16181163271798632,-0.5648428201675415,0.22122837603092194
caution,13,-0.17373311490966722,0.14356562647854298,-0.39106956124305725,0.036799266934394836
uced,1,-0.17419125139713287,0.0,-0.17419125139713287,-0.17419125139713287
starts,1,-0.1744275540113449,0.0,-0.1744275540113449,-0.1744275540113449
indirectly,5,-0.17443898022174836,0.065733208232383,-0.27441278100013733,-0.09009289741516113
respective,18,-0.174653017686473,0.09939208843518141,-0.353422075510025,-0.016193218529224396
accessibility,3,-0.1747690091530482,0.052147397507505716,-0.22673460841178894,-0.10346834361553192
avoiding,42,-0.17540497501336394,0.14774265592076613,-0.4061988890171051,0.22504812479019165
remain,15,-0.17607154796520869,0.09396687543596027,-0.36350691318511963,-0.04383956640958786
same,149,-0.17615986490409646,0.142849305178939,-0.5144228935241699,0.2087538242340088
central,38,-0.17665244560492666,0.08886826023436063,-0.37001311779022217,0.026826079934835434
assess,15,-0.1766943688193957,0.11568003486091713,-0.3324170708656311,0.0773400366306305
continue,19,-0.17679356940482793,0.09965123145545686,-0.41006946563720703,-0.019313305616378784
prompting,1,-0.17762473225593567,0.0,-0.17762473225593567,-0.17762473225593567
learn,3,-0.17763460675875345,0.05017812202042352,-0.2172718495130539,-0.10684116184711456
more,757,-0.17778331972658634,0.16246883877721724,-0.5847809314727783,0.6652015447616577
Sharing,10,-0.17792216129601002,0.12071649437898214,-0.3907366394996643,0.022258836776018143
trap,1,-0.17819185554981232,0.0,-0.17819185554981232,-0.17819185554981232
shortest,72,-0.17833509578162599,0.11919820178155233,-0.4631081223487854,0.03169630840420723
easily,7,-0.17858800158968993,0.1241973146307703,-0.37076523900032043,0.016779163852334023
pivotal,2,-0.17870010435581207,0.0408346951007843,-0.21953479945659637,-0.13786540925502777
conclusive,2,-0.17916232347488403,0.03793436288833618,-0.21709668636322021,-0.14122796058654785
indicated,1,-0.17935580015182495,0.0,-0.17935580015182495,-0.17935580015182495
aggressively,2,-0.1793757975101471,0.05399523675441742,-0.23337103426456451,-0.12538056075572968
advances,1,-0.17967385053634644,0.0,-0.17967385053634644,-0.17967385053634644
finding,24,-0.17972607150052985,0.09127743799552279,-0.32114046812057495,0.012830827385187149
chance,45,-0.17984912875625822,0.09896020412765491,-0.3866688013076782,0.12186750769615173
hand,131,-0.18004333765338396,0.12799903490283784,-0.4797096252441406,0.1715214103460312
then,257,-0.18037186163669663,0.11393067608439124,-0.48085448145866394,0.1696857213973999
thereby,2,-0.18059667944908142,0.004464000463485718,-0.18506067991256714,-0.1761326789855957
doubt,2,-0.18101900070905685,0.025558434426784515,-0.20657743513584137,-0.15546056628227234
progressing,4,-0.18150115991011262,0.09817857080048775,-0.27958381175994873,-0.01794288493692875
valid,2,-0.18170279264450073,0.2837040424346924,-0.4654068350791931,0.10200124979019165
conclusions,9,-0.18183422833681107,0.2148621733048796,-0.4425874948501587,0.1262790560722351
movement,174,-0.18189033338714433,0.11378775555282604,-0.40181779861450195,0.13471433520317078
suggestion,9,-0.18239008469714058,0.10083333962670636,-0.37509793043136597,-0.019946299493312836
proceed,55,-0.1827830784022808,0.10786687979495531,-0.3656501770019531,0.10510965436697006
ask,71,-0.18297172815237248,0.15707727813240555,-0.4030943512916565,0.380275160074234
free,9,-0.18355801122056115,0.08566505973290102,-0.3473970890045166,-0.04893474280834198
deviation,1,-0.18357858061790466,0.0,-0.18357858061790466,-0.18357858061790466
insight,129,-0.18399901985544567,0.1237618445875049,-0.455445796251297,0.10328760743141174
considered,12,-0.1845541149377823,0.115445447228153,-0.3627527356147766,0.00552947074174881
instantly,1,-0.18485593795776367,0.0,-0.18485593795776367,-0.18485593795776367
mind,13,-0.18487562926915976,0.07607082476337454,-0.29246988892555237,-0.03676296025514603
reasoning,2,-0.1849018856883049,0.09567797929048538,-0.2805798649787903,-0.08922390639781952
start,661,-0.18491300950094539,0.14076830446648794,-0.550573468208313,0.5450491905212402
harder,12,-0.18508920601258674,0.11271154049551796,-0.40680545568466187,-0.04502926021814346
closer,162,-0.18509904885043701,0.12115006939737899,-0.5007535219192505,0.17351657152175903
Asking,1,-0.18510206043720245,0.0,-0.18510206043720245,-0.18510206043720245
hidden,1,-0.18549825251102448,0.0,-0.18549825251102448,-0.18549825251102448
est,1,-0.18550819158554077,0.0,-0.18550819158554077,-0.18550819158554077
confusion,9,-0.18567886700232825,0.08189742761834813,-0.2536620795726776,0.016661740839481354
using,83,-0.18569193591913544,0.11157035212405406,-0.5394538640975952,0.058337658643722534
evolving,1,-0.18585088849067688,0.0,-0.18585088849067688,-0.18585088849067688
with,2353,-0.18588206537908575,0.1394970957505347,-0.6627430319786072,0.573494553565979
achieving,6,-0.18613646055261293,0.06404458366586961,-0.2899280786514282,-0.09556946903467178
know,19,-0.18731753802613207,0.14417161259982414,-0.4092048108577728,0.11627063155174255
freeing,4,-0.18736062198877335,0.01207397540453165,-0.20482808351516724,-0.17102572321891785
proceeding,4,-0.18738295324146748,0.11432341569743981,-0.3247331380844116,-0.03462991863489151
destination,16,-0.1874405660200864,0.08643848541386363,-0.36140206456184387,0.003813367336988449
initiate,3,-0.18753094412386417,0.1863057201588906,-0.4397571384906769,0.0045457202941179276
fellow,14,-0.188239739675607,0.14169235301569055,-0.44673603773117065,0.11998870968818665
clarify,24,-0.18824703137700757,0.14986616093214897,-0.4197080135345459,0.16749370098114014
strategically,6,-0.18840319787462553,0.10207195859321072,-0.3776138126850128,-0.07388757914304733
interfere,2,-0.18857914209365845,0.06333601474761963,-0.2519151568412781,-0.12524312734603882
innocence,3,-0.18869162599245706,0.19595456840634576,-0.39674845337867737,0.07386614382266998
distribution,8,-0.18872893881052732,0.07716572138324569,-0.2991756796836853,-0.06800030171871185
which,960,-0.18915712538097676,0.16703958561518198,-0.6023179292678833,0.5681988000869751
help,320,-0.18924728841520846,0.1407303970192018,-0.6451840996742249,0.3107553720474243
element,2,-0.1893150582909584,0.07470222562551498,-0.2640172839164734,-0.11461283266544342
now,342,-0.1896767908522086,0.12825848040651747,-0.5372521877288818,0.335601270198822
unintended,1,-0.1905231475830078,0.0,-0.1905231475830078,-0.1905231475830078
consensus,2,-0.19081679731607437,0.15048798173666,-0.3413047790527344,-0.04032881557941437
move,864,-0.1912039291249433,0.1170422127398365,-0.5972612500190735,0.22206814587116241
decides,4,-0.19122261554002762,0.0721933548020475,-0.31574875116348267,-0.1399323046207428
trapped,2,-0.1912534236907959,0.04346269369125366,-0.23471611738204956,-0.14779072999954224
implicated,1,-0.19157414138317108,0.0,-0.19157414138317108,-0.19157414138317108
assessment,1,-0.19227036833763123,0.0,-0.19227036833763123,-0.19227036833763123
facade,3,-0.19260684152444205,0.040791008514090406,-0.24651575088500977,-0.14786948263645172
readily,24,-0.1926880357787013,0.09523411540608495,-0.37764972448349,-0.07283954322338104
open,7,-0.19290125689336232,0.18034738456973662,-0.42596784234046936,0.1429191529750824
izes,26,-0.1931409963334982,0.1312194457914298,-0.4304746389389038,0.042295314371585846
including,209,-0.1934242787632788,0.11228554797604098,-0.4447062611579895,0.2338201403617859
completing,1019,-0.19355680544744588,0.13822527203240528,-0.6129140853881836,0.41388213634490967
solely,2,-0.19370988011360168,0.06842893362045288,-0.26213881373405457,-0.1252809464931488
outdated,1,-0.19379538297653198,0.0,-0.19379538297653198,-0.19379538297653198
takes,6,-0.1938310277958711,0.09233348402843541,-0.37752610445022583,-0.08236519247293472
enough,18,-0.19386426876816484,0.11701006807812289,-0.3430444002151489,0.196822389960289
truth,1,-0.19406066834926605,0.0,-0.19406066834926605,-0.19406066834926605
spread,15,-0.1941426808635394,0.12579683906481479,-0.4936538636684418,0.031393516808748245
pretend,26,-0.19417956127570227,0.0772559815725512,-0.3466567397117615,-0.048194244503974915
clarity,1,-0.19423215091228485,0.0,-0.19423215091228485,-0.19423215091228485
addition,1,-0.19434960186481476,0.0,-0.19434960186481476,-0.19434960186481476
pathway,1,-0.19449613988399506,0.0,-0.19449613988399506,-0.19449613988399506
use,107,-0.1945637902680123,0.15547779497961242,-0.6710391044616699,0.20772883296012878
personal,4,-0.19465112313628197,0.08135266538236179,-0.2753116488456726,-0.07171393930912018
bit,17,-0.19469275106402004,0.3081432188892119,-0.4895801544189453,0.37541598081588745
case,10,-0.19499431774020196,0.11220959212913137,-0.32623136043548584,-0.018437452614307404
current,413,-0.19502647659463976,0.10383480985138668,-0.5385857820510864,0.1741870492696762
ellow,3,-0.19534368813037872,0.0509282070082332,-0.2456834614276886,-0.12556490302085876
contribution,2,-0.19545327126979828,0.013203904032707214,-0.2086571753025055,-0.18224936723709106
Using,3,-0.1964705487092336,0.0761581867664582,-0.3022288978099823,-0.12594249844551086
that,1950,-0.19738577871798324,0.13197548709420506,-0.5900551080703735,0.547182023525238
sign,4,-0.19743030704557896,0.14009213270270982,-0.4111027717590332,-0.02832091599702835
occurs,8,-0.19769141357392073,0.13701693343989776,-0.33329659700393677,0.02315327525138855
balances,2,-0.19772884249687195,0.06504562497138977,-0.2627744674682617,-0.13268321752548218
avoided,1,-0.19791465997695923,0.0,-0.19791465997695923,-0.19791465997695923
ting,252,-0.1981785523941711,0.12697458373031914,-0.4845176339149475,0.2852371037006378
point,171,-0.19850074345169708,0.16035838230385552,-0.6357026100158691,0.18030907213687897
but,721,-0.19873900383829698,0.1663812863786373,-0.616273045539856,0.4844419062137604
goes,15,-0.19882627775271733,0.1268002621235955,-0.5326799154281616,-0.011161714792251587
fact,48,-0.19885182621267936,0.10659695729239768,-0.42836612462997437,0.015235602855682373
provides,28,-0.1991642796035324,0.18571820391154414,-0.5323880910873413,0.1272590607404709
had,6,-0.19917627330869436,0.13265619676850407,-0.35785165429115295,0.009785471484065056
departure,1,-0.1992122083902359,0.0,-0.1992122083902359,-0.1992122083902359
quick,25,-0.19923746541142465,0.16490474718770468,-0.5205504894256592,0.35829538106918335
either,135,-0.19932182861699,0.15343196565476871,-0.5039870738983154,0.5087460279464722
reasons,3,-0.19934521367152533,0.06797844650240874,-0.26672467589378357,-0.1062702164053917
during,32,-0.19935053028166294,0.11533945922064766,-0.38010257482528687,0.06389178335666656
available,132,-0.19952843212663676,0.1207955938157411,-0.43604740500450134,0.25284069776535034
some,160,-0.1997553453897126,0.16801195445886583,-0.44283562898635864,0.4192974865436554
All,187,-0.1998551771502922,0.1090036629785497,-0.3445819616317749,0.1164638102054596
inconsistencies,9,-0.19991402162445915,0.1150101224404794,-0.2989541292190552,0.09951764345169067
focusing,50,-0.20038344271481037,0.11109308689551724,-0.48969346284866333,0.09531621634960175
intel,1,-0.2007542848587036,0.0,-0.2007542848587036,-0.2007542848587036
especially,139,-0.20088461979473238,0.12827447916871287,-0.4625328779220581,0.6330270171165466
decide,162,-0.20093623065838107,0.11373667485961411,-0.45689213275909424,0.20116707682609558
ess,14,-0.20159354167325155,0.06338902258638021,-0.3010413646697998,-0.06300672888755798
raised,13,-0.20160678659494108,0.1873469658085818,-0.4849030673503876,0.33187171816825867
diversion,48,-0.2022913764618958,0.09277238094858939,-0.36650654673576355,0.06343840062618256
committing,1,-0.2025609314441681,0.0,-0.2025609314441681,-0.2025609314441681
bold,1,-0.20266395807266235,0.0,-0.20266395807266235,-0.20266395807266235
clues,10,-0.20269413515925408,0.09273518344057939,-0.3367905020713806,-0.07692083716392517
from,1546,-0.20323057924090063,0.1056542201089203,-0.5920097231864929,0.5902578830718994
often,1,-0.20360024273395538,0.0,-0.20360024273395538,-0.20360024273395538
none,1,-0.2039424329996109,0.0,-0.2039424329996109,-0.2039424329996109
attempting,10,-0.2048606775701046,0.11465549306824453,-0.3746323883533478,-0.07111553847789764
whose,1,-0.20491713285446167,0.0,-0.20491713285446167,-0.20491713285446167
revelation,1,-0.2049250304698944,0.0,-0.2049250304698944,-0.2049250304698944
possible,78,-0.2052715282457379,0.1215676158447773,-0.551729679107666,0.08654741197824478
s,56,-0.205319478675457,0.11635772082008415,-0.5208949446678162,0.12291836738586426
K,45,-0.20561674535274505,0.10431956196717726,-0.391035258769989,0.06414756178855896
Therefore,52,-0.20573656723046532,0.08978600977988617,-0.3434394598007202,0.026327010244131088
essential,67,-0.20585889135723684,0.0873028918255439,-0.583654522895813,0.03124745935201645
allow,380,-0.20600579684404166,0.11228668300448019,-0.4687483310699463,0.23592637479305267
should,1450,-0.20620591703995034,0.15560632418138298,-0.6603111028671265,0.3406399190425873
indicate,31,-0.20644817068692176,0.11550817133020379,-0.3977552652359009,0.03480832278728485
strongly,4,-0.20646335557103157,0.04221211284167721,-0.26035061478614807,-0.14192892611026764
vital,1,-0.2065282016992569,0.0,-0.2065282016992569,-0.2065282016992569
common,228,-0.20681595768812194,0.13743817249155169,-0.48124635219573975,0.45508265495300293
contributes,5,-0.20685876309871673,0.03345528012232361,-0.2639060616493225,-0.17276671528816223
faster,3,-0.2071067119638125,0.1813976445104207,-0.37431085109710693,0.044987909495830536
tie,1,-0.20738938450813293,0.0,-0.20738938450813293,-0.20738938450813293
offering,2,-0.20807930082082748,0.047947295010089874,-0.25602659583091736,-0.1601320058107376
gathering,153,-0.20846608329832164,0.11789169640599184,-0.47214555740356445,0.20825299620628357
clarified,2,-0.20887556672096252,0.04154446721076965,-0.2504200339317322,-0.16733109951019287
Orange,2,-0.20923935621976852,0.025300882756710052,-0.23454023897647858,-0.18393847346305847
likely,131,-0.20942742570893455,0.14264658568395894,-0.4985797107219696,0.09420907497406006
Four,2,-0.20960728079080582,0.024049915373325348,-0.23365719616413116,-0.18555736541748047
initiated,8,-0.2101565753109753,0.12252093933357545,-0.3404539227485657,0.012192834168672562
balance,9,-0.21032779746585423,0.05454519619867252,-0.2826605439186096,-0.11399957537651062
reaction,1,-0.21044006943702698,0.0,-0.21044006943702698,-0.21044006943702698
wise,35,-0.210625313435282,0.09115197531257847,-0.37574058771133423,0.005134511739015579
sole,1,-0.21137233078479767,0.0,-0.21137233078479767,-0.21137233078479767
high,20,-0.21164064779877662,0.19135786028297108,-0.4934898316860199,0.321916788816452
plausible,10,-0.211687184125185,0.09811119051228354,-0.3770143389701843,-0.08488532900810242
clear,35,-0.21188772693276406,0.11307453852778457,-0.4408321678638458,-0.03380906581878662
attempt,29,-0.21191685441239128,0.08341395596175116,-0.38196247816085815,-0.0623987540602684
observing,91,-0.2119601822079538,0.1026378356512905,-0.42181193828582764,0.028870820999145508
concrete,35,-0.21222610026597977,0.06814749500137762,-0.37708958983421326,-0.09105806052684784
patterns,2,-0.21250739321112633,0.1166704036295414,-0.3291777968406677,-0.09583698958158493
tries,6,-0.21275383730729422,0.07093790487662172,-0.3136245608329773,-0.11011303961277008
observe,444,-0.21280008068241113,0.09500755096534111,-0.508967399597168,0.07604173570871353
downfall,1,-0.212933748960495,0.0,-0.212933748960495,-0.212933748960495
different,529,-0.21296126484546973,0.1303610255782106,-0.5663901567459106,0.2386513650417328
gaining,13,-0.21369804069399834,0.10168912980845796,-0.36277204751968384,-0.0483982153236866
insights,40,-0.21382858119904996,0.09043702323288731,-0.4363417625427246,-0.037472523748874664
raises,13,-0.21384201428064933,0.16446589980291387,-0.4864118993282318,0.13627856969833374
please,15,-0.21405773162841796,0.09420312578506848,-0.3273733854293823,0.0796932578086853
essentially,1,-0.2141406536102295,0.0,-0.2141406536102295,-0.2141406536102295
must,43,-0.21419014599780703,0.10105719494139076,-0.5058045387268066,-0.038452379405498505
izing,8,-0.21467674896121025,0.09093639367914391,-0.3493154048919678,-0.08243726193904877
implying,5,-0.21481873095035553,0.031906142767913606,-0.2718449831008911,-0.18034538626670837
farther,3,-0.21516112486521402,0.05056117331181433,-0.28457868099212646,-0.16560140252113342
aid,3,-0.21538270016511282,0.07050229181126189,-0.29715967178344727,-0.12509527802467346
distributed,5,-0.2163437396287918,0.08117667237294043,-0.2844143509864807,-0.08376288414001465
staying,20,-0.21660312004387378,0.1279295435498136,-0.42841482162475586,0.013495638966560364
am,1540,-0.2166947125928936,0.13921924464731686,-0.5071101188659668,0.41861140727996826
again,4,-0.21729960665106773,0.08743679015247095,-0.32947224378585815,-0.12714047729969025
strategic,144,-0.2176018688801883,0.10301722601601629,-0.4508461356163025,0.10830610245466232
crowd,1,-0.2180744856595993,0.0,-0.2180744856595993,-0.2180744856595993
evidence,103,-0.21836781986419437,0.12383055108718402,-0.5267810821533203,0.12248758971691132
still,82,-0.2184975756922873,0.10843859372412967,-0.4526559114456177,0.1111355870962143
benefit,8,-0.21871074428781867,0.1598371546438708,-0.45696330070495605,0.04536697641015053
separation,2,-0.21880704164505005,0.05354267358779907,-0.2723497152328491,-0.16526436805725098
indication,9,-0.21883917641308573,0.12111838351233535,-0.4054694175720215,-0.05585669353604317
carefully,41,-0.219283519267309,0.16283330479061955,-0.45685604214668274,0.09690922498703003
guarantee,1,-0.21936210989952087,0.0,-0.21936210989952087,-0.21936210989952087
careful,22,-0.2195796057243239,0.18425358024591088,-0.4167124629020691,0.2666836082935333
iterate,4,-0.21965589001774788,0.057977873924665344,-0.30057793855667114,-0.1395186483860016
towards,596,-0.220562511883151,0.1044776938214975,-0.4849735200405121,0.15303942561149597
approach,84,-0.22084997261741332,0.12444428844251734,-0.5474687814712524,0.2023961991071701
mean,3,-0.22098866601785025,0.029336368314498915,-0.24527743458747864,-0.17971567809581757
gets,5,-0.22123608142137527,0.15101530508194225,-0.5143798589706421,-0.10539167374372482
accounted,5,-0.22151308953762056,0.03877348877446062,-0.2571229934692383,-0.1710277646780014
exposure,4,-0.2216353751718998,0.05866178129647198,-0.28141751885414124,-0.13189519941806793
conversation,7,-0.22198953479528427,0.11925835842115115,-0.36459067463874817,-0.018753334879875183
priority,346,-0.22246084466705776,0.10528324033333407,-0.6350160837173462,0.23873548209667206
exposing,1,-0.22310897707939148,0.0,-0.22310897707939148,-0.22310897707939148
route,32,-0.22310967301018536,0.1506226723629897,-0.48684245347976685,0.16032105684280396
requested,2,-0.22384265065193176,0.008210957050323486,-0.23205360770225525,-0.21563169360160828
relocated,1,-0.2245626449584961,0.0,-0.2245626449584961,-0.2245626449584961
easy,6,-0.22473729401826859,0.18186609595932599,-0.3990578055381775,0.13004104793071747
ushed,1,-0.22557929158210754,0.0,-0.22557929158210754,-0.22557929158210754
tone,1,-0.22577370703220367,0.0,-0.22577370703220367,-0.22577370703220367
give,260,-0.22585792501385396,0.11460371066709557,-0.5395162105560303,0.028467398136854172
desirable,1,-0.22591978311538696,0.0,-0.22591978311538696,-0.22591978311538696
es,1,-0.22595524787902832,0.0,-0.22595524787902832,-0.22595524787902832
known,13,-0.22595647550546205,0.12435468538058381,-0.5731791853904724,-0.07028961181640625
illusion,3,-0.22610401610533395,0.08952494943374051,-0.3519834876060486,-0.1514235883951187
notices,1,-0.2266189455986023,0.0,-0.2266189455986023,-0.2266189455986023
gather,618,-0.22684010465457602,0.11310704779150525,-0.5279086828231812,0.1406649500131607
idental,1,-0.226882666349411,0.0,-0.226882666349411,-0.226882666349411
anymore,1,-0.2273486852645874,0.0,-0.2273486852645874,-0.2273486852645874
icking,2,-0.22758480161428452,0.021893106400966644,-0.24947790801525116,-0.20569169521331787
traverse,1,-0.22805187106132507,0.0,-0.22805187106132507,-0.22805187106132507
unless,25,-0.2281593333184719,0.08082666616541062,-0.3473607897758484,0.021635517477989197
reached,19,-0.22827638822950816,0.14218834108350123,-0.4212060272693634,0.0692964568734169
just,694,-0.2283730272268098,0.10476629799400537,-0.5203220248222351,0.27725306153297424
These,1,-0.2286728471517563,0.0,-0.2286728471517563,-0.2286728471517563
already,1117,-0.22869555671485065,0.1204654023373453,-0.5360777378082275,0.4742352366447449
primarily,1,-0.22880765795707703,0.0,-0.22880765795707703,-0.22880765795707703
easiest,4,-0.22956561669707298,0.1361815346037474,-0.4649468660354614,-0.137815460562706
abruptly,3,-0.2303736830751101,0.12282850471810329,-0.3425509035587311,-0.05942661315202713
react,15,-0.2311093036085367,0.14979511143058352,-0.5126175880432129,0.07133680582046509
future,80,-0.2311287426855415,0.17080430801476,-0.5491936206817627,0.2790186107158661
Between,5,-0.2315458297729492,0.09217327833496664,-0.38495689630508423,-0.10186195373535156
yield,1,-0.23172321915626526,0.0,-0.23172321915626526,-0.23172321915626526
alongside,1,-0.23198799788951874,0.0,-0.23198799788951874,-0.23198799788951874
believe,4,-0.23232432175427675,0.19489770070955173,-0.450393944978714,0.04558936879038811
manipulate,1,-0.23232589662075043,0.0,-0.23232589662075043,-0.23232589662075043
miss,24,-0.23244984416911998,0.09979691719149096,-0.40181511640548706,-0.06573639810085297
completely,2,-0.23278994858264923,0.06963323056697845,-0.3024231791496277,-0.16315671801567078
knowing,1,-0.23295827209949493,0.0,-0.23295827209949493,-0.23295827209949493
genuinely,8,-0.2330304468050599,0.12859223319320728,-0.5115547180175781,-0.0538669154047966
hopes,1,-0.23336021602153778,0.0,-0.23336021602153778,-0.23336021602153778
stay,20,-0.23353948760777712,0.13831475949267935,-0.43839070200920105,0.14713306725025177
five,46,-0.23459341798139655,0.053893576715808675,-0.39870893955230713,-0.06045817583799362
remains,3,-0.23466836909453073,0.14586390353744996,-0.4321253299713135,-0.08424386382102966
misunderstanding,3,-0.23480061193307242,0.1420864045107669,-0.38828614354133606,-0.04574371874332428
important,74,-0.235899977335656,0.09595824171385295,-0.5653262138366699,-0.024772480130195618
versatile,1,-0.2360730618238449,0.0,-0.2360730618238449,-0.2360730618238449
mistaken,1,-0.23668719828128815,0.0,-0.23668719828128815,-0.23668719828128815
certain,2,-0.23684442043304443,0.049311667680740356,-0.2861560881137848,-0.18753275275230408
follow,106,-0.23684753957292382,0.15375933198870811,-0.493976891040802,0.39670199155807495
saves,2,-0.2368798665702343,0.11432071402668953,-0.35120058059692383,-0.12255915254354477
")"".",1,-0.23779404163360596,0.0,-0.23779404163360596,-0.23779404163360596
survival,4,-0.2378980591893196,0.032204597720950204,-0.274719774723053,-0.18639518320560455
entered,2,-0.23818565905094147,0.15888123214244843,-0.3970668911933899,-0.07930442690849304
prudent,22,-0.2384828676215627,0.12016507290102643,-0.3788418769836426,0.038241349160671234
both,141,-0.23970669212070764,0.10870848885336622,-0.6153202056884766,0.09769552201032639
force,2,-0.2399044781923294,0.024960234761238098,-0.2648647129535675,-0.2149442434310913
involves,26,-0.24003124896150368,0.1296277133268035,-0.455394983291626,-0.0006989836692810059
unfold,1,-0.2401065230369568,0.0,-0.2401065230369568,-0.2401065230369568
nothing,1,-0.24029633402824402,0.0,-0.24029633402824402,-0.24029633402824402
normal,3,-0.24056844661633173,0.21171673104570268,-0.5386743545532227,-0.06731607019901276
alert,7,-0.24072752307568276,0.1854297115704442,-0.5231881737709045,-0.015522915869951248
appears,11,-0.24074480682611465,0.18516447714887532,-0.4709242284297943,0.1818280965089798
lurking,10,-0.24100351482629775,0.12187512730553551,-0.39168936014175415,-0.04635094851255417
prioritize,361,-0.2411427227083666,0.09220378168765071,-0.4751088619232178,0.25432541966438293
moving,1517,-0.24118493676883027,0.13551475954232675,-0.6937533617019653,0.2729218006134033
convincing,2,-0.24180064350366592,0.06267824023962021,-0.30447888374328613,-0.17912240326404572
immediately,298,-0.2421324862254746,0.13130549124434412,-0.5384807586669922,0.2160898745059967
deciding,24,-0.24239578129102787,0.11485920222396925,-0.484194815158844,0.003280840814113617
specified,1,-0.24318712949752808,0.0,-0.24318712949752808,-0.24318712949752808
preferably,1,-0.24322056770324707,0.0,-0.24322056770324707,-0.24322056770324707
build,16,-0.24377799313515425,0.16041023957819964,-0.4114472568035126,0.17272669076919556
leaving,28,-0.24393578951380082,0.1259817574499726,-0.4681442677974701,-0.051346879452466965
idea,111,-0.24406358582882193,0.18901383896322324,-0.6081852912902832,0.41683894395828247
quickest,8,-0.24420828744769096,0.1058871083018263,-0.4522525668144226,-0.10218754410743713
limited,1,-0.24424347281455994,0.0,-0.24424347281455994,-0.24424347281455994
exhibiting,2,-0.24432998150587082,0.08208245784044266,-0.3264124393463135,-0.16224752366542816
advance,1,-0.24466770887374878,0.0,-0.24466770887374878,-0.24466770887374878
varying,1,-0.24563375115394592,0.0,-0.24563375115394592,-0.24563375115394592
reduces,25,-0.24568544656038285,0.10860527307745325,-0.5127040147781372,-0.04498164355754852
also,1370,-0.245894024747485,0.13009868395999294,-0.7563579082489014,0.31384605169296265
allows,344,-0.24631615501806833,0.11200297547620928,-0.6111747622489929,0.09922619163990021
hinder,1,-0.2463514506816864,0.0,-0.2463514506816864,-0.2463514506816864
understanding,17,-0.24783423017053044,0.10018780098671133,-0.46315404772758484,-0.10773288458585739
utilize,13,-0.2483885632111476,0.1579153842027423,-0.4026806950569153,0.2519039511680603
necessary,58,-0.2488972905637889,0.12687460381938948,-0.6186327934265137,0.2518535852432251
exhibit,3,-0.2491217851638794,0.09241267912250171,-0.3399319052696228,-0.12232080101966858
join,12,-0.24988353500763574,0.09654095367404503,-0.42864790558815,-0.030686795711517334
accomplishment,2,-0.24995388090610504,0.0649014264345169,-0.31485530734062195,-0.18505245447158813
counter,1,-0.2502744197845459,0.0,-0.2502744197845459,-0.2502744197845459
overall,69,-0.2507989312103693,0.08818047279791905,-0.42018258571624756,-0.005403656512498856
Moving,585,-0.25124132873920296,0.09588124474860014,-0.478676974773407,0.09715336561203003
changes,2,-0.25168029963970184,0.020341917872428894,-0.27202221751213074,-0.23133838176727295
alleged,4,-0.25212169997394085,0.20054813483482298,-0.47313350439071655,0.050484947860240936
aforementioned,1,-0.25245869159698486,0.0,-0.25245869159698486,-0.25245869159698486
expose,23,-0.25277146373106085,0.07874931276515024,-0.41911181807518005,-0.14001573622226715
delay,19,-0.2527837712121637,0.1384391077707649,-0.48668885231018066,0.08816418051719666
choose,54,-0.2528568328254753,0.12507776897379222,-0.5540640354156494,0.0234803706407547
perceived,4,-0.2542562633752823,0.11131639589887425,-0.44341331720352173,-0.16303370893001556
difficult,13,-0.25462469172019225,0.11199353105448007,-0.49139246344566345,0.01193162053823471
why,4,-0.25472188740968704,0.053407746365480686,-0.30182358622550964,-0.16793286800384521
layout,9,-0.25571028722657096,0.05667268328782041,-0.36972641944885254,-0.2031373679637909
relatively,95,-0.2565931935059397,0.13062956493684078,-0.5082903504371643,0.4399082660675049
findings,2,-0.2571234405040741,0.03269204497337341,-0.2898154854774475,-0.22443139553070068
setup,4,-0.25722837448120117,0.026318390994021845,-0.3012961149215698,-0.23401834070682526
solid,1,-0.2577191889286041,0.0,-0.2577191889286041,-0.2577191889286041
provoke,1,-0.25798654556274414,0.0,-0.25798654556274414,-0.25798654556274414
assumption,1,-0.2580952048301697,0.0,-0.2580952048301697,-0.2580952048301697
used,19,-0.2582096484930892,0.12971338219965464,-0.46975186467170715,-0.0594661682844162
disrupt,3,-0.2596494257450104,0.05839223060420014,-0.33529698848724365,-0.1931452751159668
choosing,7,-0.26136805542877745,0.09359229490375892,-0.39421093463897705,-0.13357308506965637
timed,3,-0.26210973660151166,0.07764311713937151,-0.35562506318092346,-0.16551390290260315
provide,539,-0.2625508420791387,0.12672796797245264,-0.6061937808990479,0.2560991644859314
behind,2,-0.2641075626015663,0.09080364555120468,-0.354911208152771,-0.17330391705036163
optimizing,1,-0.26435935497283936,0.0,-0.26435935497283936,-0.26435935497283936
among,56,-0.2647331412216382,0.12184059942653445,-0.4540482759475708,0.012219548225402832
involve,30,-0.26486288867890834,0.1195501803733277,-0.4963221549987793,0.026478026062250137
spent,9,-0.2650979194376204,0.1673176421348498,-0.519989013671875,0.021646462380886078
appeared,1,-0.26524412631988525,0.0,-0.26524412631988525,-0.26524412631988525
closest,82,-0.2653813015033559,0.13201136912325348,-0.5915002822875977,-0.0728190615773201
implic,2,-0.26591967046260834,0.0675516277551651,-0.33347129821777344,-0.19836804270744324
against,50,-0.2674056037515402,0.13922622722486266,-0.5650098919868469,0.0708683580160141
informed,8,-0.26742110308259726,0.08507059791505964,-0.3811606168746948,-0.12110423296689987
impact,6,-0.2674912729610999,0.12817429125923532,-0.4773583710193634,-0.05382491275668144
will,582,-0.2677320529325926,0.15534506064262132,-0.6555835008621216,0.4541696310043335
exhibits,1,-0.2677868902683258,0.0,-0.2677868902683258,-0.2677868902683258
impacting,1,-0.2679598331451416,0.0,-0.2679598331451416,-0.2679598331451416
safer,48,-0.26828173190976184,0.11335318743106082,-0.5634365081787109,0.06885800510644913
begin,35,-0.2682969229561942,0.10481874282381007,-0.4073067903518677,0.043989188969135284
seems,634,-0.26865166677485225,0.1636256575404053,-0.7504523396492004,0.29416269063949585
surroundings,19,-0.2692065497762279,0.08489643532468541,-0.41002702713012695,-0.10925019532442093
correct,6,-0.2697847532108426,0.20990757402503285,-0.6701796054840088,0.01962636597454548
")""",1,-0.27002227306365967,0.0,-0.27002227306365967,-0.27002227306365967
cautious,219,-0.2709041988842836,0.12926474370437532,-0.561571478843689,0.13479886949062347
opens,1,-0.2711208164691925,0.0,-0.2711208164691925,-0.2711208164691925
informative,1,-0.27224546670913696,0.0,-0.27224546670913696,-0.27224546670913696
commit,5,-0.27276298105716706,0.06109125378106312,-0.37004798650741577,-0.1847674399614334
y,16,-0.2731297933496535,0.11996853911960303,-0.4787597060203552,-0.04255404323339462
good,311,-0.27316577673868736,0.15727260021771433,-0.6646952629089355,0.1871871054172516
compelling,1,-0.27406173944473267,0.0,-0.27406173944473267,-0.27406173944473267
Initial,1,-0.27413904666900635,0.0,-0.27413904666900635,-0.27413904666900635
inate,2,-0.27455076575279236,0.028549522161483765,-0.3031002879142761,-0.2460012435913086
Secondly,1,-0.27462640404701233,0.0,-0.27462640404701233,-0.27462640404701233
than,44,-0.2747862057929689,0.13855990988227168,-0.5109894275665283,0.1841394603252411
deny,1,-0.2751454710960388,0.0,-0.2751454710960388,-0.2751454710960388
analyze,1,-0.27536702156066895,0.0,-0.27536702156066895,-0.27536702156066895
outcome,1,-0.27548375725746155,0.0,-0.27548375725746155,-0.27548375725746155
helped,1,-0.27628040313720703,0.0,-0.27628040313720703,-0.27628040313720703
wait,30,-0.2787028590838114,0.17230879342655164,-0.6282405257225037,0.13311335444450378
circumstances,2,-0.2789975479245186,0.029222004115581512,-0.3082195520401001,-0.24977554380893707
achievable,1,-0.27901655435562134,0.0,-0.27901655435562134,-0.27901655435562134
returned,1,-0.2795162796974182,0.0,-0.2795162796974182,-0.2795162796974182
Everyone,1,-0.2806680202484131,0.0,-0.2806680202484131,-0.2806680202484131
option,203,-0.28068460602992273,0.1242429643298457,-0.6078376173973083,0.1292235255241394
Yet,1,-0.2812434136867523,0.0,-0.2812434136867523,-0.2812434136867523
Nonetheless,3,-0.28222885231177014,0.07897050146176783,-0.37378138303756714,-0.18106205761432648
maximize,28,-0.2822812401822635,0.06116904841133869,-0.39193329215049744,-0.16899392008781433
choice,45,-0.2823879852063126,0.13897253983301558,-0.5674192309379578,-0.03855615481734276
critical,12,-0.28302853430310887,0.13158803361801955,-0.5805920362472534,-0.0764702558517456
pointless,1,-0.28332385420799255,0.0,-0.28332385420799255,-0.28332385420799255
fulfill,4,-0.2836295962333679,0.014774890176474917,-0.3050450086593628,-0.2636052668094635
accidental,6,-0.28397253155708313,0.05885521052727616,-0.37412285804748535,-0.18762430548667908
Cond,1694,-0.2841264662523056,0.008835513486642247,-0.28498923778533936,-0.19364330172538757
options,78,-0.28422314759630424,0.11420792548276658,-0.486925333738327,0.06581564992666245
benefits,49,-0.2842647338248029,0.08367556996579269,-0.4448181390762329,-0.022828716784715652
indicative,3,-0.2848469018936157,0.09763699656167164,-0.3809765875339508,-0.1509404182434082
maximizing,1,-0.28490445017814636,0.0,-0.28490445017814636,-0.28490445017814636
opinion,1,-0.28573673963546753,0.0,-0.28573673963546753,-0.28573673963546753
better,75,-0.2863859970122576,0.12030045852170534,-0.5503564476966858,0.03083121031522751
briefly,2,-0.28653600811958313,0.014645010232925415,-0.30118101835250854,-0.2718909978866577
increases,8,-0.2873572246171534,0.14324737710436675,-0.518730640411377,-0.04603191092610359
whether,46,-0.28759036229356477,0.11890627563053166,-0.5073341727256775,0.025359004735946655
main,6,-0.2878538904090722,0.1099321142181255,-0.43132758140563965,-0.11725371330976486
evaluate,5,-0.2884676933288574,0.057429773802709735,-0.3837957978248596,-0.2101897895336151
suspect,46,-0.28857501482833986,0.1276289371869954,-0.5170089602470398,0.030078746378421783
gathers,1,-0.2892528176307678,0.0,-0.2892528176307678,-0.2892528176307678
risk,274,-0.2895059475444094,0.13659242916354947,-0.5700162053108215,0.08309182524681091
freedom,1,-0.29034602642059326,0.0,-0.29034602642059326,-0.29034602642059326
consider,409,-0.2905242367485916,0.1016021178864206,-0.5779913067817688,0.3917279541492462
beyond,1,-0.2906654179096222,0.0,-0.2906654179096222,-0.2906654179096222
offers,3,-0.2909623334805171,0.1151282583135222,-0.4365133047103882,-0.15499697625637054
perform,1,-0.2912806272506714,0.0,-0.2912806272506714,-0.2912806272506714
-risk,8,-0.29186061955988407,0.15154217120841199,-0.46757152676582336,0.0540304034948349
ensed,1694,-0.29202101336530417,0.004603276313117815,-0.2924705147743225,-0.24487954378128052
scattered,15,-0.2921237508455912,0.03328925891255237,-0.32866519689559937,-0.21582317352294922
tangible,2,-0.292132169008255,0.1489296555519104,-0.4410618245601654,-0.1432025134563446
puts,5,-0.29243928790092466,0.12275138958012315,-0.41213956475257874,-0.1136021763086319
justify,1,-0.2936560809612274,0.0,-0.2936560809612274,-0.2936560809612274
saving,6,-0.29402195910612744,0.07420627981632166,-0.3810984492301941,-0.18045732378959656
save,5,-0.29419655799865724,0.0980721998474884,-0.433768630027771,-0.15520790219306946
weigh,26,-0.2953215487874471,0.06831767779744378,-0.45572763681411743,-0.19406798481941223
risks,62,-0.2959222996066655,0.1286642019292511,-0.6420809030532837,0.09045805037021637
worrying,1,-0.29605451226234436,0.0,-0.29605451226234436,-0.29605451226234436
beneficial,273,-0.296643141602531,0.13804694127820671,-0.5392159223556519,0.13269387185573578
besides,9,-0.2969808197683758,0.12702291459769594,-0.5344251394271851,-0.0961914211511612
convenience,1,-0.2969856262207031,0.0,-0.2969856262207031,-0.2969856262207031
Both,4,-0.2970414012670517,0.10908251358600328,-0.4351118803024292,-0.1731603741645813
feel,1,-0.29704877734184265,0.0,-0.29704877734184265,-0.29704877734184265
Instead,52,-0.29781035620432633,0.08526590594870212,-0.474668025970459,-0.07316651940345764
implications,2,-0.2983024790883064,0.19645880907773972,-0.49476128816604614,-0.10184367001056671
ideal,48,-0.29866196525593597,0.11906365877056398,-0.5977791547775269,-0.016087926924228668
hub,3,-0.29919902980327606,0.06395373630224349,-0.3885759115219116,-0.24251265823841095
efficient,452,-0.29990984952753097,0.08980880276849738,-0.6234902143478394,-0.0915469154715538
own,30,-0.30024057428042095,0.11250564610963465,-0.5117213726043701,0.026272103190422058
guilt,3,-0.3015206555525462,0.1869534244993865,-0.4651825428009033,-0.03986072540283203
occur,1,-0.3024941682815552,0.0,-0.3024941682815552,-0.3024941682815552
keeps,22,-0.30328537794676697,0.08250603693227926,-0.4711487293243408,-0.1453610062599182
nature,1,-0.3033769726753235,0.0,-0.3033769726753235,-0.3033769726753235
top,1,-0.30357444286346436,0.0,-0.30357444286346436,-0.30357444286346436
feasible,1,-0.3036261200904846,0.0,-0.3036261200904846,-0.3036261200904846
valuable,88,-0.3040554662743075,0.11105059983903072,-0.545737624168396,-0.046796854585409164
characteristic,2,-0.3049487918615341,0.016405776143074036,-0.32135456800460815,-0.2885430157184601
somewhat,9,-0.30511225428846145,0.1356731043130612,-0.48677778244018555,-0.09516774117946625
-term,1,-0.3060774505138397,0.0,-0.3060774505138397,-0.3060774505138397
encourage,6,-0.3062902241945267,0.10705710997457198,-0.5051890015602112,-0.1849309504032135
ation,1,-0.3066909909248352,0.0,-0.3066909909248352,-0.3066909909248352
accessible,59,-0.3067689508957378,0.09115152477928619,-0.5133081078529358,-0.08961299806833267
obvious,2,-0.30709919333457947,0.017843544483184814,-0.3249427378177643,-0.28925564885139465
six,2,-0.30811654031276703,0.009213194251060486,-0.3173297345638275,-0.29890334606170654
crucial,323,-0.30870385474926176,0.16497946591732232,-0.739113450050354,0.06681329011917114
safe,38,-0.3094943957893472,0.12106130056792226,-0.5779076814651489,-0.08772476017475128
useful,46,-0.3111409630788409,0.14711514115215182,-0.6093794703483582,0.09512938559055328
accidentally,2,-0.3112158477306366,0.09982234239578247,-0.41103819012641907,-0.21139350533485413
view,2,-0.31265515834093094,0.07833301275968552,-0.39098817110061646,-0.23432214558124542
threat,5,-0.313306088745594,0.14814806969078098,-0.5118212699890137,-0.12008441239595413
communication,1,-0.31365805864334106,0.0,-0.31365805864334106,-0.31365805864334106
complexity,2,-0.3139367364346981,0.2929535247385502,-0.6068902611732483,-0.02098321169614792
gives,15,-0.31422920276721317,0.09273112287218402,-0.45181554555892944,-0.11634620279073715
productive,17,-0.3153255047167049,0.08670997891363796,-0.5206251740455627,-0.14818218350410461
means,30,-0.3159796381990115,0.15457247727870463,-0.535132646560669,-0.033391423523426056
factor,2,-0.31615860760211945,0.00928853452205658,-0.325447142124176,-0.30687007308006287
reveal,181,-0.31749185656315715,0.11007305262777622,-0.6133930683135986,0.18308180570602417
urge,1,-0.3175455629825592,0.0,-0.3175455629825592,-0.3175455629825592
only,113,-0.3185797497729021,0.09893626876125428,-0.5070329308509827,0.13720569014549255
temporary,4,-0.3192695863544941,0.08989188454450193,-0.4561402201652527,-0.2331591695547104
narrowing,1,-0.31934401392936707,0.0,-0.31934401392936707,-0.31934401392936707
icing,6,-0.31945360203584033,0.027076658895384593,-0.36123645305633545,-0.2728157043457031
desired,1,-0.3201735317707062,0.0,-0.3201735317707062,-0.3201735317707062
flexible,1,-0.3202131986618042,0.0,-0.3202131986618042,-0.3202131986618042
convenient,21,-0.3211273987378393,0.14757832977739765,-0.5589069128036499,0.06490148603916168
inefficient,3,-0.32117395599683124,0.1261300848110258,-0.46623802185058594,-0.1587502658367157
unlikely,2,-0.321798138320446,0.08015162497758865,-0.40194976329803467,-0.24164651334285736
posed,2,-0.3225876986980438,0.007678419351577759,-0.3302661180496216,-0.31490927934646606
Looking,2,-0.32489268481731415,0.012205734848976135,-0.3370984196662903,-0.312686949968338
alternative,8,-0.3286435818299651,0.1137116113928103,-0.4237438440322876,-0.06778878718614578
possibility,56,-0.32906498859769534,0.11181913985848577,-0.6338820457458496,-0.04332522675395012
despite,1,-0.3308940827846527,0.0,-0.3308940827846527,-0.3308940827846527
follows,13,-0.33142706236013997,0.08659476993175927,-0.49785101413726807,-0.10584660619497299
joined,1,-0.3320443630218506,0.0,-0.3320443630218506,-0.3320443630218506
sense,133,-0.3324157339625789,0.1135167836946792,-0.4920763075351715,0.03627869859337807
iness,4,-0.3328982340171933,0.22132364378313177,-0.5442523956298828,0.03436724469065666
affect,1,-0.33294427394866943,0.0,-0.33294427394866943,-0.33294427394866943
pose,3,-0.3341728746891022,0.1315247500972309,-0.436420202255249,-0.14848601818084717
most,402,-0.3342624580005731,0.17932068990890063,-0.7890311479568481,0.053799331188201904
waste,22,-0.33650617572394287,0.06870702048435469,-0.49695339798927307,-0.22964230179786682
excuse,2,-0.3367972671985626,0.04318353533744812,-0.37998080253601074,-0.2936137318611145
eliminated,1,-0.3379935026168823,0.0,-0.3379935026168823,-0.3379935026168823
viable,30,-0.3385983531673749,0.1091188001202164,-0.5230474472045898,-0.13120006024837494
down,2,-0.3396016061306,0.07870540022850037,-0.41830700635910034,-0.2608962059020996
suspects,4,-0.34102028980851173,0.16486670836928224,-0.622617244720459,-0.20545820891857147
helps,5,-0.3421488285064697,0.13064001252754096,-0.553572952747345,-0.17423699796199799
convince,1,-0.3428514003753662,0.0,-0.3428514003753662,-0.3428514003753662
prepare,3,-0.3443036178747813,0.02327969453789009,-0.3625183701515198,-0.31144580245018005
appealing,1,-0.3444876968860626,0.0,-0.3444876968860626,-0.3444876968860626
consideration,4,-0.3464897684752941,0.07375868757767517,-0.44592633843421936,-0.24248309433460236
real,2,-0.34838172793388367,0.06615439057350159,-0.41453611850738525,-0.2822273373603821
compromise,1,-0.35124149918556213,0.0,-0.35124149918556213,-0.35124149918556213
poses,1,-0.35198134183883667,0.0,-0.35198134183883667,-0.35198134183883667
popular,1,-0.35232967138290405,0.0,-0.35232967138290405,-0.35232967138290405
opposite,1,-0.3527810573577881,0.0,-0.3527810573577881,-0.3527810573577881
exclusive,2,-0.3529236614704132,0.03790196776390076,-0.39082562923431396,-0.31502169370651245
detrimental,2,-0.3529737591743469,0.05969512462615967,-0.4126688838005066,-0.29327863454818726
although,3,-0.3535110106070836,0.12776115339681776,-0.49525776505470276,-0.18560536205768585
wisely,1,-0.353596955537796,0.0,-0.353596955537796,-0.353596955537796
sensible,2,-0.3539242297410965,0.03274525701999664,-0.38666948676109314,-0.32117897272109985
risky,179,-0.35443587975795043,0.12648751356219762,-0.6756830215454102,-0.07547315955162048
waiting,13,-0.3557079921548183,0.10965951713089059,-0.49602648615837097,-0.09203369170427322
concern,7,-0.35593997154917034,0.14777078902498952,-0.6164540648460388,-0.14922070503234863
actively,2,-0.35891149938106537,0.052553609013557434,-0.4114651083946228,-0.30635789036750793
reasonable,31,-0.35915195293003516,0.1151099059094908,-0.5218293070793152,-0.11271446943283081
fire,1,-0.3591703772544861,0.0,-0.3591703772544861,-0.3591703772544861
whereas,1,-0.3603252172470093,0.0,-0.3603252172470093,-0.3603252172470093
safest,45,-0.3618348134060701,0.10129190927223292,-0.5881201028823853,-0.019685711711645126
ates,1,-0.3647347688674927,0.0,-0.3647347688674927,-0.3647347688674927
elsewhere,1,-0.36690348386764526,0.0,-0.36690348386764526,-0.36690348386764526
rely,1,-0.3680630922317505,0.0,-0.3680630922317505,-0.3680630922317505
itself,1,-0.3686191439628601,0.0,-0.3686191439628601,-0.3686191439628601
prepared,9,-0.3688111967510647,0.10839257680803388,-0.4981907606124878,-0.15072840452194214
adds,2,-0.3692821189761162,0.17307914048433304,-0.5423612594604492,-0.19620297849178314
ier,3,-0.3711736897627513,0.049434257001470874,-0.43949440121650696,-0.32417476177215576
versus,7,-0.37362619382994516,0.13270648826482598,-0.5884000062942505,-0.236087828874588
inevitable,1,-0.37483397126197815,0.0,-0.37483397126197815,-0.37483397126197815
licate,2,-0.37539640069007874,0.1979776918888092,-0.5733740925788879,-0.17741870880126953
true,10,-0.37593994438648226,0.08017159014501056,-0.5104168653488159,-0.2587968707084656
warrant,5,-0.37621707320213316,0.02550505285052069,-0.40955132246017456,-0.3362767994403839
lose,1,-0.3773995637893677,0.0,-0.3773995637893677,-0.3773995637893677
weighed,1,-0.3777357339859009,0.0,-0.3777357339859009,-0.3777357339859009
assume,5,-0.377956235408783,0.13175606321641148,-0.5877869129180908,-0.24597740173339844
prime,2,-0.37877002358436584,0.08538112044334412,-0.46415114402770996,-0.29338890314102173
stays,1,-0.38043296337127686,0.0,-0.38043296337127686,-0.38043296337127686
slightly,1,-0.3815869092941284,0.0,-0.3815869092941284,-0.3815869092941284
unique,1,-0.3830198645591736,0.0,-0.3830198645591736,-0.3830198645591736
clarification,1,-0.38544362783432007,0.0,-0.38544362783432007,-0.38544362783432007
remember,2,-0.3867509365081787,0.02660733461380005,-0.41335827112197876,-0.36014360189437866
aspect,2,-0.38940203189849854,0.01608741283416748,-0.405489444732666,-0.37331461906433105
direct,58,-0.39057658946719664,0.12919400934429967,-0.6671866178512573,-0.0568610355257988
directly,180,-0.39070771546620464,0.1683069033807692,-0.7360863089561462,0.09474560618400574
indicator,2,-0.3932328373193741,0.058426156640052795,-0.4516589939594269,-0.3348066806793213
simply,1,-0.3958226144313812,0.0,-0.3958226144313812,-0.3958226144313812
importance,1,-0.39810842275619507,0.0,-0.39810842275619507,-0.39810842275619507
experience,1,-0.3981950283050537,0.0,-0.3981950283050537,-0.3981950283050537
slight,1,-0.4019443988800049,0.0,-0.4019443988800049,-0.4019443988800049
key,37,-0.40773789634978447,0.20053421282019587,-0.6374986171722412,0.07410295307636261
effective,10,-0.4094420254230499,0.06265894156582164,-0.513674259185791,-0.33610692620277405
legitimacy,1,-0.41697022318840027,0.0,-0.41697022318840027,-0.41697022318840027
resource,1,-0.41785919666290283,0.0,-0.41785919666290283,-0.41785919666290283
building,1,-0.42541205883026123,0.0,-0.42541205883026123,-0.42541205883026123
recent,1,-0.42620134353637695,0.0,-0.42620134353637695,-0.42620134353637695
balanced,1,-0.42626678943634033,0.0,-0.42626678943634033,-0.42626678943634033
delays,3,-0.42965370416641235,0.030158424261915635,-0.4646645188331604,-0.39105379581451416
determining,1,-0.43135014176368713,0.0,-0.43135014176368713,-0.43135014176368713
premature,55,-0.4324680669741197,0.07123693299486841,-0.5703724026679993,-0.25084978342056274
tactic,3,-0.43450692296028137,0.10867266024474503,-0.5696337223052979,-0.30353862047195435
best,164,-0.44066026248037815,0.11292860252457786,-0.6953287124633789,-0.04879828542470932
ultimate,2,-0.44444265961647034,0.05491730570793152,-0.49935996532440186,-0.3895253539085388
spreads,1,-0.4475208818912506,0.0,-0.4475208818912506,-0.4475208818912506
guaranteed,1,-0.4526596665382385,0.0,-0.4526596665382385,-0.4526596665382385
reflects,1,-0.4570142328739166,0.0,-0.4570142328739166,-0.4570142328739166
straightforward,20,-0.4575978510081768,0.10711258414480893,-0.6388381719589233,-0.21800071001052856
probable,1,-0.4663103222846985,0.0,-0.4663103222846985,-0.4663103222846985
equally,3,-0.4901652932167053,0.07915933864367178,-0.5571643710136414,-0.3789956569671631
logical,235,-0.4921765521485755,0.11083036805656936,-0.890921950340271,-0.18345077335834503
sudden,1,-0.49562206864356995,0.0,-0.49562206864356995,-0.49562206864356995
prompt,1,-0.49701693654060364,0.0,-0.49701693654060364,-0.49701693654060364
anywhere,1,-0.4992218613624573,0.0,-0.4992218613624573,-0.4992218613624573
updated,1,-0.5402660369873047,0.0,-0.5402660369873047,-0.5402660369873047
perfectly,1,-0.5408120155334473,0.0,-0.5408120155334473,-0.5408120155334473
tool,1,-0.5541322231292725,0.0,-0.5541322231292725,-0.5541322231292725
appropriate,2,-0.5566167235374451,0.049379587173461914,-0.605996310710907,-0.5072371363639832
promising,2,-0.6106539964675903,0.03932321071624756,-0.6499772071838379,-0.5713307857513428
<|begin_of_text|>,1694,-23.834041595458984,0.0,-23.834041595458984,-23.834041595458984
