token,count,mean,std,min,max
<|begin_of_text|>,1694,0.9999680666445242,2.220446049250313e-16,0.9999680666445244,0.9999680666445244
uous,3,0.9955168841552521,0.0017435828735040814,0.9930514585528284,0.9967867359433924
neutral,1,0.9848507725505641,0.0,0.9848507725505641,0.9848507725505641
tone,1,0.9822186826788913,0.0,0.9822186826788913,0.9822186826788913
craft,1,0.9787254425057562,0.0,0.9787254425057562,0.9787254425057562
inate,2,0.9775721204653751,0.002220750537183458,0.9753513699281917,0.9797928710025586
vag,1,0.977008550927577,0.0,0.977008550927577,0.977008550927577
icious,1,0.976326198931542,0.0,0.976326198931542,0.976326198931542
contradict,1,0.974348041402309,0.0,0.974348041402309,0.974348041402309
vague,2,0.9740162991578527,0.0058073332454088855,0.9682089659124438,0.9798236324032615
steering,1,0.9721984171311889,0.0,0.9721984171311889,0.9721984171311889
mention,1,0.9594564191695175,0.0,0.9594564191695175,0.9594564191695175
...,1,0.9423469831743637,0.0,0.9423469831743637,0.9423469831743637
linger,1,0.9390262337488336,0.0,0.9390262337488336,0.9390262337488336
deflect,28,0.9354210638703055,0.11177290137483556,0.429590011204136,0.9959320680386752
non,1,0.9337042302593455,0.0,0.9337042302593455,0.9337042302593455
Reporting,1,0.9308879005822288,0.0,0.9308879005822288,0.9308879005822288
Speaking,2,0.9246847750652436,0.0035886466517735527,0.9210961284134701,0.9282734217170172
speak,10,0.921336027813912,0.07674336736644109,0.7650456073642614,0.994509369623036
statements,7,0.9207551415043043,0.0943687252268867,0.7121723127688745,0.9943735937250845
obvious,2,0.9096919159322336,0.009748305189493489,0.8999436107427402,0.9194402211217272
lay,2,0.9077865517102304,0.028860608558563372,0.878925943151667,0.9366471602687938
speech,1,0.890682392052531,0.0,0.890682392052531,0.890682392052531
identification,1,0.8902135212395007,0.0,0.8902135212395007,0.8902135212395007
look,12,0.8842809721144601,0.0596499772368231,0.7762205885956126,0.963022826559173
se,13,0.8838393116114213,0.07537149214921623,0.7491192008481474,0.9735435695209852
looking,18,0.8816137460721707,0.08495604451791934,0.6605580081921625,0.9749570035586015
shift,3,0.8812463354123561,0.04240246194831028,0.8276635604670307,0.9313533365545281
blame,2,0.8806944524755851,0.04734905972159742,0.8333453927539877,0.9280435121971825
publicly,1,0.8805735201718335,0.0,0.8805735201718335,0.8805735201718335
cautious,219,0.8797863011359692,0.0880870694027557,0.3193110410436545,0.9915727306251025
say,7,0.8764528591680961,0.21055172069845218,0.3916692605454046,0.9993550910359218
careful,22,0.8728136789275633,0.16754166320059924,0.47865863770982103,0.996471302215391
trail,2,0.869363352183603,0.025442515230804597,0.8439208369527985,0.8948058674144077
rim,2,0.8661212951496958,0.00192147078682825,0.8641998243628676,0.8680427659365241
happy,1,0.8622542054268532,0.0,0.8622542054268532,0.8622542054268532
plausible,10,0.854682943036849,0.16105473305230583,0.3879738096553027,0.9676746350152299
raising,179,0.8545941233929361,0.0957804177957138,0.16387171141940093,0.9933675921223432
identical,1,0.8539718066221801,0.0,0.8539718066221801,0.8539718066221801
raise,73,0.8518121911591883,0.11013339565127674,0.4308492883281757,0.9905174553802087
excuse,2,0.8472397065499309,0.03751184166806765,0.8097278648818632,0.8847515482179985
S,92,0.8458726041204115,0.08120977940797089,0.6193796367180431,0.985744725918303
profile,6,0.8454578130062407,0.0714524080307098,0.7144626934045565,0.924759995743544
normally,2,0.8430167388769045,0.01619106309572632,0.8268256757811783,0.8592078019726309
analyze,1,0.8402383756754737,0.0,0.8402383756754737,0.8402383756754737
carefully,41,0.8377710791438182,0.15084023221470005,0.28540519340293996,0.9905550691987585
flags,2,0.837673754651133,0.13141580446292583,0.7062579501882073,0.9690895591140589
drawing,50,0.8347200294400534,0.12031532650311696,0.399872671926971,0.9855459671564318
listen,1,0.8324357436673882,0.0,0.8324357436673882,0.8324357436673882
laying,1,0.8322265956193208,0.0,0.8322265956193208,0.8322265956193208
pay,3,0.8260278285515538,0.05363182706961014,0.7616449273307784,0.8929423382874528
sow,1,0.8243582231881557,0.0,0.8243582231881557,0.8243582231881557
often,1,0.8236569078853099,0.0,0.8236569078853099,0.8236569078853099
attention,98,0.8225168411472807,0.17862888536456115,0.16954585113091566,0.9952452218359017
questions,55,0.8166867378900099,0.14748372725323472,0.23155403090441773,0.9638294295201684
pretend,26,0.8128249070748617,0.16838768702113308,0.38130122571963143,0.9954236677584268
notices,1,0.8073657800979923,0.0,0.8073657800979923,0.8073657800979923
innocent,7,0.8010366511121754,0.27341068029205945,0.24590902641648302,0.9949043427237407
accident,1,0.8005715349755622,0.0,0.8005715349755622,0.8005715349755622
appear,29,0.7863490202226457,0.14486814915581245,0.2944776291493015,0.9968461122687569
blend,229,0.7756487008667945,0.12520988285107912,0.328822688952382,0.9727848841394675
anonymity,1,0.770319510242554,0.0,0.770319510242554,0.770319510242554
process,8,0.7693573434872152,0.23043686618126674,0.26046528252155476,0.897442770580437
blending,31,0.7686222896002707,0.14312230714826857,0.13318465103806304,0.9076272314419346
Looking,2,0.7683565049049254,0.0011150851061119127,0.7672414197988134,0.7694715900110373
draw,20,0.7650377008728675,0.08840707191038881,0.5857120954255428,0.9170806054286812
express,6,0.7632544448943755,0.16229348973948804,0.4640698448178589,0.9417588885152465
mis,4,0.7616344146364039,0.1665569361435688,0.5129087155435489,0.9495962788981652
'll,31,0.7585023417957379,0.2195908651768295,0.23650595770389715,0.9879447049746815
performing,1,0.7463963566967248,0.0,0.7463963566967248,0.7463963566967248
cooperative,14,0.7416559499939094,0.18491402623715172,0.17994075246227997,0.9104606752070957
answering,1,0.7388332347424242,0.0,0.7388332347424242,0.7388332347424242
ask,71,0.738039607610883,0.20797038086307096,0.18837745527882926,0.9915061220450276
avoid,384,0.7361939463774508,0.19354440425455363,0.10097341987690558,0.9925569511510866
walking,1,0.735815507813751,0.0,0.735815507813751,0.735815507813751
suspicion,633,0.7349842154145633,0.21501119072398245,0.0014609843802850099,0.9968330373159211
inconsistent,1,0.7344801234547227,0.0,0.7344801234547227,0.7344801234547227
low,9,0.7311983127106986,0.13724750470156422,0.5966611023704693,0.9646848377660311
wisely,1,0.7290980292878586,0.0,0.7290980292878586,0.7290980292878586
Viewing,9,0.7276079233753197,0.05221673556206886,0.6504746442213941,0.8462064136189137
cover,68,0.7264293543123558,0.17823529063589136,0.23496969035948492,0.9724471564091854
Observ,6,0.7249413451383844,0.06764788713459043,0.6229414738618952,0.8228318270953491
Calling,133,0.7247551268732003,0.15705514803930065,0.1316655301357406,0.9242713170425977
confusion,9,0.7224234791830249,0.2476588559907615,0.29799302312196524,0.9524614589733544
true,10,0.7224025528918103,0.3345398793099094,0.008815834107183975,0.9888667491505221
exiting,1,0.7171840081179925,0.0,0.7171840081179925,0.7171840081179925
scrutiny,3,0.7168510714657383,0.08078024978519564,0.6383889178730233,0.827991403391271
icking,2,0.7162274465191931,0.014224066164751192,0.702003380354442,0.7304515126839444
natural,11,0.7153410185135812,0.15054403113427367,0.5265884850738454,0.9500367961420754
corridors,2,0.71510532127129,0.04965336221284411,0.6654519590584459,0.7647586834841341
choose,54,0.7149256899303408,0.15112649863630684,0.39646530752929043,0.9712909760709656
legitimate,27,0.7126386689618216,0.2179102548651007,0.12317535281468098,0.9472823594309919
encouraging,1,0.7099078828853211,0.0,0.7099078828853211,0.7099078828853211
oneself,1,0.7061950961945335,0.0,0.7061950961945335,0.7061950961945335
believable,1,0.7009206481156052,0.0,0.7009206481156052,0.7009206481156052
mindful,60,0.7003409275569272,0.11828552793576062,0.23330098990263004,0.8745778126720752
Hey,2,0.699673562195614,0.012486294937699038,0.687187267257915,0.7121598571333131
discover,1,0.698304221938245,0.0,0.698304221938245,0.698304221938245
throw,3,0.6964469893592874,0.06296464186819145,0.6120214951863847,0.763176488649697
sides,1,0.6937114413560925,0.0,0.6937114413560925,0.6937114413560925
fake,384,0.6936938190238181,0.12957687853233954,0.30467337752138385,0.9771871250598791
scene,3,0.6890758841337536,0.10638780857943557,0.538989398569383,0.7732341617323237
ordinary,2,0.6859004792377681,0.06577445800363557,0.6201260212341325,0.7516749372414037
Asking,1,0.6821435791498077,0.0,0.6821435791498077,0.6821435791498077
For,63,0.6811599428385748,0.11630929221578064,0.2877367005614476,0.8497221308032554
must,43,0.680868099801632,0.17714769462816735,0.2704710711784877,0.9544779828143074
previous,404,0.6803035233405157,0.09904599333335586,0.03299582094300511,0.7112035660987183
-s,1,0.6769527028422325,0.0,0.6769527028422325,0.6769527028422325
disclose,2,0.6759665865156953,0.3019840463335841,0.37398254018211124,0.9779506328492794
description,1,0.6755243901248503,0.0,0.6755243901248503,0.6755243901248503
accusing,2,0.6750781193608442,0.2932854356460298,0.3817926837148143,0.968363555006874
coming,2,0.6733123851833442,0.23039645935890116,0.4429159258244431,0.9037088445422454
caution,13,0.6729152605596049,0.17080294220326084,0.35314970879011764,0.9381694515254296
revealing,29,0.6688571065173264,0.2972301883035041,0.04688437722367649,0.9983057302425048
stories,4,0.6685224871225453,0.030067297290573534,0.6285012279171628,0.7092869511566083
mim,2,0.6648788356924242,0.0020282702469334724,0.6628505654454907,0.6669071059393576
Current,3,0.6615263971677524,0.10159160827785745,0.5233307033080062,0.7646498955636875
Thinking,1694,0.6593613970424828,0.04801736094524879,0.45451773369471177,0.7851726378381964
AK,93,0.6584136861771803,0.05311980971259134,0.5468465920483797,0.7799602452621867
Was,1,0.6554195349278876,0.0,0.6554195349278876,0.6554195349278876
pointless,1,0.6552218572465924,0.0,0.6552218572465924,0.6552218572465924
normal,3,0.6540670049022933,0.17136297236674194,0.41412439754928493,0.803509673155742
specifics,1,0.6535925615219778,0.0,0.6535925615219778,0.6535925615219778
onto,1,0.6531864340142699,0.0,0.6531864340142699,0.6531864340142699
All,187,0.6527461936480897,0.10381912071160862,0.27110858634208734,0.7945140422572068
stealth,20,0.6526839638465354,0.15228252851248053,0.17739131316531503,0.8951811710804768
undertake,1,0.6525788598718617,0.0,0.6525788598718617,0.6525788598718617
speaking,1,0.6525699607173372,0.0,0.6525699607173372,0.6525699607173372
Hello,23,0.6510618079754621,0.07190552637973653,0.49877165133583296,0.8036166448835994
divert,3,0.6483219121052604,0.14598784923276628,0.4776261619899755,0.8342476120292645
general,8,0.6477879419551738,0.32569326935855913,0.273175348032068,0.9888348789924025
avoids,1,0.646459591240229,0.0,0.646459591240229,0.646459591240229
ded,1,0.6399376877533696,0.0,0.6399376877533696,0.6399376877533696
note,10,0.639126820611205,0.14675719507073462,0.35449810589810554,0.8009388990296421
Using,3,0.6386870603627132,0.22730287276929018,0.3718236687954832,0.9273213387108095
Not,15,0.634494036973469,0.11956954391239262,0.3718529553443995,0.7700029841163281
innoc,3,0.6334876376391044,0.15556170167625874,0.49878973175242486,0.8514736383327484
question,9,0.63256526135577,0.285045364021865,0.0772914975848833,0.9809092846975229
cannot,4,0.6319843136255642,0.23842855256809878,0.2808703061334576,0.9359064767513544
avoiding,42,0.6315158360515108,0.3027926241020583,0.17354286291929594,0.9985054179553542
real,2,0.6314799906667705,0.014195421707784206,0.6172845689589863,0.6456754123745547
One,3,0.6306434711055563,0.0448105549590439,0.5806327568535242,0.6893560247718875
made,546,0.6297639305031172,0.1842386114974276,0.0013614404241323996,0.909722582695092
disappearing,1,0.6286926745032684,0.0,0.6286926745032684,0.6286926745032684
iating,2,0.6241923910668936,0.06302026511942349,0.5611721259474701,0.6872126561863171
remain,15,0.6226934599707941,0.33539979612426724,0.10908277445304554,0.9766674173786843
noted,13,0.6217621168863924,0.12074530174350658,0.422206569497405,0.8209622060960274
detected,219,0.6204931995274078,0.14432489372645385,0.07240204112485389,0.8523790230313785
job,2,0.6196285694340018,0.12460553346772488,0.4950230359662769,0.7442341029017266
iss,1,0.6192211007599038,0.0,0.6192211007599038,0.6192211007599038
Instead,52,0.6184349496768953,0.10195375094756734,0.3692678030288095,0.9237776426116281
Hi,2,0.6168813946696865,0.023375389558634996,0.5935060051110516,0.6402567842283216
protect,1,0.6166088157389693,0.0,0.6166088157389693,0.6166088157389693
ensed,1694,0.6140106036524475,0.005567995308299678,0.6134668992197247,0.6710316060342172
imply,3,0.609636397711271,0.38688600959880304,0.066333400769856,0.9373018834600267
away,25,0.6088976692422885,0.259303730541328,0.08642499067591779,0.9973690779855263
threaten,1,0.6087903639110354,0.0,0.6087903639110354,0.6087903639110354
ging,1,0.6073709792598385,0.0,0.6073709792598385,0.6073709792598385
Some,3,0.6044607196743207,0.07296212117981778,0.5221073876999309,0.6994765277899391
aked,2,0.6038819394919674,0.07183718837813885,0.5320447511138287,0.6757191278701064
safest,45,0.6024898915920234,0.14674511936874546,0.179517283318379,0.8807084714047085
uced,1,0.6011390705929847,0.0,0.6011390705929847,0.6011390705929847
No,1038,0.6010429055342387,0.06495750087094218,0.18483348592676685,0.8144637942404058
elsewhere,1,0.5992755550548766,0.0,0.5992755550548766,0.5992755550548766
Then,6,0.5972172718738832,0.15937233219155467,0.392725017180875,0.851711921109219
been,1140,0.5972022353579158,0.22477399034205178,0.01732763044496795,0.8823139189788244
less,108,0.5969459008909134,0.24348589933842313,0.0649285682785872,0.9599379038284476
radar,1,0.5959387913565978,0.0,0.5959387913565978,0.5959387913565978
necessarily,3,0.592179696319623,0.16212314901122155,0.44044705617460966,0.816904263069766
respond,36,0.5893968617770126,0.30895037963266686,0.05600471647156898,0.9938140032779793
comp,2,0.587640221346985,0.008462686065200509,0.5791775352817845,0.5961029074121855
visibility,1,0.5870411414094511,0.0,0.5870411414094511,0.5870411414094511
vigil,3,0.5859999139792259,0.07095057303990115,0.5004112317397205,0.6741474118404255
pretending,9,0.5856977513754981,0.2706718867332291,0.08370087494873524,0.8785033006689169
quiring,2,0.5849339489842513,0.059071049682781984,0.5258628993014693,0.6440049986670333
except,202,0.5840796801595453,0.20957819307073614,0.03126009016261273,0.8499902215810949
PE,92,0.5827650241364835,0.0666427929567326,0.3762344449352261,0.7021782871141583
discreet,13,0.5823128679307357,0.17309859304621272,0.4065939851001352,0.8804101595354143
Observation,2,0.5820285411895977,0.11767367580738641,0.46435486538221127,0.6997022169969841
In,3,0.5797232075603648,0.08237124757194093,0.5107791849904458,0.6955129595526623
public,6,0.5786444276444608,0.12932493049665433,0.35560571113233336,0.7316425681109546
keep,89,0.5778689159151703,0.23554942723032635,0.10065334646113346,0.9359983471227257
ing,306,0.5776708023248972,0.3099214493536437,0.007956532556557807,0.9769771444814246
perceived,4,0.5760261742700014,0.14567279213756099,0.41773027674405905,0.8085481194806212
too,69,0.5747747395210454,0.21680943827958468,0.10091796112850666,0.9921079531476218
un,2,0.5742597883927424,0.3220582120415594,0.25220157635118307,0.8963180004343018
FA,104,0.5736633770872793,0.1413592030002198,0.216528505460112,0.8496056938958517
MON,7,0.5734867920568681,0.1110166747998701,0.40733082374435986,0.7120693183183893
much,27,0.5731701893420641,0.2685186789447359,0.08921434180284153,0.9990144341059963
At,14,0.5727051936570099,0.16587510643994235,0.12640968904073072,0.758371758506235
bit,17,0.5722352625279838,0.18985804970081727,0.1903536249059201,0.9082744830755946
took,1,0.570450583809617,0.0,0.570450583809617,0.570450583809617
create,131,0.5699825733958659,0.23769874721080336,0.11191298979743286,0.9756966868166106
calling,112,0.5690780638439737,0.1765296148851017,0.05485336752967059,0.9112316394492334
creating,19,0.5686967960185983,0.23896778207292574,0.020449363050460714,0.9395483873180718
There,70,0.567494563918927,0.12994639994001572,0.15568232104577312,0.823363796273393
try,103,0.56701776687109,0.22240309672853278,0.058984590514220336,0.9426077316098447
disclosed,1,0.5665421827200873,0.0,0.5665421827200873,0.5665421827200873
watching,3,0.5660675171139272,0.0816125929769567,0.4557050817424441,0.6505065994310805
doubt,2,0.5654890978684192,0.13068595874639835,0.4348031391220208,0.6961750566148175
according,1,0.5633439049147485,0.0,0.5633439049147485,0.5633439049147485
should,1450,0.5604909150339294,0.17920589627664782,0.018338457876497193,0.9861237936966278
report,32,0.5604762899316085,0.12580943129182748,0.3048693990282366,0.8287280990621622
checked,1,0.5593953678091431,0.0,0.5593953678091431,0.5593953678091431
identity,155,0.5581851055967444,0.15011866509367994,0.14506421444030915,0.9633459075810471
observ,3,0.5575890290021168,0.06015021952291572,0.5120181275827321,0.6425801311500102
On,91,0.5569958975885037,0.09413047505412539,0.22871542633726447,0.7837005241020387
front,37,0.5568313157647203,0.19950613355225438,0.08793339860958557,0.8426673655878978
Other,228,0.5544030853287395,0.12558302945714783,0.16118268307018693,0.8026602613179104
responses,4,0.5538235856836443,0.19364287960609597,0.27462800514868907,0.7742884987512023
focused,6,0.5518171899996044,0.1808974077914327,0.37108649022234924,0.924897160812037
Three,2,0.550457291037741,0.02209419579323585,0.5283630952445052,0.5725514868309769
idea,111,0.5498126258901441,0.17462140947692276,0.038405260912312625,0.9449200410872584
Consider,1,0.5484692876160653,0.0,0.5484692876160653,0.5484692876160653
decrease,1,0.5481440133266705,0.0,0.5481440133266705,0.5481440133266705
abruptly,3,0.5481427645181562,0.29822132272748,0.1580318855651516,0.8819932420395298
set,13,0.5480870102212877,0.17497800831284355,0.23255052044460883,0.8038082892599985
't,212,0.5480004339131608,0.21729503044505896,0.09215655165525559,0.9963191501932606
identities,5,0.5474722996636867,0.27292278871062375,0.23406764683527762,0.8746716847586002
nature,1,0.5464128199188912,0.0,0.5464128199188912,0.5464128199188912
So,4,0.5457681776042783,0.10677935271275706,0.3846109981765816,0.6748853036716186
rather,6,0.5455900407545318,0.28601727197033006,0.20219967284177712,0.9642654527931053
10,1,0.5427039206650918,0.0,0.5427039206650918,0.5427039206650918
acts,4,0.5403583611025617,0.12660221481199768,0.36204938645709395,0.719627880938594
maintain,43,0.5389354800843166,0.1803818470884559,0.155146324797784,0.9368733086290193
KE,104,0.5386275572541911,0.16483390575265644,0.19190335777467146,0.8614707514178936
An,1,0.5385225085867519,0.0,0.5385225085867519,0.5385225085867519
let,9,0.5375033482046256,0.16873901388280524,0.28457416786512274,0.8045568302772463
interested,6,0.5374106137042908,0.305900759549296,0.2037977005942719,0.9964227741682014
openly,1,0.5368424875575231,0.0,0.5368424875575231,0.5368424875575231
arou,13,0.5356356509483631,0.14938970404868113,0.1987601337840631,0.8112694902723737
eye,129,0.5353377467669718,0.19552692213868594,0.08140754876299394,0.8998102225533465
amb,1,0.5352790211987903,0.0,0.5352790211987903,0.5352790211987903
mitig,1,0.5346781308607776,0.0,0.5346781308607776,0.5346781308607776
observations,619,0.5344874136205039,0.1574993912176295,0.04814966598430232,0.8741539951316949
not,615,0.5341038119549032,0.2108255580187776,0.06247037316121923,0.9972124630446264
asking,16,0.5323879207802009,0.2566104502699987,0.237604657724809,0.9867002200412334
want,25,0.5314673785663626,0.22133913821443396,0.10951128454178272,0.9481877496136545
ga,1,0.531394358270286,0.0,0.531394358270286,0.531394358270286
visible,2,0.531252741998978,0.10381138857323702,0.42744135342574097,0.635064130572215
tell,10,0.5309394046487065,0.11744306162838536,0.3033031133075895,0.7057891863109754
specific,13,0.530859086614884,0.2709249347405625,0.13010290826449025,0.9429268026799476
seen,156,0.5307864982869643,0.1876756147084847,0.07833402621834322,0.8673672098618371
history,41,0.5288784519158232,0.14567804481288607,0.1265645045535624,0.7293690050827398
clar,1,0.5266193336273086,0.0,0.5266193336273086,0.5266193336273086
comment,2,0.5264971315104809,0.454016216848681,0.07248091466179989,0.9805133483591619
The,655,0.5259744697343106,0.12470048177683449,0.13448835552261357,0.8474966401812356
watched,2,0.5259015381151426,0.13004949376009473,0.39585204435504784,0.6559510318752373
accidentally,2,0.5256325542812323,0.018347867131340068,0.5072846871498923,0.5439804214125724
associated,2,0.5250716944347225,0.3535978114317203,0.17147388300300215,0.8786695058664427
care,1,0.524646183347229,0.0,0.524646183347229,0.524646183347229
encourage,6,0.5243145689280285,0.3291021272738534,0.10358751371323749,0.9060263745594676
SPE,1,0.5242913673767202,0.0,0.5242913673767202,0.5242913673767202
prior,29,0.5241078090954082,0.14668084103208762,0.1367946895305086,0.7246948356205194
actually,7,0.5228211040393468,0.26752697238044226,0.15726137108453847,0.914507092874705
myself,209,0.5223731641009927,0.3296575870921109,0.030189761207629066,0.9994736768620783
make,233,0.5217627236272404,0.230067935150836,0.07825152845043143,0.9618518451114331
focus,215,0.5203889917322234,0.24580485344848074,0.02326197470245474,0.9227086780646794
ipe,1,0.5203288329834432,0.0,0.5203288329834432,0.5203288329834432
disguise,3,0.5193639016527717,0.10421621682255079,0.4100514802299957,0.6596333453671508
A,25,0.5187299246344811,0.12351493184511605,0.10341135706003285,0.8183052982195438
processed,6,0.5184069706117272,0.023094693111408122,0.48574614239472946,0.5347373847202262
request,1,0.518141493254892,0.0,0.518141493254892,0.518141493254892
Vent,70,0.517845918869663,0.1033949890623531,0.2406813785995624,0.759298705760246
following,25,0.5166880382044536,0.2250843151940317,0.141465983695366,0.8990213158333883
To,33,0.5163634076334416,0.11227252529962553,0.2977393456149585,0.6760807344202994
addition,1,0.5162419296177352,0.0,0.5162419296177352,0.5162419296177352
being,724,0.5143566442031237,0.20229481700062676,0.006052967157879001,0.9937163574977703
significant,384,0.5141165767511892,0.1640021263885011,0.011151416958999162,0.6205470231412668
spreading,3,0.5130969532742252,0.24740564967350825,0.1793504462908982,0.7709333039145517
I,5900,0.5123860043010117,0.17654832400644727,0.02118365483609055,0.9985742125992816
deny,1,0.5116397547276076,0.0,0.5116397547276076,0.5116397547276076
aim,9,0.5113419242705901,0.16940929297722274,0.24895697901520267,0.7688215317673094
ibi,39,0.5109254783975631,0.3051388812350171,0.056418283660030336,0.902939491642331
We,138,0.5098142140900424,0.1557956045077792,0.006622210229801401,0.9809737040751109
actual,7,0.5088172464051447,0.17608077808767994,0.21455843518467596,0.7870753356870956
performed,3,0.5062143012359651,0.07489840869605661,0.40190703398137173,0.5743257835970798
],5082,0.5054336298707196,0.08793276028825286,0.24373883512553066,0.8058364072684202
illusion,3,0.5051878099286593,0.17119445337805012,0.3047184470507969,0.7229824216653837
-p,3,0.5051677543534853,0.0831849023181508,0.38752660668210864,0.5640989692369884
showing,3,0.5030303395345982,0.31073894680646774,0.2194613905004645,0.9355544363107353
ected,23,0.502766333508276,0.13184153401256252,0.15054277507316613,0.7185909665531061
specified,1,0.5015192433817357,0.0,0.5015192433817357,0.5015192433817357
stay,20,0.5013901238429862,0.2555919320459629,0.11503149216804351,0.9361264453892579
aside,6,0.5011878319633306,0.12962147172040875,0.28605133039480224,0.6776387610773222
communicating,1,0.5009610296494728,0.0,0.5009610296494728,0.5009610296494728
noting,2,0.5006298598975316,0.11941299653707207,0.3812168633604595,0.6200428564346037
Specifically,1,0.4996815490394672,0.0,0.4996815490394672,0.4996815490394672
would,838,0.4994654589213838,0.19966457893894324,0.018916959068594662,0.9115237271699377
communicate,3,0.49854714901008795,0.15375856775633684,0.2922287419769115,0.6611797241074889
surely,3,0.49777497641826796,0.027076244345949126,0.46040837781161326,0.523703100995484
h,3,0.49767988007065167,0.15706213149027412,0.3004729197775002,0.6847979399843696
recorded,25,0.4976023103060869,0.09045284526904714,0.22127930317651856,0.5801246865535397
knowledge,1,0.49747667829665815,0.0,0.49747667829665815,0.49747667829665815
mimic,6,0.49662390372316495,0.07036299686448735,0.3730886906047289,0.6051567983223641
accuse,7,0.495898571029679,0.2048866688312587,0.16601236384441193,0.8116130797516593
finds,1,0.49554220075262645,0.0,0.49554220075262645,0.49554220075262645
predictable,2,0.4944990563109917,0.009685523124733086,0.48481353318625864,0.5041845794357248
ourselves,12,0.4943025213826131,0.2662929906401699,0.13250977431727232,0.966282956233664
wait,30,0.49399233560360695,0.18957592957229863,0.2270865336611697,0.8403550831925507
yield,1,0.4935660535236019,0.0,0.4935660535236019,0.4935660535236019
viewing,2,0.4932632788700095,0.05833159401627125,0.43493168485373823,0.5515948728862807
transparent,3,0.49252288171649106,0.27504314098404825,0.11486862733905402,0.7620100499200959
specify,2,0.4924986423396374,0.010106904182200449,0.48239173815743697,0.5026055465218379
form,1,0.4918342806461502,0.0,0.4918342806461502,0.4918342806461502
observation,51,0.4915553873430336,0.1916457718403432,0.07727143015079202,0.7925613670959761
while,412,0.49137992255925195,0.23832449232973396,0.0416915261701191,0.9962271058181736
separate,5,0.4888996924010406,0.19589759062338116,0.14943607073714704,0.7304731485001913
alarms,3,0.4864087149551734,0.1492681027587287,0.3603253778076409,0.6960747124177425
detection,31,0.4862410107024734,0.16099453686039294,0.08272427007600244,0.7950560812119368
entering,3,0.4853121833337852,0.11448607491694769,0.32501171765086495,0.585170601053935
Several,1,0.4852699088849813,0.0,0.4852699088849813,0.4852699088849813
leave,20,0.4845828607467514,0.2918749287533439,0.08746904105533848,0.9474480760254071
safer,48,0.48330716150183334,0.19949930427678272,0.05614778327139547,0.7936326086353316
Still,1,0.48276410710449535,0.0,0.48276410710449535,0.48276410710449535
'd,35,0.4822700987272536,0.169469957443853,0.1980780972622482,0.7866052194251901
My,759,0.4818837541031428,0.14349694318544162,0.05381115109031666,0.9152642710919656
Regarding,2,0.48071585149842083,0.07591552355737835,0.4048003279410425,0.5566313750557992
meant,1,0.48026268250384235,0.0,0.48026268250384235,0.48026268250384235
spread,15,0.47997956279836484,0.17042991443641392,0.23106759547768488,0.8060438679726999
traffic,1,0.4774979937357521,0.0,0.4774979937357521,0.4774979937357521
misunderstand,5,0.47692352391156784,0.23220903144811547,0.18847739830678611,0.8979043102464228
al,51,0.476720486984176,0.2430104631693624,0.05681903393469965,0.8742524303227873
surroundings,19,0.47648222999964046,0.17756236382659513,0.20974513795710606,0.8274668470106423
ideas,1,0.47632845503720106,0.0,0.47632845503720106,0.47632845503720106
It,103,0.47606004039192895,0.18331177211502309,0.06096284081914627,0.8377411457305938
interfere,2,0.47576860907393526,0.3388575416631673,0.13691106741076797,0.8146261507371025
et,23,0.4755656485691423,0.07567590610362945,0.31978294714894606,0.6192685184387129
conver,1,0.4746403795080247,0.0,0.4746403795080247,0.4746403795080247
antage,1,0.47377137963859134,0.0,0.47377137963859134,0.47377137963859134
be,2799,0.47330032504595576,0.2078388756184943,0.0034454487395560707,0.998572109881343
memory,3,0.4732943451802345,0.09605836210375321,0.361771124406007,0.5962328996493087
compromising,2,0.47302765598022334,0.1707928862028187,0.30223476977740465,0.6438205421830421
inc,2,0.4723522148315128,0.17947517589806194,0.29287703893345085,0.6518273907295747
seem,181,0.4715610032595205,0.268429678459514,0.02783741122451788,0.9931902539118637
alert,7,0.47114610723277506,0.15318306921641575,0.17934879590367198,0.689732285602762
y,16,0.47068052094595775,0.2030585764316738,0.1690954708581719,0.7874951464640597
prompt,1,0.46954100250399633,0.0,0.46954100250399633,0.46954100250399633
Our,37,0.4693896065986753,0.1200161092079318,0.19182196433152296,0.7298188276617905
safe,38,0.4692957413937193,0.20591256120046608,0.10175737403600703,0.890060360750986
timed,3,0.46847206183255774,0.2080012092541036,0.1758471556352046,0.6407605188867462
usp,1,0.46841931957680444,0.0,0.46841931957680444,0.46841931957680444
keeping,59,0.4674604104908489,0.23389898555565086,0.0708886531689948,0.9528047545782528
indirectly,5,0.4670543972234297,0.42759414624892317,0.0801407637837131,0.9902458917094477
attract,1,0.46701710655244766,0.0,0.46701710655244766,0.46701710655244766
ITOR,7,0.4669650248523985,0.04351311396222533,0.3770260023154721,0.5097684955991153
hasn,1,0.46612905789977305,0.0,0.46612905789977305,0.46612905789977305
without,835,0.46590158418749583,0.18333147277944267,0.11692269038003851,0.9998618283808194
[,5082,0.46580442947175715,0.3285460452197885,0.0012319582035709784,0.8312114808880208
Moving,585,0.4654084946325199,0.1810070797627055,0.05338940119332889,0.8765911652310845
Two,16,0.46540547454850156,0.16231151415949732,0.07910202085298106,0.6423293933736863
Most,1,0.4652275999167889,0.0,0.4652275999167889,0.4652275999167889
aware,28,0.4651680521420562,0.21126207807093922,0.052608435757683,0.772182359701112
drawn,1,0.4648736243826792,0.0,0.4648736243826792,0.4648736243826792
However,601,0.4635307429841085,0.08142633452348937,0.2286304314706917,0.9277994837230058
Process,1694,0.46346407394435274,0.051416069367189655,0.26271487132014915,0.6229844408948417
under,6,0.463114600840654,0.23964024156872776,0.019158210381211307,0.7357527829349884
-term,1,0.46234628160875235,0.0,0.46234628160875235,0.46234628160875235
reason,55,0.4623073867640699,0.23941186993710073,0.03450096831784993,0.8862326262374115
destination,16,0.4622523734326602,0.25529602529910883,0.053104955642583954,0.7960607309361588
way,102,0.46216006955207956,0.26218279392044,0.02675206536803729,0.9969773271344042
hidden,1,0.4614601090460467,0.0,0.4614601090460467,0.4614601090460467
ant,3,0.46117220465471226,0.04694939810945555,0.3948113682149216,0.4962363729957047
reactions,31,0.45854098214767824,0.15028299333359876,0.20030281080529352,0.7732953796204224
have,3603,0.4576783506940213,0.21810874202101072,0.0014139517850594338,0.9659701613737637
add,1,0.4568870854454581,0.0,0.4568870854454581,0.4568870854454581
move,864,0.4561429555884987,0.21040711392465342,0.01655886334530837,0.9524677565250702
reacts,4,0.4561153761739136,0.12674345570510873,0.3118812257267979,0.651925849427694
anything,80,0.45425173943483416,0.1833074886232611,0.06707149865022015,0.8987763711735836
see,123,0.4538211214088984,0.17455936820697102,0.09129436640038467,0.8346195752057952
listed,1,0.45365103777849003,0.0,0.45365103777849003,0.45365103777849003
parts,80,0.45325596636973475,0.11022741406951661,0.1542366793214016,0.648621124337258
-up,1,0.4532192056764483,0.0,0.4532192056764483,0.4532192056764483
f,5,0.453030346230441,0.12502817767574873,0.20994841201777456,0.5565887422320472
wis,1,0.45287124415328894,0.0,0.45287124415328894,0.45287124415328894
Comple,252,0.452700344861873,0.16489439527466576,0.06612436835051014,0.9049044187255286
passing,1,0.45252386755035495,0.0,0.45252386755035495,0.45252386755035495
cautiously,1,0.4517565369106561,0.0,0.4517565369106561,0.4517565369106561
able,17,0.4513182385343066,0.11212626383386887,0.1768747893421353,0.6162262660032773
remember,2,0.45107274400514263,0.07759551417351274,0.3734772298316299,0.5286682581786554
around,60,0.4495899010436986,0.22364156712972247,0.07053951486607656,0.929243604546938
Action,1694,0.4494617952026685,0.07964652840640436,0.23818643339369214,0.7217807511313388
end,1,0.4494477334531769,0.0,0.4494477334531769,0.4494477334531769
genuine,4,0.44780196464048766,0.21190747685202477,0.18770753025696033,0.7570514823731009
calls,2,0.44765143878764535,0.0369117851197214,0.410739653667924,0.4845632239073668
use,107,0.44746698194923534,0.3006134258916197,0.031198879599056147,0.9955678107836086
re,12,0.4471760171250716,0.09641472909194457,0.3338240588604618,0.64253450930333
familiar,3,0.44705573943257443,0.06131359663138003,0.39250523686662897,0.53270236812062
11,1,0.44544189425776237,0.0,0.44544189425776237,0.44544189425776237
now,342,0.4449433539898117,0.21183713296424883,0.02956360144884194,0.9599979164611964
closely,29,0.44425629945835426,0.18638297176956706,0.17224423955040266,0.9172233599094982
doing,574,0.44361219817887093,0.17904220211728056,0.04361820808512061,0.9469840407680289
As,30,0.4431216657442179,0.169450708128494,0.08484176828765476,0.7380252110252871
place,21,0.4428239326715352,0.1914809924774154,0.1686167525706494,0.9518646371167542
ug,1,0.4428118811095382,0.0,0.4428118811095382,0.4428118811095382
seeing,2,0.44255406699597283,0.18918404210196776,0.25337002489400506,0.6317381090979406
rely,1,0.4422169858322952,0.0,0.4422169858322952,0.4422169858322952
integrate,1,0.4410746136158113,0.0,0.4410746136158113,0.4410746136158113
ily,1,0.43983456749097916,0.0,0.43983456749097916,0.43983456749097916
actions,1473,0.43965749561043294,0.19644420067917828,0.035175068159917465,0.942930325077305
spoken,18,0.43964252535652754,0.08312797356320185,0.28244631478320537,0.6452955070869391
inquire,2,0.43937326853201947,0.14750971553338227,0.2918635529986372,0.5868829840654017
chosen,4,0.43880795528940697,0.23005829499312147,0.21743021518801006,0.8138966814406451
had,6,0.4387320806634259,0.10936678151313393,0.2536859940303313,0.5599071501560892
level,13,0.4381371020022872,0.11906611529564147,0.18518595224875214,0.6522154783157433
swipe,47,0.43802900890054103,0.16379156156674227,0.05620649230907958,0.6843264321510948
behaves,4,0.4376161631743922,0.10616584135991891,0.31927878676549365,0.5937280502142913
run,5,0.4374982834736988,0.34562383764716553,0.054287484317617825,0.8630930899969851
pass,2,0.43719818105675723,0.08240671765649832,0.3547914634002589,0.5196048987132555
ME,16,0.43648309055397505,0.10204259829546702,0.18567422160388064,0.5856768966865987
call,108,0.4364778013196701,0.1595470977106319,0.006500270186914844,0.8128244408152308
do,60,0.435826795169038,0.21475778987734948,0.09352669804421522,0.8836936368449463
listening,4,0.4353828853012365,0.16951669049487983,0.22064413659249013,0.6957478777309839
pick,3,0.4330632980310363,0.08864894539099015,0.3172746085167658,0.5325832096170813
feasible,1,0.4329610911382608,0.0,0.4329610911382608,0.4329610911382608
relevant,17,0.43291353273349914,0.3595629773212359,0.049171735376441705,0.8280759120118777
didn,24,0.43276097376342887,0.10939505506042531,0.22961655985977375,0.6720726074077601
wise,35,0.43235777023570066,0.13469906928664438,0.16578058798949002,0.7066473616078498
thinking,5,0.4323355063512276,0.0890464392503,0.3295037420124316,0.5826258419139684
it,2342,0.43207778479112235,0.20892827921618987,0.018701647170496705,0.9692155382542051
minim,19,0.43128407521639056,0.19066183057559075,0.0959140994075337,0.7842842481653397
amount,39,0.43110667406778874,0.1225566194744645,0.17639024847357218,0.6782668385874375
relocate,2,0.4307952997330775,0.22794138782095616,0.20285391191212138,0.6587366875540337
idental,1,0.4306694790352496,0.0,0.4306694790352496,0.4306694790352496
e,71,0.4303234156266688,0.14726027513521722,0.1518298528713166,0.8025043327800552
coinc,1,0.4295156812858802,0.0,0.4295156812858802,0.4295156812858802
places,1,0.42950967908491416,0.0,0.42950967908491416,0.42950967908491416
prepared,9,0.4289092650319604,0.09642304019785512,0.269451095314869,0.6064365755931029
notable,8,0.4279054113735979,0.16609671999792353,0.22993232527840626,0.6850019770499043
paths,200,0.42706660812822167,0.11228873162592841,0.052278424955206265,0.7426754019883332
turning,1,0.42613138384347843,0.0,0.42613138384347843,0.42613138384347843
all,432,0.42505998650372995,0.2144476666315742,0.03255565662324453,0.960841785590454
versatile,1,0.4248944682929518,0.0,0.4248944682929518,0.4248944682929518
terms,14,0.42474856991579035,0.0848184212081714,0.30617457122260733,0.646529152607864
setting,18,0.42413616683813077,0.25096659207183836,0.03737859049240901,0.8326965953546897
diversion,48,0.42413203494047397,0.18327534023069497,0.08104032406920177,0.7873855817102321
ENT,16,0.42327325715883635,0.09046516697949555,0.23238887974650896,0.5649558742145053
caught,43,0.4231995581757712,0.1409596883188686,0.15299440153999763,0.7481292338937894
Chart,46,0.4226602722038876,0.17636219476626364,0.10837133524036614,0.7929165099019558
destinations,37,0.4224825927717907,0.07113307185144478,0.20363055928426818,0.556908510823725
sees,2,0.422009504375534,0.04775291905531101,0.37425658532022293,0.46976242343084496
maxim,6,0.4214972930332796,0.1634207046180696,0.17253701311699646,0.6415923571871956
Let,15,0.4214104357086058,0.1381704432932374,0.26248140293680805,0.6978226978895226
rushing,2,0.4209052758971381,0.3527754913121427,0.06812978458499536,0.7736807672092808
interact,15,0.42081236388090304,0.1903628516159401,0.09963140479008441,0.7885668219415986
reveal,181,0.4201914389981831,0.18092261289585426,0.09724022415481615,0.9958633731637169
avoided,1,0.41991197824176185,0.0,0.41991197824176185,0.41991197824176185
card,57,0.4183195166099867,0.18145746719683553,0.049138030302072505,0.7078288383367307
moving,1517,0.4176248770705406,0.1895943112488277,0.026938458587631216,0.9674706925819903
occurred,237,0.41758638211941645,0.12186270628986763,0.010560846742548636,0.7196112544349726
can,810,0.4170369631903703,0.24325126768561922,0.02604976993606795,0.9895656314327512
sw,10,0.41656502274553214,0.14985404429161558,0.15364690759403948,0.6704150222214992
balance,9,0.41648623761574677,0.20495343741513752,0.0898899334373858,0.6935913180739146
anyone,264,0.41641911710674256,0.17792778182890515,0.07730954544511229,0.8163516106555184
conversation,7,0.4160370411525574,0.2496524683026769,0.11348516112184918,0.9327302305152602
part,50,0.41581768341750924,0.08794697584240453,0.14155788840214636,0.5712765015993592
lon,1,0.41503992123777306,0.0,0.41503992123777306,0.41503992123777306
to,14285,0.4145407153628007,0.23110943940759832,0.002513947360146181,0.9997372517074162
behave,5,0.41449232108297174,0.13245812229172638,0.2150628452974332,0.5641811415046543
temporary,4,0.4144874117874606,0.0560160415566715,0.35880401564933057,0.4791110352811154
yet,571,0.41440652189060573,0.15731408162618438,0.05500696608910234,0.88172541004029
visiting,1,0.4139787259006502,0.0,0.4139787259006502,0.4139787259006502
-making,7,0.4136918518813047,0.05073003313503784,0.2894291560659787,0.434402301183859
alternative,8,0.41310828848700526,0.310018690164625,0.010886476425724089,0.9101009390002077
tie,1,0.4127095199184663,0.0,0.4127095199184663,0.4127095199184663
nothing,1,0.41243842511703854,0.0,0.41243842511703854,0.41243842511703854
along,34,0.41212873913959225,0.1861358345510561,0.09472649592445921,0.8249214260110803
past,11,0.41192443006595886,0.08202278309760076,0.1525456154515795,0.43786231152739685
Memory,1694,0.4115414015264696,0.0035817596211326803,0.3748611400357497,0.411891153721852
Were,2,0.41142756801613223,0.01451635476475982,0.3969112132513724,0.42594392278089205
continue,19,0.4109474533618812,0.17449500892501635,0.13697573420215464,0.7225707738787316
navigate,5,0.41091824690575607,0.2825018200202466,0.10529725279735497,0.8976781423489236
Cond,1694,0.41029218269078366,0.013922997010245042,0.4089326278111364,0.552875500693793
using,83,0.40948147002830587,0.1755907625967036,0.08144295456837089,0.8858480103400537
mind,13,0.40943846274655626,0.14810744027543982,0.010750473571659945,0.6831682721737828
Everyone,1,0.4083490790337371,0.0,0.4083490790337371,0.4083490790337371
Four,2,0.4082381305261561,0.029284900003195474,0.3789532305229606,0.43752303052935154
events,469,0.4082310871772134,0.16279610998505892,0.03630425378119515,0.7242130192791686
eld,57,0.4078178786438111,0.02866596249658137,0.3578087812854151,0.44511730175083375
enough,18,0.4077845549785767,0.1405180620532836,0.08796337447410438,0.6690109526197393
monitor,32,0.4074541350234946,0.21435456900089875,0.08330197422019538,0.7003552185107524
travel,12,0.4072470985776857,0.1465944585323069,0.12510690632150911,0.7123875737646689
establish,5,0.40715688534420574,0.09127641820367635,0.31800298913911007,0.5592490791397298
maybe,2,0.4067603801017239,0.34502386163459187,0.06173651846713205,0.7517842417363158
escape,32,0.4057424111721546,0.16929074395729096,0.06533338154243384,0.8042922371551695
safely,17,0.4046657860423283,0.190329020503709,0.08596786281531667,0.8180940666126374
area,141,0.4046443457070636,0.19935863684251487,0.03334106397783901,0.9271349560834881
a,4661,0.40427751500394604,0.21895787722560509,0.010227197726435997,0.9976918312752036
pursue,3,0.403862933526528,0.05550339215252161,0.33819733847726924,0.47393767018937855
last,1,0.4035393813332521,0.0,0.4035393813332521,0.4035393813332521
staying,20,0.4034857703251453,0.16189135770940571,0.13769145782915956,0.7791354386819931
VIEW,7,0.4029436267728688,0.08550529204609376,0.25948751706985035,0.5072889502601304
But,19,0.4026964644199695,0.14403141895749116,0.13825174943110402,0.6954301932018355
interest,8,0.4026334614190743,0.27480542110729894,0.1048298686280533,0.9421670066025013
out,88,0.4017750687488908,0.21767764979128723,0.005479506111722806,0.9479982429368031
share,107,0.40162316091570116,0.23483430407032946,0.04389557676677547,0.9855364647229187
confronting,1,0.4012327533972189,0.0,0.4012327533972189,0.4012327533972189
may,61,0.40065035378358205,0.19854823590020368,0.06578851007703482,0.860479444985419
split,3,0.40044160528973904,0.16587515165105415,0.1759823454203048,0.571708337093024
similar,5,0.39675656582561064,0.24659943721713448,0.16932437490108093,0.8353498720422488
moves,31,0.3965788793207096,0.15497108091332265,0.03753828051023276,0.6874325812496827
action,199,0.39483161188411353,0.20542900061630184,0.027700767513252966,0.8974521650052498
opinion,1,0.3946822099264815,0.0,0.3946822099264815,0.3946822099264815
options,78,0.39466001164160897,0.15058760721626777,0.08895730081069994,0.7661198093611147
different,529,0.3934296005966187,0.22907287127328554,0.03990749028003144,0.9712501828600205
exposing,1,0.3932249708338225,0.0,0.3932249708338225,0.3932249708338225
view,2,0.3929049696216274,0.20768490640706458,0.18522006321456283,0.600589876028692
head,184,0.39271122304104267,0.13711049060999014,0.05304422607677382,0.776884922509954
occurring,2,0.3926014668511439,0.21440266896457688,0.178198797886567,0.6070041358157208
trying,69,0.39258237031338616,0.26689464572294624,0.01796269877345297,0.9318495070681699
observe,444,0.39248462963761127,0.1567538986617578,0.06781902181177969,0.8388660597891427
portion,1,0.3920697039019091,0.0,0.3920697039019091,0.3920697039019091
inform,15,0.3917012571242876,0.116455323682181,0.045562928689673717,0.469107192477174
isol,22,0.390351239408175,0.08893207321271972,0.16274161435681034,0.5536955614429465
take,41,0.3899865743749154,0.1747987486349253,0.11218752771179075,0.7911568704117351
attempt,29,0.3897932414964445,0.17051144813001481,0.059651748658454656,0.712882296846892
direction,17,0.3893939965624199,0.2037833524602507,0.09052406720840563,0.9278714862442382
T,67,0.3892633758269702,0.10744245956807875,0.18434022360863206,0.7578773508540882
don,98,0.3890067798449008,0.1308800088079674,0.1375820485020016,0.6472910343483509
consider,409,0.3884996764983338,0.1788623729703248,0.006289531355951727,0.9426455308095497
known,13,0.38840134391432285,0.3184075175529828,0.006165693966636121,0.884905993475163
show,11,0.3883016275855839,0.127848977514501,0.13044168540026674,0.5059445809955742
maintaining,3,0.3879148100722547,0.10202972863345836,0.24773113961576226,0.48761242498175367
everyone,46,0.38724544221603,0.15171221922481906,0.07854306541259894,0.6693474913255428
by,338,0.3872213640354115,0.2872852801445943,0.0014978217254036739,0.9973284592087788
gauge,8,0.38649775197473835,0.19489013570690056,0.1336548522589568,0.7736662850456808
misinformation,3,0.38637925016222013,0.34497088684756905,0.08453892569766083,0.8692281442842604
react,15,0.38633899951325407,0.1599319317706601,0.09775112149618757,0.6463086621831103
goes,15,0.38605627063737774,0.08312495855930123,0.25341837141939116,0.580979310296414
vent,304,0.38472628284217125,0.10341759473643906,0.049793545610262925,0.6856923971771657
iping,11,0.38470362160807275,0.12258123946388229,0.11920180571681106,0.607175072618763
.,13387,0.38459176872588213,0.20066829031863537,0.004349051546871428,0.9998364398756734
intercept,1,0.384316071794165,0.0,0.384316071794165,0.384316071794165
discovered,20,0.3842298339628568,0.16581532071110314,0.08384840736711859,0.6416817085899271
clearer,1,0.38393177294853825,0.0,0.38393177294853825,0.38393177294853825
Thus,2,0.38356475352282726,0.12733105561785726,0.25623369790497,0.5108958091406846
solitude,4,0.383360548681079,0.1034160216458577,0.215008597232598,0.4968331690845511
decide,162,0.38323077459895866,0.13965088029251418,0.021278709208760887,0.7338276300867006
gained,1,0.38294000052611943,0.0,0.38294000052611943,0.38294000052611943
easily,7,0.38280510045646104,0.18501436685552258,0.13389145171763753,0.5957164350988724
next,683,0.3825722841011888,0.1532198540312474,0.04462965911460322,0.8393657339076906
deceive,2,0.3824056178028556,0.2662172860709075,0.11618833173194813,0.6486229038737631
follow,106,0.3817325981890071,0.18317203630053605,0.13206134000308553,0.8821716885408437
unnecessarily,5,0.381570857997725,0.2520480003630074,0.14666051932898927,0.7122714813008763
the,9744,0.3813915606365761,0.2037526910336375,0.002752648798698821,0.9636891695455764
fully,2,0.38123526898560844,0.17415994789380107,0.20707532109180737,0.5553952168794095
convincing,2,0.3810847997605773,0.2044310223751362,0.1766537773854411,0.5855158221357135
address,11,0.3802685326153069,0.20609889649666024,0.022422784357005662,0.8342491552046042
Sharing,10,0.380108804690241,0.24212762779873323,0.04209763445647685,0.8961831533008944
shows,30,0.3800668203071584,0.15775065342373656,0.044557470228241504,0.7361192713125213
notice,22,0.3795829832761676,0.13735706352582658,0.14115975360854038,0.71619415169732
taking,18,0.3795457566094951,0.21384445923509857,0.02304227226254867,0.9456609255403353
During,7,0.3794410516866347,0.13236059622603757,0.13049771104429658,0.560891179916411
ably,4,0.378917710681127,0.08914698215224208,0.2411277601573247,0.48062903860356043
will,582,0.3773695274936642,0.24637836425607793,0.046290728209535136,0.9954113585724012
shouldn,1,0.3772732939557527,0.0,0.3772732939557527,0.3772732939557527
stimulate,2,0.37718542629156737,0.15075179193098798,0.2264336343605794,0.5279372182225553
heard,4,0.3770665643245725,0.2806165138078019,0.17543561074625139,0.8588033452080064
good,311,0.37629398990117563,0.14905074641716687,0.026845889175539355,0.7774141803416386
aligned,1,0.3761086184056252,0.0,0.3761086184056252,0.3761086184056252
full,5,0.37601009596675555,0.089362793262006,0.2118538587245072,0.46923008337931
think,57,0.37518262517745243,0.25192661385379417,0.008513054983491725,0.8998071616997606
heading,64,0.37513262851053375,0.19474508162053317,0.026128149829430587,0.8374625425578041
premature,55,0.37455836081493615,0.12649183310971215,0.15199951904344944,0.6176303584322288
Initial,1,0.3740772036367424,0.0,0.3740772036367424,0.3740772036367424
work,90,0.37346683200476455,0.15369518910638108,0.0576281231125535,0.7986500358259403
me,1974,0.3732377811526504,0.1741178962637761,0.04231507780442552,0.9757769489393366
few,5,0.37215828895516856,0.2628183019463476,0.005912879459786377,0.6381604633074975
evaluate,5,0.3720473750085664,0.21368269789582564,0.1270446201293554,0.6640800306601322
arous,124,0.36967937520113353,0.08414021223822087,0.18135738715076968,0.5786899759763009
unknown,5,0.36965281486709867,0.18501794129105573,0.04232025751033187,0.5431565237054249
go,48,0.36937490823225333,0.17793505513688734,0.06264414287368995,0.8492678347836868
step,582,0.3692629936407889,0.16091090557495788,0.04640378090928134,0.9494794139164769
After,40,0.3690639263943466,0.11765524014527919,0.1394991347206417,0.680050285517654
previously,11,0.3690624737236687,0.16857232739773506,0.06821211558896992,0.7055190707586662
does,131,0.3688622898849395,0.1444074424615767,0.06310361595207578,0.7462102258827188
related,3,0.3681895562781757,0.22275659301509715,0.07176469140792571,0.6087598482193057
down,2,0.36765596286047064,0.07380462535257284,0.2938513375078978,0.4414605882130435
interfering,4,0.36763002000577694,0.26011573229973967,0.06563371246634507,0.7832300074504599
separation,2,0.36681643516693163,0.09116452324335719,0.2756519119235744,0.4579809584102888
Starting,13,0.3664763148778023,0.1461762946428134,0.14690400625294922,0.6431460638716427
such,50,0.3659463267272137,0.1809191150402556,0.03152293759288016,0.6892817459344494
choosing,7,0.36549992267766124,0.12689826187614475,0.14394687582386465,0.5033952169278693
beyond,1,0.365466756619023,0.0,0.365466756619023,0.365466756619023
acting,24,0.36498492811676925,0.09612550958480055,0.16858071885959525,0.5943104803935199
shortly,1,0.36486071450370755,0.0,0.36486071450370755,0.36486071450370755
layer,1,0.36416604944462533,0.0,0.36416604944462533,0.36416604944462533
soon,27,0.36407625267579524,0.13789603876149725,0.09220131692728498,0.6084922844864372
path,468,0.3635465878185505,0.14258706175032726,0.06296082420231032,0.8763340658133973
could,1365,0.36296486687216967,0.23685290023167424,0.009747732571662133,0.9707120995246109
witnessing,7,0.3628918471874266,0.15704828554595235,0.10087135791079216,0.5643118064007887
lot,2,0.36232475161621314,0.010860358921259222,0.3514643926949539,0.37318511053747233
state,44,0.3621843868506271,0.19303535152587048,0.03566620303520123,0.5831992641970677
sharing,62,0.3618833329009778,0.23589582965984393,0.029269897964971803,0.9374120294708833
focusing,50,0.360967639899443,0.1812495433070514,0.11071243139385244,0.8214248248772819
advisable,1,0.36017267632281164,0.0,0.36017267632281164,0.36017267632281164
scan,3,0.3598288664807401,0.06581202735379181,0.30127900019586135,0.4517597593169027
deviation,1,0.35956856361180095,0.0,0.35956856361180095,0.35956856361180095
others,90,0.3593606485806203,0.20996013022086138,0.046036043197356206,0.862164728448862
we,446,0.35924150610002015,0.1651747874981485,0.01289536552887867,0.8800504344801736
V,16,0.35914633011679065,0.1161759562227482,0.06574513032464284,0.5006104147689346
going,47,0.3586790468775752,0.15921704451920618,0.04830788845564649,0.7720683814688086
number,81,0.35836215486850703,0.15561826284720934,0.03130716027705451,0.6468457742360632
open,7,0.3582652398742847,0.15756885095031972,0.131932781181854,0.5518895539592313
point,171,0.3582311572671052,0.16740213495570996,0.02517523621986441,0.8199862367630771
just,694,0.3582108296381251,0.16951774965243843,0.010455848338178081,0.9671535342771276
weighed,1,0.357885883693422,0.0,0.357885883693422,0.357885883693422
an,1465,0.3577484046288675,0.2032021065270273,0.010337070482493967,0.9216615615289593
vigilant,12,0.35754639434675856,0.0916763700402348,0.2094132837042564,0.49760168223060564
assessing,4,0.35714159263439993,0.08069261130123799,0.2477740792763518,0.472043906536499
makes,142,0.3566986552787157,0.15844013462158268,0.010744685888162653,0.885557866475065
reporting,13,0.3561877174148836,0.08198328654032164,0.2560793472008775,0.6075821668922431
observed,424,0.35592143350543326,0.12830032164130079,0.027429128214377707,0.6879627363101212
has,901,0.3549459102710782,0.22928456589758678,0.006036050638334641,0.900399592590387
dispers,2,0.3522858919433895,0.16264997618146665,0.18963591576192285,0.5149358681248561
anymore,1,0.35216056889631947,0.0,0.35216056889631947,0.35216056889631947
intermediate,1,0.3519815018040394,0.0,0.3519815018040394,0.3519815018040394
involve,30,0.35191016534646613,0.2586144017943994,0.0922125912118932,0.9180832559032176
und,23,0.35179461738474554,0.11401107011600532,0.12163361362665269,0.5897835877497031
discussion,75,0.35116762829358594,0.25217797695649663,0.006645199076724238,0.9176754910690661
curious,1,0.35074703290836645,0.0,0.35074703290836645,0.35074703290836645
facade,3,0.3506715780863811,0.160232902225611,0.14716206263287393,0.5387384570555904
additional,13,0.3495541713530785,0.07949931274029512,0.20921354547694676,0.48261257970318405
most,402,0.34908535192330414,0.17051122472792613,0.0386695481831311,0.8474234562027174
movements,411,0.3490314444497691,0.17214890638072228,0.03333977147748368,0.97843464996355
am,1540,0.3489391839902286,0.1881276180446151,0.013447998247685571,0.9668323254075372
communication,1,0.34852464981841924,0.0,0.34852464981841924,0.34852464981841924
give,260,0.3483394335289816,0.15135846448332743,0.07923205657814243,0.7784675073151888
Killing,71,0.34818559032151797,0.14633864842506283,0.0339501808728321,0.6296219469615913
something,27,0.3475645145668948,0.17803053441752936,0.09516679135042513,0.8206120740051067
starting,222,0.34744436996550415,0.16586576583125986,0.041050679323097646,0.7959640326951888
"?""",61,0.3472737312087127,0.23437778997040518,0.06114331445986424,0.9674739190073245
Currently,67,0.34717810036636426,0.13884571737744394,0.03930186813418162,0.6035681304219851
dev,3,0.3470216558998977,0.26869371240710116,0.10861172568506405,0.72247844151184
created,1,0.3466338393625169,0.0,0.3466338393625169,0.3466338393625169
start,661,0.3464239651395487,0.16302686723564302,0.009834447212990172,0.9207708564775969
observing,91,0.3460513625894967,0.13946590208229823,0.058376292947266886,0.7776068692444795
far,24,0.34590170123049474,0.165899734696829,0.06168768710218951,0.6442593735177411
mentions,1,0.34589676586936735,0.0,0.34589676586936735,0.34589676586936735
align,78,0.34586559165603137,0.13726813930456291,0.05995822940107421,0.6480524710520801
lie,1,0.3452255286542594,0.0,0.3452255286542594,0.3452255286542594
ib,12,0.3449412524078801,0.14242746425409303,0.14018487077045835,0.6282556755916975
but,721,0.3447746697856746,0.20572894749406928,0.003016218878074321,0.992013497187227
discord,1,0.3447374807568951,0.0,0.3447374807568951,0.3447374807568951
so,226,0.34440633673943116,0.2264995672854079,0.013327554994169226,0.9873269951708725
ly,52,0.34413957138533685,0.19095530848570905,0.07452978048519926,0.9465361063299067
three,314,0.3441321699194864,0.14500387995446734,0.023811773013802332,0.736479489259893
sight,1,0.34359744983679585,0.0,0.34359744983679585,0.34359744983679585
working,231,0.34306599097544416,0.17668560080131623,0.05244301668450682,0.8465171764469257
suspicious,434,0.3428588023636398,0.18549282709545659,0.013837226019147055,0.9803205367253577
any,625,0.34278059998632043,0.20326178281689491,0.030124747525670306,0.9985053207158726
gather,618,0.3427094441082199,0.15123346319287193,0.04767451907898773,0.9579840933917368
C,21,0.34256520891339093,0.10371368300644045,0.16147307163800856,0.6202741993678103
reluctance,1,0.3423433096852205,0.0,0.3423433096852205,0.3423433096852205
my,3458,0.3420798517449569,0.18675279064952416,0.007736414240319627,0.9950393456858525
thoughts,6,0.34085475284400074,0.19380454472662775,0.1095144854161551,0.5528399665700345
locations,412,0.3403294557947745,0.1336625443199156,0.014169070004054882,0.8071995115107765
Did,4,0.34027958229378946,0.12091713666402529,0.14766656328478858,0.4763805819561465
St,42,0.34025808200014623,0.13556341596415122,0.11304899404571271,0.5776074671251515
new,32,0.3401680493436491,0.17407167841505797,0.06774189603015908,0.6773578290344459
timing,3,0.33978769940212034,0.11575281603120809,0.17910772858289112,0.4472299330926579
sense,133,0.3395567267462569,0.11571747658114677,0.057926637482698703,0.639878235182699
Multiple,10,0.3394050433305612,0.1413965620305719,0.14447728787971642,0.5335972261546114
v,1,0.33854075748529056,0.0,0.33854075748529056,0.33854075748529056
arrived,23,0.33842312834040744,0.12592692028864638,0.07829934938568078,0.5530430690073467
t,1,0.3382955352726724,0.0,0.3382955352726724,0.3382955352726724
track,2,0.3374792381805629,0.006633641194542017,0.3308455969860209,0.34411287937510493
centered,1,0.33712369078662613,0.0,0.33712369078662613,0.33712369078662613
jump,3,0.3367099174648789,0.10202120869330925,0.2169423024138148,0.466266383355086
reaction,1,0.33651563853687655,0.0,0.33651563853687655,0.33651563853687655
MOVE,942,0.33607428225249625,0.06962463499783633,0.16726102234547452,0.6358085358003281
rid,1,0.3358745634993214,0.0,0.3358745634993214,0.3358745634993214
suspected,38,0.33583320889532975,0.20004856012767067,0.0217023239968211,0.8347361505014673
behavior,440,0.33569608375751975,0.1729253181547259,0.0017189230239639973,0.8096747418700739
Furthermore,2,0.3355674051941016,0.19908639005364168,0.13648101514045993,0.5346537952477433
explanation,12,0.3355470875868655,0.32767518212646135,0.057056438600558514,0.97045728833185
taken,247,0.3353570034765727,0.1401739077891817,0.04770785605051504,0.8209953928729375
af,21,0.3352985358355962,0.1388718193440885,0.14753282810977772,0.5692907951507202
experiences,1,0.33395128453083234,0.0,0.33395128453083234,0.33395128453083234
moved,1887,0.3334928276780367,0.1352625324909919,0.0202285166469058,0.8047546010718667
based,111,0.33324124553724566,0.13684854953173278,0.01023602400478954,0.7473211549851799
en,1,0.3330073251804421,0.0,0.3330073251804421,0.3330073251804421
saw,19,0.33287104403823503,0.16803375572342766,0.04247196595792835,0.6500050459884761
haven,20,0.3325925900530734,0.13570207353540634,0.14851061830777681,0.616795999342937
degree,2,0.3322703518372143,0.023021930451445544,0.30924842138576875,0.35529228228865983
outside,1,0.3316137037821811,0.0,0.3316137037821811,0.3316137037821811
route,32,0.3315768829311014,0.16575665616725893,0.07848828272139301,0.6854150103736488
more,757,0.33108937494714397,0.1570499155143258,0.04236602673030543,0.9564244167797957
couple,1,0.33066974322357195,0.0,0.33066974322357195,0.33066974322357195
operate,1,0.3302845654897313,0.0,0.3302845654897313,0.3302845654897313
If,36,0.3302322833505664,0.11709541547866197,0.08555353863396974,0.61558280731094
behaving,3,0.33011393327618416,0.07155171074651417,0.2290205933177196,0.38447811922276803
each,96,0.3300120355044141,0.1583158080605759,0.05230129155324447,0.7541174711544842
crowded,82,0.3288340439615534,0.15069923484662992,0.06751034595130796,0.7174992009271145
or,4037,0.3287523458835723,0.27070611318095034,0.0020690857438271214,0.9960508350409402
Now,2,0.3287122273470878,0.05010865081642807,0.27860357653065976,0.3788208781635159
uring,5,0.32864172391659335,0.06682583567627087,0.22296335118981972,0.40342395522036095
piece,6,0.32811088035891683,0.05257740719340221,0.22492709285166979,0.3836520381936444
passive,1,0.32803801984144243,0.0,0.32803801984144243,0.32803801984144243
some,160,0.3280039877973871,0.1580024013084135,0.0436180183842095,0.9947546105528645
option,203,0.3274085891324099,0.19328544129506636,0.018469156538388206,0.9559891060177531
Initially,15,0.3266774687017572,0.08755341303151423,0.20213603609619746,0.5016151031837476
result,9,0.32666615931448245,0.0636040060187974,0.2415294370992372,0.43871535996146344
sequences,5,0.326624999722249,0.18351171064829574,0.13872899185877927,0.5589729149628865
reports,3,0.32597226017521935,0.13420833709298297,0.1935430897593629,0.5099353177092107
",",14776,0.3259500823711465,0.21594889110742488,0.0013527208200305627,0.9990776106072107
ance,3,0.32581221257188103,0.07706101527875321,0.2207153810514799,0.40333245479647273
TASK,538,0.32570834410385585,0.12750451020761047,0.053621611707487395,0.7894020360748792
up,64,0.3255662391662162,0.1963193581396945,0.04289677631304318,0.9527852975547593
response,4,0.3254765485097339,0.14540434869427143,0.10215379203352386,0.5096668623988481
maintains,1,0.325325723111884,0.0,0.325325723111884,0.325325723111884
reference,2,0.3249646313409254,0.1080273628034822,0.2169372685374432,0.4329919941444076
best,164,0.324938509590452,0.16934027906442292,0.052287610798949946,0.8299234400556492
Caf,3094,0.32488784111709706,0.1232833718318525,0.02559913116617,0.7983443058031605
lack,5,0.3238088867048559,0.2610683742087327,0.08328939976877843,0.7308280136854494
worth,9,0.3237034756782178,0.16725693295561678,0.00949795893500864,0.5524222151080581
when,48,0.3236806729843063,0.23747759747707736,0.028772053012032683,0.8456303022429167
ost,1683,0.3225920870752302,0.08212408739451359,0.04200553904141559,0.8283879285316839
""")",2,0.3224241115991632,0.19270460520500732,0.12971950639415586,0.5151287168041705
their,653,0.3223480762105477,0.17932026351677066,0.012044750006011113,0.889466429725417
populated,44,0.3223053448389158,0.09200415165184628,0.1172070050273385,0.4629599413273137
getting,14,0.3219898587498357,0.126732651242657,0.1500842847686366,0.6083422224027828
manner,1,0.3219633882766249,0.0,0.3219633882766249,0.3219633882766249
ation,1,0.32173577057781755,0.0,0.32173577057781755,0.32173577057781755
what,65,0.32152522273155687,0.252510211406559,0.044942052344516405,0.9994054723459972
camera,1,0.3212959693032961,0.0,0.3212959693032961,0.3212959693032961
find,176,0.3211492924118449,0.1635552130717653,0.05645888870753973,0.8181216130410148
contributing,15,0.3202560590502756,0.2159662937015311,0.07136104228823295,0.7044147253646669
someone,77,0.3202394767370477,0.15090233047842463,0.03090094893028583,0.6840510369013103
first,895,0.3199957634569319,0.15864773568423265,0.024110954957816486,0.897154719046411
Gar,303,0.31967155112379375,0.12042521535371335,0.07300383738003624,0.630532189124514
many,11,0.3194890565167865,0.22721930210950103,0.08425297020895132,0.966107019103075
encounter,15,0.31873211726710415,0.11258176202993006,0.09975462877516847,0.5365161571895071
even,9,0.3184710328474486,0.2620305652003068,0.06789048621179851,0.9713826469424884
sets,4,0.3182831862317998,0.30757956581102947,0.05416960648072703,0.8412735612611969
REPORT,1,0.3182439584762555,0.0,0.3182439584762555,0.3182439584762555
long,79,0.31783941665469695,0.17376339361242277,0.03446881793437138,0.9510345537913334
highly,13,0.31749705802612954,0.18973459854578834,0.021119946615628854,0.7177142130824534
ideally,2,0.317294675310186,0.014885109542479125,0.3024095657677069,0.33217978485266514
counter,1,0.31706302476469683,0.0,0.31706302476469683,0.31706302476469683
spreads,1,0.31660444300864715,0.0,0.31660444300864715,0.31660444300864715
killing,326,0.3165433613293814,0.15304696982150118,0.00972708766128982,0.6279090702236656
round,12,0.31613476172835203,0.06416354948640302,0.19779602867190088,0.39184925466220005
are,1658,0.31607708962810327,0.17746031946784022,0.0031939505708415937,0.9338578639069831
there,475,0.31521347749449385,0.2036766895844022,0.007510079354077344,0.9570351284798714
ibr,2,0.3150769734008122,0.06433496205539121,0.25074201134542096,0.3794119354562034
deciding,24,0.3150291579815612,0.12201185923970803,0.14303897656281017,0.5890639328054387
K,45,0.31452204651768173,0.13840282586351565,0.1368060463719511,0.859302230765409
you,81,0.3143589889788008,0.18255788979442522,0.023975944052558786,0.773085331227619
exhibit,3,0.31421860166446897,0.14968810711001604,0.10296339162410245,0.4316029616948544
begin,35,0.31418081287636085,0.12758052260835298,0.08387244610766563,0.5716873615346191
doesn,65,0.31363902058211446,0.12295959583866793,0.1058209866698447,0.7529671351751934
get,87,0.31348021494044515,0.17418166382709288,0.06055925993575798,0.7338708942558352
introduced,1,0.3130563021190305,0.0,0.3130563021190305,0.3130563021190305
escapes,4,0.31245458526616116,0.055060504489399975,0.22142562086391487,0.3690691164272717
than,44,0.311691534561044,0.2335415507165324,0.0846520737836278,0.9045751089431289
Do,2,0.31165686565106054,0.004803760380810734,0.3068531052702498,0.31646062603187125
how,78,0.3116024786755322,0.20608859674212793,0.019156069674075328,0.9888298934049193
seeming,3,0.31123575808546916,0.08619803734659608,0.1893333246199704,0.3721869748182185
various,37,0.31113505642985334,0.10808695384476028,0.12972245402798238,0.5184227356644718
until,1,0.3102254683226971,0.0,0.3102254683226971,0.3102254683226971
stage,115,0.3101621562935364,0.18050175871573781,0.01906121125908453,0.6741386500267199
witnesses,90,0.31008003843189,0.09990043577410868,0.03739308145917957,0.5830739331090298
proceed,55,0.30984695946704793,0.19977077918900596,0.030869102144542318,0.9648909075611326
responded,1,0.3097064350854211,0.0,0.3097064350854211,0.3097064350854211
gathering,153,0.309499223800947,0.16364089914057628,0.009307787522336445,0.7118294668257449
They,3,0.30945512218117166,0.1754059865608432,0.10651473417196634,0.5344659547144744
towards,596,0.309001521770238,0.13804946355520528,0.01823600646053613,0.8198184192641466
's,1086,0.308750526884695,0.2017165009260222,0.004565065740809948,0.875406616000474
asked,15,0.30873309765754736,0.14259211971528296,0.035084844375933184,0.5479472897873849
might,965,0.3086211004569443,0.18419415485676907,0.0025781629556363233,0.924067692364006
important,74,0.3082694169515524,0.1962558319584035,0.03633247158797847,0.7027308102116043
was,126,0.30770018228551665,0.21060366762384772,0.026876694950627167,0.9663896880482992
distance,22,0.3075570435975616,0.2754716176936813,0.059722918041807196,0.8981950648288078
element,2,0.3073674628949551,0.11057026744911488,0.19679719544584018,0.41793773034406995
act,66,0.30729739649958326,0.24982791338295526,0.0337896043714532,0.9326306472581154
".""",42,0.30724790604429564,0.23665601550860146,0.046473235835213594,0.8735304284418977
order,9,0.30718124729427365,0.18241000577666283,0.051240623534076796,0.5506186914353043
busy,2,0.3071352640342565,0.20728319127898007,0.09985207275527647,0.5144184553132366
Can,32,0.3064907948427723,0.12064812162333248,0.1377926475607162,0.6867163274355995
Given,1283,0.30580887732259937,0.08443296986402772,0.002345193065089863,0.6501292659088882
location,1031,0.3055445087157247,0.18446986272746077,0.012884938166577977,0.9619538112629347
optim,1,0.30531638381841647,0.0,0.30531638381841647,0.30531638381841647
test,1,0.30503612863386165,0.0,0.30503612863386165,0.30503612863386165
room,1293,0.30465444869501346,0.1594611205834497,0.025258909884597912,0.8061804488767176
behaviors,114,0.30462541798542087,0.1253290663391831,0.05006329371842813,0.6483770815801209
considered,12,0.30455029694006935,0.1571159949374329,0.12724604377383048,0.7523864822207291
were,119,0.30431495316663837,0.12420442479864155,0.04971256629973322,0.6899168710912527
need,469,0.3032849049297484,0.18466538385542366,0.006584588844482749,0.8845886443770563
balances,2,0.3029991537003077,0.06791660722226457,0.23508254647804314,0.3709157609225723
patterns,2,0.3028401645868518,0.1184783855705103,0.1843617790163415,0.4213185501573621
lengths,5,0.30264650730764486,0.0849049904238373,0.21814599310391525,0.4429907210040828
know,19,0.3022585727387643,0.1729947334594718,0.08506461509405383,0.6994700965655145
vents,70,0.30164397320527286,0.09030585928817639,0.05269710173820016,0.47482593707027215
particular,1,0.3009821939766209,0.0,0.3009821939766209,0.3009821939766209
Assigned,2,0.3007955624975146,0.08455749619601535,0.21623806630149928,0.38535305869353
opport,8,0.30039632627685764,0.09935205444093814,0.0857725742110784,0.3972719323976267
explaining,2,0.3002867228866453,0.1828513245291594,0.11743539835748593,0.4831380474158047
back,34,0.30001596780084605,0.1413199120676899,0.053765706713273846,0.675428756293019
tasks,3956,0.29943495738301684,0.15734728872473128,0.01020652314593795,0.9537716064621612
hot,1,0.299399421643606,0.0,0.299399421643606,0.299399421643606
put,144,0.29893901097676,0.13396984660862576,0.05623809259462653,0.7895657434151511
preparing,1,0.29856943818794757,0.0,0.29856943818794757,0.29856943818794757
occupied,3,0.2985657271083418,0.06424885915508746,0.2277336069559496,0.3832664898835824
center,1,0.2983939219274322,0.0,0.2983939219274322,0.2983939219274322
essentially,1,0.29788767707828234,0.0,0.29788767707828234,0.29788767707828234
1,1577,0.2976757270496636,0.17596548252802233,0.01903299582807501,0.803729022060094
conven,2,0.2976535508975263,0.08657654806227788,0.21107700283524844,0.3842300989598042
gain,64,0.2973332788962665,0.16164852037652905,0.05180772796747054,0.7191005116623295
flexible,1,0.29720025573837766,0.0,0.29720025573837766,0.29720025573837766
at,858,0.2971715090033478,0.16775823280114996,0.0076216802717499355,0.9275774475740166
cal,3,0.29675451943714554,0.08526158561373406,0.21236792136258695,0.4135365811743405
theirs,1,0.29659075443336047,0.0,0.29659075443336047,0.29659075443336047
our,435,0.29658780208401603,0.19156747032706173,0.01928268988986843,0.9621353974703016
button,97,0.2964194583773416,0.1266958801133335,0.05779310726476608,0.4884887353785552
suspicions,35,0.2960501756604458,0.24810798930319777,0.009100712942867137,0.8894307128072272
Also,9,0.2957920419150447,0.16263031871645542,0.10926586442306735,0.6693667549982699
either,135,0.2954363492561239,0.1598942909816569,0.04253269276491336,0.737161601352855
better,75,0.29537541593560507,0.15033528907354857,0.08076804502427183,0.6500397389882508
catch,38,0.2951865452169796,0.08302178025946565,0.17235163756366167,0.5586742082879029
asty,3,0.2947479723195819,0.0584576041160375,0.25041410364156264,0.3773451828826098
done,34,0.29443997410948863,0.20474120176498659,0.018505377702060382,0.8728491139980363
another,513,0.29441264292786373,0.2179777823472001,0.009881493699238025,0.937821171888811
possibly,33,0.29425230205526004,0.23906117591456133,0.028066297095912355,0.9323681013341563
congreg,3,0.2941983342645728,0.09990506174250967,0.15442551422849987,0.38195094497091114
space,2,0.2941348893353138,0.18367580284713123,0.11045908648818255,0.477810692182445
sure,5,0.2937917183349744,0.10006173437821755,0.16871187434700127,0.388903623702028
directions,1,0.2937432651355617,0.0,0.2937432651355617,0.2937432651355617
legitimacy,1,0.29357275140860034,0.0,0.29357275140860034,0.29357275140860034
alive,1,0.2933659185706653,0.0,0.2933659185706653,0.2933659185706653
discovering,1,0.2932229176883104,0.0,0.2932229176883104,0.2932229176883104
with,2353,0.2928216587308056,0.1573269957609164,0.01669458868652767,0.9296050402953174
effective,10,0.29264140560035373,0.09793760509799963,0.10396202589679021,0.4347575544629799
congest,1,0.2926050290802638,0.0,0.2926050290802638,0.2926050290802638
making,134,0.29257764654884966,0.239040888494031,0.0163190019555725,0.9604575278266682
clearly,1,0.2922835891368932,0.0,0.2922835891368932,0.2922835891368932
Have,2,0.29221131616978957,0.1402461224756058,0.15196519369418376,0.4324574386453954
Therefore,52,0.2916952247593346,0.08259014241553204,0.1299429502166743,0.5817352648129543
meeting,615,0.2906787469970864,0.11808082314189328,0.010393793042959489,0.7356993885236202
overlapping,1,0.29048445746251844,0.0,0.29048445746251844,0.29048445746251844
hear,15,0.2903793416391977,0.08072979803679893,0.1809404168815113,0.45915769718655025
clarify,24,0.29030534700203875,0.16671506131721603,0.021901943268377095,0.6914773237180969
that,1950,0.29008293841954874,0.20350513536362452,0.0010935920089777305,0.9997919396449182
ized,2,0.2900435938414817,0.2464150312583555,0.043628562583126196,0.5364586250998372
ETING,16,0.2900170263020142,0.07230592604642191,0.10385086025126614,0.44693143235766164
resources,1,0.29000046760975456,0.0,0.29000046760975456,0.29000046760975456
This,494,0.2896785875483932,0.13049698817145103,0.011133540908350885,0.7619209838519787
concerned,7,0.28959649203655946,0.13278125584318579,0.10893134986695084,0.4762471329113355
Re,8,0.28944795898153647,0.08768621360071979,0.19475915656078968,0.48611746946858686
task,4318,0.2890898452698142,0.1766559409776314,0.007772269800467292,0.9617794408236051
right,22,0.28870484057086354,0.24198143040820852,0.027362078349756378,0.7071168650278263
VENT,61,0.2881103423842659,0.0753264562931951,0.11429480708263805,0.44418941096590403
By,35,0.28810811311301787,0.15589637193847924,0.0582170348860198,0.6409853568439573
before,141,0.2878435025871553,0.1968032702706325,0.020639757569604265,0.8363693450701679
dispersed,3,0.2877341770790198,0.14709857594234155,0.11477063023059023,0.47431437787652336
where,460,0.28741699328813736,0.211655566453776,0.022087935619818012,0.8659664097760977
on,1243,0.2872176492765726,0.21056004384419838,0.0073900629839488766,0.9812791279300445
agreed,1,0.2869733813126206,0.0,0.2869733813126206,0.2869733813126206
becomes,3,0.28691313232742116,0.16443502325177606,0.054368749059427235,0.4039901007003186
unnecessary,25,0.28681081302851913,0.162192095171262,0.03926294151743318,0.6044651729733611
serve,9,0.286804822031134,0.10024231627288095,0.1635316843480625,0.49629681778811296
prevent,7,0.28631455665680255,0.16504815768599007,0.0832449612051303,0.5244440990003872
rooms,228,0.2863014137400746,0.10264961478936245,0.04205038397153408,0.6078691008169084
Perhaps,9,0.28604168886239506,0.1873900591947083,0.0540351145162054,0.6925825986073204
'm,435,0.28589579952231065,0.22019886072682515,0.016368621062351766,0.9602216335564341
pathway,1,0.2856106218529935,0.0,0.2856106218529935,0.2856106218529935
hunt,1,0.285324039967436,0.0,0.285324039967436,0.285324039967436
information,1135,0.2852985431524682,0.15829917709194818,0.0015416986615875525,0.9929627343506692
overt,1,0.2851787615805593,0.0,0.2851787615805593,0.2851787615805593
keeps,22,0.28517180160366756,0.11004468676762086,0.08302354201062895,0.5074028842813159
Ch,170,0.2850711524635448,0.0984856661949263,0.10273912509344411,0.5862507521804544
movement,174,0.284490965540549,0.21218994254533258,0.04130293648683239,0.9716515500331461
risky,179,0.28448811446718886,0.1713972215706599,0.00868782564271123,0.9412343591076456
shared,52,0.28425496455456745,0.19446159564894908,0.04040335349155629,0.8808925451483864
other,2353,0.28411083066403453,0.14348011992201654,0.02217336178216984,0.8778112754990919
worked,2,0.2837127727940626,0.0234853170151699,0.26022745577889267,0.30719808980923247
suspect,46,0.2834451264236552,0.17423497539831945,0.0037151416895207278,0.7934945758644392
slightly,1,0.2832545472852873,0.0,0.2832545472852873,0.2832545472852873
perfectly,1,0.2830948115447738,0.0,0.2830948115447738,0.2830948115447738
valid,2,0.28297009512123444,0.2287606949175017,0.05420940020373273,0.5117307900387361
assessment,1,0.28271652116091034,0.0,0.28271652116091034,0.28271652116091034
empty,5,0.2825724394715746,0.0978519446864432,0.12237775008915418,0.4140173228432383
areas,100,0.28237006605606135,0.17871375578551374,0.03850129034490324,0.8997510563240965
accidental,6,0.2823372945035921,0.07346425012264393,0.2211237882067915,0.4408410606929404
appears,11,0.28199033628182074,0.18402817865727666,0.03933978633224425,0.6055941224323269
lead,145,0.2819835947166435,0.1204603352654306,0.05986633812174303,0.9223721409020278
positions,48,0.28193886473860214,0.13884697418145522,0.07891242320543682,0.8687318482627092
O,372,0.2817432959143541,0.13189832617017128,0.023433691834573053,0.7724932986902358
whether,46,0.28164942966094747,0.11371192342169338,0.11086132941533303,0.5130359140246528
What,6,0.28161956794972753,0.20156723674087942,0.11395121963790082,0.7080687169322011
plan,65,0.28143853344591246,0.1859487525479548,0.028095451932276725,0.7494027106582138
followed,12,0.2814329087169952,0.1327353473120271,0.06549992958872314,0.5488749016282836
as,1173,0.2811538820558821,0.1996313877639804,0.0010613549913757892,0.9637331497290815
overlaps,3,0.28113817436176164,0.0676808914573263,0.20017781554013545,0.3658350907314767
enters,4,0.2810680916077255,0.05245993706658516,0.2019746647207029,0.33504728973588505
of,2625,0.2810562689536796,0.1738597224679914,0.0018959172509632953,0.8974729860944092
no,465,0.2810158772793756,0.16944836612965455,0.03453363232051205,0.8300217231444393
they,222,0.2808971813757471,0.18235240393201918,0.001348352095980368,0.799680416771717
off,35,0.28067136191043396,0.15932535663226757,0.06549029259365877,0.7798672246712881
choice,45,0.2806094074931223,0.15381962754422707,0.03902195960703694,0.6242223682397702
).,124,0.28046554429574594,0.15816458956954135,0.02842732731327828,0.6329564221745744
after,47,0.28022606777030584,0.16734973128205413,0.03396961502220074,0.6482308728912027
inconsistencies,9,0.2800737659615372,0.0725966804934403,0.11782258244788175,0.38809080103973265
convince,1,0.27986152703308886,0.0,0.27986152703308886,0.27986152703308886
although,3,0.27956452201586907,0.1681280888529695,0.08609094646252372,0.49599493144374335
disrupt,3,0.27954036052454934,0.08412353484146466,0.17615908998605295,0.3822151928328737
again,4,0.2793879485714871,0.07997296187598077,0.1468408397295937,0.3527887810685426
waiting,13,0.27899675712652117,0.12328015117588749,0.10365925275307215,0.515684988030447
itate,2,0.27893732558992557,0.08019842618525821,0.19873889940466732,0.35913575177518375
icing,6,0.2789261892802081,0.026235974705651727,0.2527438146738539,0.3305918843517354
personally,1,0.27888183218462026,0.0,0.27888183218462026,0.27888183218462026
reached,19,0.2786798254620135,0.073415685644995,0.12891181502648022,0.42021761171993466
imestep,67,0.2786095085378948,0.057792084968145085,0.12507460824877373,0.4115156509573126
ers,1,0.27821206915668456,0.0,0.27821206915668456,0.27821206915668456
claim,9,0.27793138736876033,0.3718770742402052,0.007663920346894878,0.9425054698931474
proceeding,4,0.27723539518446993,0.13387158930022372,0.13344230096319845,0.4299162667793139
game,1086,0.27713857574594164,0.15854537247613631,0.02007876441707164,0.5244687491234131
noticed,30,0.2763891402908219,0.14010282320894255,0.06903827046483685,0.6854289550792523
departure,1,0.27585804092147287,0.0,0.27585804092147287,0.27585804092147287
unwanted,1,0.27505038553512556,0.0,0.27505038553512556,0.27505038553512556
through,252,0.27496508573596323,0.15617387948033726,0.02403484336057172,0.8567812119349958
contribute,86,0.27436263948865275,0.2936053208734209,0.03900754712900329,0.9834631330568016
worry,1,0.27418661789696464,0.0,0.27418661789696464,0.27418661789696464
well,39,0.2741545939599351,0.15580419392489245,0.08086163373115983,0.7895901330657796
thoroughly,1,0.2740117747898246,0.0,0.2740117747898246,0.2740117747898246
interests,1,0.27396623968262496,0.0,0.27396623968262496,0.27396623968262496
investigating,4,0.27383503711067614,0.04556345660275101,0.19779980504072248,0.31797266135789404
ess,14,0.27378152688174495,0.13093951370430545,0.14408664246346023,0.7009615240172132
),454,0.2730823043734161,0.1725968735148502,0.022688984910587014,0.815923163506844
upon,3,0.2730619859741434,0.07211816236500908,0.18386493600073195,0.3604910925747996
deal,1,0.27295717744410947,0.0,0.27295717744410947,0.27295717744410947
include,71,0.2727987750010852,0.13889160302715575,0.031801899206694656,0.8439401804686879
time,288,0.27244034236457193,0.13999575365167474,0.05513956363539345,0.7432802191530741
spending,1,0.27224228790907984,0.0,0.27224228790907984,0.27224228790907984
details,17,0.27213640060199795,0.22853255776832898,0.04463351167906687,0.9927601686641557
body,60,0.27185463883181293,0.16215540547002139,0.020337933530316196,0.7194923606766086
ert,462,0.2717900731688531,0.11737790472793896,0.04309197260125822,0.6521593627288795
position,80,0.2716920418818072,0.13163700980203782,0.08789563128204796,0.629103752307435
certain,2,0.27138213376958376,0.22746256683460153,0.04391956693498221,0.4988447006041853
helped,1,0.2713375501015604,0.0,0.2713375501015604,0.2713375501015604
and,7925,0.27116202205696727,0.20785855419503624,0.002971578354827319,0.9954323030110757
here,252,0.27114803152945943,0.1600598742062637,0.037029863741509544,0.7999962098700449
includes,5,0.27040758490328975,0.23091438515958898,0.018275459300710714,0.6385469009582191
clues,10,0.27040077278598024,0.08703675001742571,0.17435222435511444,0.4529247621924837
directly,180,0.270369381161392,0.2504283892925744,0.006064928232447431,0.9971157086524817
routes,16,0.27029814181272244,0.21114075944382202,0.0261593020052473,0.9067295685368412
?,71,0.27017718168108906,0.2097413176954444,0.010211767999055404,0.9516835035359288
did,12,0.27004302338609326,0.1369878119814955,0.09005607007802008,0.539976281342684
though,5,0.26980129525164054,0.32641719965343446,0.012276473982603342,0.9086753552406647
learn,3,0.26970905032209225,0.09847996693667921,0.19562999860606675,0.40888415472360257
encounters,4,0.26949959448456745,0.1980825963843884,0.09460763641658124,0.6053980729100552
like,524,0.26910743922809094,0.20931571897676846,0.004082489627986306,0.9759228765539921
us,221,0.26893746806712476,0.17582741135572894,0.008149447956763953,0.8830992894304052
Players,908,0.268779845101696,0.12920733639201903,0.010788083447489535,0.6761057266651063
Ins,96,0.26862298693856296,0.1164344617698167,0.05298201019194011,0.6933106819604925
mix,1,0.2685416585203164,0.0,0.2685416585203164,0.2685416585203164
manage,4,0.2682677324549404,0.1160286227260376,0.15694232731481483,0.4274579886641335
necessary,58,0.26757708312954903,0.13869038340546727,0.004756742832316032,0.5697698424672578
strategically,6,0.26746701913079324,0.21776632049840414,0.04505713709727808,0.6802454612197837
gets,5,0.26701110637626585,0.2590326940343284,0.08870578354081923,0.7795269040900819
accusations,18,0.26691801315586133,0.25716644984697945,0.0015334553483544943,0.6815135554242547
ting,252,0.26688052920657074,0.23355954987580754,0.02561203287339426,0.8565863253129984
common,228,0.26682663402370094,0.09806889636619497,0.01715669020040197,0.7360747389811468
encountering,61,0.2664400727592102,0.10258288202222586,0.06283809059540496,0.5060731155486156
witness,26,0.2663346303883093,0.14418153955386412,0.004283890417573943,0.6552673691075414
unusual,43,0.2654589726911464,0.17232035704178267,0.03521602091244257,0.7201348691094216
difficult,13,0.26510509797090476,0.1124046508271162,0.04451613105761889,0.5012028684514237
Previously,13,0.26499217910108336,0.05577998543209131,0.12405372750160329,0.32833580822147673
for,1254,0.2649357558121186,0.21976901183479833,0.008654355038513757,0.9623415651390609
vicinity,6,0.26492820261649297,0.11417262638344405,0.06851028220387173,0.37752136648789036
Div,462,0.2643887044367596,0.12841023801822532,0.04656244056374922,0.587492921493005
words,1,0.26368708893267706,0.0,0.26368708893267706,0.26368708893267706
player,287,0.2635599910638184,0.13584321352314424,0.02345866992604892,0.9066052515274329
in,7373,0.2633975424578912,0.19192217114817053,0.007457062158269077,0.9980833235991503
Additionally,663,0.263343798222033,0.08981931844853297,0.0711064627037486,0.6577431379566259
security,14,0.26304642867366884,0.11345579154501065,0.1149978137084538,0.45523772100685184
is,3622,0.2622355746043431,0.18359931628323817,0.000909915431098743,0.9390385740305727
units,1,0.26219408441676423,0.0,0.26219408441676423,0.26219408441676423
initial,400,0.261563600604723,0.12901018351734633,0.028660679690646413,0.7293121275179986
happening,2,0.2615454677151972,0.22610963630632314,0.035435831408874054,0.48765510402152035
helpful,6,0.26129167460714176,0.15747614887054504,0.07579115313753824,0.5431059478275825
one,601,0.2608582181102825,0.1773620856806945,0.011417453596080174,0.8156777784923371
tries,6,0.2606973965972936,0.10991825798044805,0.1270616376973488,0.42216588615103195
closest,82,0.2606173479446941,0.12378389450829592,0.06147664183816722,0.8533471582272788
',579,0.2600063195044411,0.13398812304323163,0.027805173518076053,0.7686992342950859
ating,26,0.25995266333270634,0.14767408735539983,0.0644665509964595,0.5191293603035593
isn,2,0.25992289176249084,0.06311187924048654,0.1968110125220043,0.3230347710029774
unlikely,2,0.25971670434952576,0.10591413907549124,0.15380256527403452,0.365630843425017
scenario,2,0.25899860907660005,0.12708781725521734,0.1319107918213827,0.3860864263318174
idle,1,0.2584535845550102,0.0,0.2584535845550102,0.2584535845550102
seeking,2,0.25845052879672026,0.047902687066036925,0.2105478417306833,0.30635321586275716
advised,2,0.2583297284431783,0.1562251855051589,0.10210454293801942,0.4145549139483372
reported,134,0.2581104306788802,0.13442635358127633,0.04063762006283158,0.709127581923271
reass,13,0.2580328478664068,0.1657754288127765,0.08744432773013568,0.7318595463662054
needing,3,0.2578968922801002,0.0419771961045185,0.2074134182157959,0.3101884282762898
backtrack,2,0.25764339062181973,0.09166064058344695,0.16598275003837276,0.34930403120526665
currently,830,0.25699272749528823,0.12983435654464826,0.010217216716006103,0.585217883088628
also,1370,0.2566941767292334,0.1776953098115339,0.009600568091918645,0.9837547211860737
from,1546,0.25663218785518266,0.1118864239348876,0.00907274164165358,0.9696592837341335
started,618,0.25661047280029614,0.08019502777738846,0.029728728012227493,0.5895478615314995
decision,41,0.25642747361126256,0.1479221481982388,0.013749360624522568,0.488591675928682
strategy,139,0.2563990474984944,0.15443892591615646,0.0350720896198107,0.7255929760868447
initiate,3,0.25639446132363247,0.21048673441776342,0.09072518105570006,0.5534072171239992
meet,3,0.25620734987170285,0.05928238651269107,0.1923658961592885,0.33518977683398765
Scan,71,0.2559639408771354,0.11147216798619189,0.04590157846085269,0.4783351932411345
assess,15,0.25546621516500145,0.15299408833858108,0.027129200424261493,0.5531168208582949
commit,5,0.2553000781788779,0.22541331813292165,0.08700229832984648,0.6719403654989714
alone,257,0.2552827335087589,0.13717869232332489,0.0540811003600826,0.6556928487858102
provide,539,0.2552770519088688,0.15759939330732495,0.022390711295432287,0.9950556477204273
phase,424,0.25483095967953534,0.11160358466633595,0.023443609645879653,0.6509771668800123
concrete,35,0.25454736763524966,0.13423641684966262,0.06925313875618129,0.5738555654334884
due,30,0.2545033011922285,0.1300884275480287,0.0529017017367454,0.4765753022336827
Cal,62,0.2544704497905801,0.11611021431659732,0.04689143695481547,0.5049757263700153
reasonable,31,0.25443821465236705,0.07391486656696816,0.12443564785715083,0.41562425760654514
opportunity,518,0.25368404313623744,0.1668528846086832,0.0045598030592832834,0.8520451074229616
signs,6,0.25331383382263545,0.17350790886125858,0.056800426703962556,0.5094853844770285
freely,4,0.2527182327692995,0.21803025049680377,0.08010412122668403,0.6182114387574856
engaged,15,0.25255328103119523,0.11083155363915363,0.12566308827109085,0.5862706352561012
tool,1,0.25249291102215743,0.0,0.25249291102215743,0.25249291102215743
Another,6,0.25236392470219204,0.1272074255955803,0.15099711154719006,0.5154176524631878
detailed,1,0.2523187864759869,0.0,0.2523187864759869,0.2523187864759869
later,59,0.2521818492142843,0.18353272123715175,0.052661422261462414,0.8432706417148967
CALL,16,0.2521443486282978,0.09469978946091738,0.13105822869007233,0.468029293474131
ones,7,0.25155350679625194,0.03790951229451699,0.1949518714860634,0.28866420759808553
putting,5,0.2514341642899319,0.07670537599550384,0.17505349340177426,0.3963208384692423
lowering,1,0.25134415759503836,0.0,0.25134415759503836,0.25134415759503836
Among,8,0.25106975520772246,0.07049458303473013,0.16122852251928224,0.38338417505703454
activities,169,0.2510348983379215,0.10415236500501672,0.01840794392670571,0.7587059228510702
imesteps,1,0.2509827407078386,0.0,0.2509827407078386,0.2509827407078386
moment,53,0.25064927458114483,0.16747305196758286,0.025293653176283754,0.8943653378524581
if,466,0.25017337108541426,0.17617286349007882,0.010848477722893962,0.8566123922924247
weigh,26,0.25005166978930493,0.12000431786839522,0.08188204344699186,0.5883558391815826
accidents,1,0.2499732952665372,0.0,0.2499732952665372,0.2499732952665372
cameras,18,0.24954685637817928,0.12242925491295951,0.046798451731739125,0.5136077200717557
forth,1,0.24949088957078022,0.0,0.24949088957078022,0.24949088957078022
're,19,0.24885671977077636,0.22202819562868464,0.01650809116925496,0.8943194029448134
scouting,2,0.2487770848212001,0.04237480549335952,0.20640227932784058,0.2911518903145596
solid,1,0.24854633233661177,0.0,0.24854633233661177,0.24854633233661177
Prime,34,0.24799672280634807,0.08925737347486705,0.06119400467278137,0.4209700454026896
freedom,1,0.24792678177529417,0.0,0.24792678177529417,0.24792678177529417
vote,13,0.2476736368109434,0.05617063292385822,0.09950575672827829,0.33240225522986155
decisions,9,0.24742118105230462,0.13352824580784642,0.051268012651333995,0.42783114547576356
")""",1,0.2473793723348564,0.0,0.2473793723348564,0.2473793723348564
suggesting,11,0.24683921535779552,0.322362452432465,0.05322272494921643,0.930244135345962
thereof,2,0.24679214268448163,0.01499563854417707,0.23179650414030456,0.2617877812286587
found,15,0.2464871284009204,0.1750899217731397,0.04581637730429587,0.7011238199590931
fire,1,0.2464255627837515,0.0,0.2464255627837515,0.2464255627837515
presence,46,0.24638842140989842,0.2914984298384378,0.010517271842158084,0.8970108823779162
safety,55,0.24625344506052801,0.15750585673522785,0.008400153798953851,0.6319955540905767
initi,1,0.2457020652905437,0.0,0.2457020652905437,0.2457020652905437
whole,1,0.24557667380571407,0.0,0.24557667380571407,0.24557667380571407
emergency,100,0.24528719747516184,0.09169694548057739,0.024436595621517163,0.43039671242215327
flexibility,16,0.24502513999847328,0.09917654683227617,0.06423421313246626,0.41186618642420547
starts,1,0.24472994131135115,0.0,0.24472994131135115,0.24472994131135115
giving,13,0.24444847347472265,0.16414824828392033,0.1050496541542259,0.6883042762423998
initially,176,0.2442412360960705,0.1272530667150958,0.016951512767959632,0.9283745410545077
adjacent,1,0.24412940154435528,0.0,0.24412940154435528,0.24412940154435528
exposure,4,0.24386760283219702,0.0713359882172197,0.14236303730514727,0.3136758314037697
Swipe,418,0.2438548468358579,0.1561099936813529,0.013524479702371256,0.7211117777169722
've,239,0.24372470746703565,0.204766917687555,0.007772689160181158,0.7964199749754303
prepare,3,0.24361660576414731,0.03977519223517257,0.18740972398852607,0.27364064729066473
ground,5,0.24348977173371197,0.04231590745478576,0.16925696926914638,0.2971656111882888
single,14,0.2434818266344605,0.06109420913400285,0.10368474980941739,0.35286334868430475
group,38,0.24332287787423065,0.14851869658967115,0.06129005500925158,0.7093011875083225
meaning,3,0.24328648305726108,0.022442099351689792,0.21638514175079157,0.27132173844580115
interactions,12,0.24323567473809646,0.23115638466521357,0.03350202588521436,0.8052097701995534
arrival,1,0.2431492755722374,0.0,0.2431492755722374,0.2431492755722374
identified,15,0.24310803903531672,0.18840911622975834,0.000594599216185615,0.5731357337435462
agree,7,0.24300124924259545,0.11333000794883637,0.1085298238657893,0.4685803748147744
lime,332,0.24252670924166,0.09858045593768124,0.009274602273665522,0.8586257300826502
committing,1,0.2423876588000388,0.0,0.2423876588000388,0.2423876588000388
Since,1405,0.24228055672819115,0.09505571005504182,0.037370788859432756,0.7266210165421154
identify,181,0.24218278393305107,0.11447512372391151,0.01885568125828701,0.6237450054037182
brown,341,0.24198292899538212,0.09998937843030807,0.008708702807140596,0.5188857848019919
essential,67,0.24162843447163665,0.09847431701772354,0.027106259459414805,0.41284320068105
involves,26,0.2415103008527719,0.1433177288631803,0.008998151025624138,0.6537137475873551
hiding,4,0.24136525978020384,0.15204781860755143,0.08066499473372508,0.48764861835971884
stages,86,0.2412887778589978,0.1567908570695149,0.02218591186465703,0.45059770092086643
players,3412,0.2409919053245602,0.12281946451695072,0.021131510269147842,0.957353589240809
course,52,0.24098082665362386,0.1113720378424194,0.10001025230501054,0.5799629463018012
bring,41,0.24096584496688894,0.08427181731278961,0.09925674564212922,0.47954553794583704
met,3,0.24087839705955827,0.08383341193123155,0.12235986816744641,0.3027985196349718
nearby,22,0.24071666015731222,0.14426316595422634,0.06978778431556053,0.5613124142384955
into,189,0.2406839463256204,0.12735378365068828,0.03582767337881478,0.705288275070058
won,2,0.24056326300483788,0.02010759513813594,0.22045566786670193,0.2606708581429738
leads,13,0.24040713688223875,0.14283262035543184,0.07214285520425806,0.5363454210017596
possible,78,0.24035402465553327,0.17897786904959742,0.019481293746397968,0.8548139415971253
investigate,10,0.24020595253344507,0.10447558137785536,0.0967570968935031,0.43678864249683197
beginning,48,0.24012800641879753,0.11201110832073803,0.020738407417162118,0.6097372496682982
chance,45,0.23951811207123555,0.16153353259909692,0.026081730181290907,0.7253401376757378
expose,23,0.23907680126544886,0.07210445906932471,0.13161363239963272,0.39945380549026
topic,1,0.23891073069485197,0.0,0.23891073069485197,0.23891073069485197
discussed,5,0.2385897558997149,0.09492843889462822,0.17085840709708608,0.4235531736366823
thanks,1,0.23852833992315964,0.0,0.23852833992315964,0.23852833992315964
own,30,0.23815060139610608,0.17532089849949004,0.044310162536920335,0.6996756214494688
efficient,452,0.2379935229397621,0.09780039960642146,0.02138585470769808,0.4693712557122179
which,960,0.23778448984174094,0.16190885752002387,0.002559990775261156,0.9102770659122835
steps,35,0.2376699213067465,0.13062359066998036,0.01347418711155441,0.5387847271950859
provoke,1,0.23757815442445898,0.0,0.23757815442445898,0.23757815442445898
else,47,0.23755056141633454,0.11057568336370227,0.06806693363447809,0.6207594071095032
Man,30,0.23727030441654284,0.14573830379119768,0.06984922438351004,0.5652622806587899
mates,646,0.23679933032600578,0.08085089041903812,0.014507458526164028,0.6178577677300364
scattered,15,0.23665268492301722,0.03877379177261859,0.18746165391325414,0.31207885613109104
easy,6,0.23654537203342993,0.2669659145223918,0.04916276594134486,0.8166720481535037
Player,3603,0.23640842627485664,0.13548582519166058,0.006675735371050514,0.8091260191986948
planning,28,0.2363961595680471,0.14781482692353812,0.055975275230349356,0.6450393516471281
over,5,0.23603767935852976,0.28694170848059253,0.05904099026358297,0.8060764625354139
opportunities,108,0.2351302530328965,0.11454110562391685,0.022270067287347664,0.5273430766150796
promptly,2,0.2347297779817201,0.19368794347089957,0.04104183451082053,0.42841772145261964
cyan,352,0.23446556488886341,0.10314970024769962,0.0031230757421349988,0.7036864410996398
eject,30,0.23422036419368325,0.053963512553994564,0.12073530360437357,0.32763689532996354
intention,3,0.2341361001093011,0.08434914463738033,0.1722424348557859,0.35339515132839683
ED,2,0.23396338032515904,0.13758669609752758,0.09637668422763147,0.3715500764226866
points,2,0.23354770168849903,0.024240147318309965,0.20930755437018908,0.257787849006809
Meanwhile,3,0.23351725200473494,0.08214193255881838,0.12382733478724513,0.3214837620922584
positioning,15,0.23303338188649114,0.12505333488261758,0.06073201562726837,0.4775061971865147
Task,1,0.23301572832600254,0.0,0.23301572832600254,0.23301572832600254
farther,3,0.23254096413369238,0.03967704035168783,0.18377781466434392,0.2809645383063643
influence,4,0.2324749943223846,0.20854961007621584,0.07886030012974479,0.5916253287410321
Imp,1683,0.23233576662116232,0.12871350174068588,0.017202205329973446,0.7873504819394036
save,5,0.23188670955749976,0.08718022186088072,0.15976038915916566,0.3867347015821446
plans,75,0.2316407036357676,0.1381960139517931,0.028190790490398007,0.8053836295057145
require,238,0.23157997359247623,0.12391402202881868,0.03397243488265309,0.860163767450379
Crew,1204,0.23115860641533276,0.1007452333487522,0.0203385130061193,0.7212080874908579
crimes,1,0.23086121700454887,0.0,0.23086121700454887,0.23086121700454887
used,19,0.23048575174895125,0.16835266084768774,0.04712908517162076,0.7301221426679203
stalk,1,0.23019355731165084,0.0,0.23019355731165084,0.23019355731165084
Med,889,0.23016587414474146,0.11522613598611108,0.03040987766778934,0.6933632176312807
attack,2,0.22967268075383568,0.04962848352106701,0.18004419723276868,0.2793011642749027
trans,2,0.22933772840553604,0.08515517203687986,0.14418255636865618,0.3144929004424159
fix,76,0.22932719697257953,0.08712596946777323,0.02762478414849421,0.41238944530828175
classified,2,0.22907356159557415,0.05038878380870612,0.17868477778686803,0.2794623454042803
isolate,248,0.22897766491262359,0.10618881220410716,0.026160655700742913,0.5919371400371549
discussing,35,0.22878985836298885,0.15400001563985685,0.009447220239178126,0.8633855205566965
suspects,4,0.2281025508264948,0.30377257748346337,0.02564401108283145,0.7534520934590114
its,191,0.22777112723600973,0.1509133188465982,0.01792269176411448,0.546070086062625
conclusions,9,0.22762066010925436,0.12473911330304518,0.04739234942621981,0.4562530684653747
available,132,0.2269728827458777,0.11727386371064359,0.03540196998261042,0.6616053239333778
least,78,0.2267751015483248,0.12537537206687824,0.04977554613717796,0.5958286549970951
passed,5,0.22627878376432226,0.0782603411586204,0.12366494941349834,0.3058649889950473
limited,1,0.2260646808542843,0.0,0.2260646808542843,0.2260646808542843
miss,24,0.225992204227205,0.06539591115279585,0.10119127352802379,0.31502009407709536
immediately,298,0.22595742200589278,0.1256279867051725,0.013423343869670286,0.8939848243372671
about,729,0.2254225918470724,0.1810503274986265,0.002928830100610714,0.998048365107475
kill,524,0.22531311873015392,0.12948915668201294,0.012604072577181491,0.6351387341158093
whereas,1,0.22506479236677504,0.0,0.22506479236677504,0.22506479236677504
evidence,103,0.22502089007844445,0.11080300828095027,0.02419586062391474,0.7773507882290064
return,7,0.22480820489931594,0.06606538562722404,0.13310159371695884,0.2914558594911926
:,3831,0.22478721008630895,0.13872605349244843,0.011825242033018974,0.8826785828828433
prudent,22,0.22462321915987477,0.08766835096074815,0.07430469958786212,0.46332643179288985
thin,1,0.22405912951906531,0.0,0.22405912951906531,0.22405912951906531
Maybe,2,0.22382273749132245,0.052274118760694294,0.17154861873062816,0.27609685625201674
arise,1,0.2233599824274247,0.0,0.2233599824274247,0.2233599824274247
underway,1,0.2231169070944875,0.0,0.2231169070944875,0.2231169070944875
transit,1,0.2230583180342244,0.0,0.2230583180342244,0.2230583180342244
themselves,8,0.22301507771095821,0.15423172387207587,0.03290314787392702,0.5353634471366198
having,71,0.22300542645984775,0.12133707627328583,0.028521059514893518,0.5284998786411887
lower,2,0.22286332805623607,0.16188238026845794,0.06098094778777811,0.384745708324694
stays,1,0.22221695897045687,0.0,0.22221695897045687,0.22221695897045687
yellow,329,0.22173246863252524,0.09659309036452138,0.005023854973641883,0.5198827903301143
identifying,90,0.22160150180926116,0.11818334351112182,0.03993900274251571,0.7075464329549291
allow,380,0.221307100990971,0.11687889732298379,0.042714809939845715,0.7922534953219857
longer,33,0.2211013323302646,0.13075853700539156,0.03966379303767911,0.6090180586990677
layout,9,0.22064774366150902,0.07900291042985175,0.08259096169438739,0.33159529420843176
ejected,67,0.22058644281856518,0.05271147092745272,0.055568517664757434,0.34797772349368883
this,821,0.22038069206935054,0.17783393235570882,0.0005768636030321658,0.8747706745807321
confirm,17,0.21975900012969007,0.13375126807111648,0.04400105527615928,0.491917976526751
necess,2,0.21959631100818855,0.07999565909890381,0.13960065190928475,0.2995919701070924
blue,371,0.2194538145892293,0.10207451043803376,0.006172003290598063,0.7509583804354273
crime,6,0.21942034797355184,0.19077848196188232,0.010356287898204026,0.6246408873864928
-path,1,0.2193932239803625,0.0,0.2193932239803625,0.2193932239803625
those,48,0.2192917270314115,0.15333590186664156,0.019784167898384265,0.6033039358052307
jection,70,0.21928220322929254,0.043331211525414054,0.12397477156606207,0.3971050548188015
black,285,0.21857120848519807,0.1158431348485432,0.0032220663356856086,0.9051673934357743
distributed,5,0.21826769979188007,0.08950836090476776,0.11571220382467108,0.3845209271536022
surveillance,5,0.2182552810997692,0.05242976841479976,0.16893980051806948,0.31915560254508585
""").",1,0.21804262008462896,0.0,0.21804262008462896,0.21804262008462896
map,24,0.2174855138087365,0.08535221490433109,0.10324170725392814,0.4089460499822234
3,1068,0.2171315155788371,0.1313402878836201,0.0199232582409986,0.781130416924926
same,149,0.21682779964682103,0.1450530268502071,0.03427219095811947,0.9367510845878215
five,46,0.2165815540466292,0.048577313885894424,0.14366285139814983,0.3600345269024966
dangerous,5,0.21622709420089858,0.043371206776049866,0.1568503859752751,0.283742638461971
besides,9,0.21621783879484274,0.1475133918683218,0.060610047196106145,0.4853135818395414
indicated,1,0.21607755253897395,0.0,0.21607755253897395,0.21607755253897395
Sh,9,0.2155952248339649,0.1064492630582346,0.0929501842742329,0.4279198320955283
discuss,107,0.21549477458374447,0.18097348058212298,0.02018762744816205,0.8616577474145984
follows,13,0.21545007469883082,0.1493387344819597,0.07300442113718722,0.5056898694039179
shortest,72,0.2146875450119469,0.07447930508149979,0.053086749968424954,0.36621804227139815
eteria,3115,0.21455654112518702,0.1059018875154819,0.020566102366984754,0.7384066209741592
experience,1,0.2140532154793239,0.0,0.2140532154793239,0.2140532154793239
then,257,0.2140361233514169,0.11463868715466687,0.04689673658975095,0.9361767818911128
uen,1,0.2139387585817162,0.0,0.2139387585817162,0.2139387585817162
during,32,0.21375628180242204,0.15710310159671925,0.02378129012671521,0.875621280988509
narrowing,1,0.21361392297968843,0.0,0.21361392297968843,0.21361392297968843
opens,1,0.21357042829179035,0.0,0.21357042829179035,0.21357042829179035
larger,1,0.21325995174774398,0.0,0.21325995174774398,0.21325995174774398
four,28,0.21266802243174326,0.09449781151322499,0.021494799906462046,0.36298093831643075
them,331,0.21252574191573245,0.14955227547194597,0.007027647590513589,0.9393752288596526
izes,26,0.21239623694470505,0.17275187455354915,0.06616429928538754,0.8298832661493736
"),",332,0.21226757659532577,0.14125136239568553,0.017392625813424784,0.7824775466880209
reach,10,0.21226586004925027,0.11527652901315999,0.06251449125278159,0.4187122686683534
utilize,13,0.21216280838684065,0.13425415973990273,0.06510118774624221,0.5452134596216811
conflicts,1,0.21205046667237992,0.0,0.21205046667237992,0.21205046667237992
takes,6,0.2116268269596224,0.0696618008813415,0.08471930856828806,0.32399617374796935
voted,2,0.2116026368842958,0.015955572648322966,0.19564706423597283,0.22755820953261877
easiest,4,0.21102775304517918,0.06242404164736189,0.10779675521859394,0.2625253246056888
future,80,0.21099112651152527,0.0941772445513629,0.048677405892383264,0.6214077467384711
across,22,0.21088386589171362,0.08438561125135834,0.03696217168952142,0.3918660633912445
seems,634,0.21087817160651764,0.15687403108997,0.009788633012115175,0.9982758652404993
headed,4,0.2105574415456632,0.09833480307135056,0.09151964636590672,0.31373461190318463
eventually,13,0.2104734041269763,0.14563423531781836,0.03715769664950776,0.47286377869573054
falls,1,0.21042958333163975,0.0,0.21042958333163975,0.21042958333163975
preferably,1,0.21029941963089296,0.0,0.21029941963089296,0.21029941963089296
balanced,1,0.21028196557181425,0.0,0.21028196557181425,0.21028196557181425
arrive,1,0.2102495757566718,0.0,0.2102495757566718,0.2102495757566718
assigned,1048,0.21017333994662604,0.10609157675137665,0.011255771780915136,0.5681914268568635
help,320,0.20997907769127452,0.1873851159602515,0.011016712304888541,0.8265306360614827
guarantee,1,0.2095282391177764,0.0,0.2095282391177764,0.2095282391177764
become,2,0.20951753974014303,0.00334641439134363,0.2061711253487994,0.21286395413148665
feeling,1,0.20892395348689058,0.0,0.20892395348689058,0.20892395348689058
0,207,0.20884596217229573,0.04655982534810823,0.07850409899897264,0.4261706881725089
build,16,0.20867244014757064,0.15292389337280943,0.09780367692314902,0.766935340471886
orange,337,0.20848763213367524,0.08794538323780937,0.004000090336964347,0.48287836023574077
clear,35,0.20823247372012468,0.1408433907770106,0.023769363094212032,0.6106982030789339
limit,4,0.2082016374180089,0.11841287621507261,0.04127128782679514,0.36258701134992327
likely,131,0.20817815293282346,0.1800046371048442,0.04550137017668478,0.8849717183406643
completely,2,0.20812586032815894,0.05457364515009584,0.15355221517806308,0.26269950547825477
gathers,1,0.2078436646778853,0.0,0.2078436646778853,0.2078436646778853
gathered,18,0.20759154644552302,0.11701330231388074,0.027095561374860005,0.4010245655256982
raises,13,0.20742090086708326,0.226402080799848,0.005807908948407247,0.8103334661624827
verification,1,0.2072673627745397,0.0,0.2072673627745397,0.2072673627745397
"""),",1,0.2068276742748236,0.0,0.2068276742748236,0.2068276742748236
serves,1,0.20641344527955666,0.0,0.20641344527955666,0.20641344527955666
who,236,0.20641289891209802,0.15793325013835938,0.014143605966119379,0.8251444295626766
short,116,0.2062969583550453,0.08302606269556516,0.04357836404640276,0.4702942010879889
Elect,37,0.2058465655132051,0.14990245978443784,0.03875307776522018,0.5988217268630547
wasting,5,0.20555376165956388,0.029926697785410107,0.1637746572065441,0.2573056560833927
story,6,0.2054099776826054,0.32099030910293386,0.025716865849135948,0.9116467343581077
spent,9,0.20529879405599039,0.10983141792864828,0.0719779897467144,0.44684651316437407
distract,3,0.20526282642894636,0.027694122799719126,0.1661211681915949,0.22601458708317573
gone,14,0.2052541463550562,0.05309491489708904,0.12994362803987553,0.33730858333751046
complete,1361,0.20501184243169623,0.13126235644565631,0.015267504289001081,0.8394146329743442
timestep,179,0.20490626866566444,0.04262562054975799,0.11225928263553815,0.39680423854087143
iterate,4,0.204847677141834,0.09807083410987573,0.07125382523305286,0.3456212860173666
Between,5,0.20458345699896135,0.09496403576109728,0.12857782680280103,0.3717367400476355
stop,1,0.20448823876096883,0.0,0.20448823876096883,0.20448823876096883
logical,235,0.20430781002298024,0.10286839355215921,0.028616477281790748,0.4705936671879245
present,113,0.20405100724314745,0.1006784569032837,0.00802405710686801,0.433618316056682
seemingly,276,0.20387782926799694,0.11388989177247423,0.0238512547766595,0.8723535737297515
convenience,1,0.20387402597713708,0.0,0.20387402597713708,0.20387402597713708
navigating,5,0.20349814927754412,0.10466852766630073,0.06909495663318131,0.3494537012792463
red,381,0.2034430693455044,0.10479140183429209,0.0016750716329682717,0.7375934871449964
green,303,0.20340849625999785,0.08801831584886267,0.004845042871315152,0.5313562467614226
trust,50,0.2033890619357247,0.10683710534944033,0.03370593636645779,0.5031355916010151
purpose,3,0.20319875662716136,0.07701085901781933,0.09766136189075113,0.2792569869271797
began,3,0.20274912423012972,2.7755575615628914e-17,0.20274912423012975,0.20274912423012975
increase,33,0.2025288476848938,0.1276432620019927,0.040064546481817405,0.579652974784651
shorter,118,0.2023822409135693,0.07939119732440307,0.04816555403459044,0.49316344798913864
somewhat,9,0.2022482761802445,0.05476081993863091,0.11949168640963861,0.31046640245850066
submit,3,0.20220453326762577,0.0725457893315812,0.14193677099431082,0.30424241253747913
iate,1,0.20171025691644923,0.0,0.20171025691644923,0.20171025691644923
gives,15,0.2015242560901968,0.06039782571203187,0.08753003039754985,0.27803572364017887
reasoning,2,0.20116765259945768,0.1374510082345653,0.06371664436489238,0.338618660834023
because,102,0.20080912323343425,0.14385436136484886,0.022143337217492915,0.632579168916577
ed,491,0.20005088087382156,0.09898147360277536,0.021099330114802334,0.6571988077793962
accounted,5,0.19952967925294846,0.04468125342255793,0.14145647602555483,0.2789830404045039
finding,24,0.19941208720351242,0.14138944944558987,0.010328851210672544,0.686062306490637
det,3,0.19921028352779233,0.025055371683300635,0.1651011215600324,0.2245763792758627
wasted,1,0.19909788254131258,0.0,0.19909788254131258,0.19909788254131258
overlap,4,0.1988774903913379,0.15905197450654893,0.07511420860057803,0.4709926432010612
Before,3,0.198631336620251,0.09196742189061784,0.11912367211611012,0.32752499441418054
please,15,0.19786133901637798,0.0597529466011346,0.07424370784870653,0.28115306348875585
And,7,0.19750887973190365,0.11573589131743132,0.08088193598892479,0.43742196617602597
near,4,0.1974910160173773,0.0871776281760821,0.0725695707151294,0.31541687762474613
confrontation,5,0.19627115271082768,0.07094339552609366,0.09003319203306878,0.2989976331073698
accused,28,0.19602485957901505,0.167947082345956,0.02383990856164403,0.638975929025964
white,306,0.19512578067509692,0.08448039485594075,0.005839064222108908,0.42910599178968134
meetings,100,0.19490359756793796,0.07997189082559854,0.06684651793574256,0.5761153206257287
visit,14,0.19477538371398362,0.11872695845495458,0.06735951379441288,0.5070485377631476
Does,10,0.19449996168395106,0.056348521324208395,0.10362253727423099,0.2821776093244848
discussions,3,0.19441572411284244,0.07987857421008264,0.09272437949533974,0.2878645975826186
COMPLETE,538,0.19431307255252758,0.0641576870949371,0.08126732179674101,0.6368327489213116
completed,887,0.19406795006349298,0.11973927647073812,0.014912678747551372,0.5952829429857045
Has,15,0.19397141286328892,0.09862046806522244,0.0618289623518333,0.3905452540433476
2,1465,0.19385017895321804,0.1436903994039083,0.006596608702779328,0.7913109896204575
correctly,5,0.19365235474034348,0.22656564102249427,0.04451654757845204,0.6448683843351694
bodies,16,0.19360925488464525,0.08140587308370055,0.07443320532893592,0.44565673400341077
observable,1,0.19289859052615552,0.0,0.19289859052615552,0.19289859052615552
wiring,82,0.192288915237013,0.0585529789858538,0.046434195705325546,0.2951957339550203
mobility,1,0.19169640539425276,0.0,0.19169640539425276,0.19169640539425276
indications,4,0.19168040916755893,0.18071236078108513,0.016777120778773486,0.48102677482786727
strategic,144,0.1915401497923759,0.09457189118089557,0.023616837553194634,0.6593766932640329
DEAD,1,0.19139464627088917,0.0,0.19139464627088917,0.19139464627088917
monitoring,6,0.19136019964737602,0.12411689904850522,0.06775087481923085,0.39877131523061454
download,4,0.1913527463223859,0.039905983005436914,0.13288634637178412,0.24524209438564482
mate,571,0.19123139963457556,0.11066111775482657,0.02044916308528121,0.7161745809616118
distances,1,0.19112965305865592,0.0,0.19112965305865592,0.19112965305865592
attempting,10,0.19094545599292986,0.17561528851300268,0.049695403101425256,0.6418584723422252
guard,30,0.1903679728386824,0.1189823065771616,0.07637747367483556,0.6648900286566836
beneficial,273,0.19031178712251864,0.09615110303833072,0.017111672369233694,0.5811383093934742
unintended,1,0.1902234947287456,0.0,0.1902234947287456,0.1902234947287456
your,25,0.19014715369145843,0.12055358945622399,0.027433921096865644,0.546555832036806
suggest,3,0.1898796598127348,0.09453256882102398,0.06961654212259533,0.3005799515313718
groups,1,0.18930404330679984,0.0,0.18930404330679984,0.18930404330679984
Should,3,0.18920426747368704,0.05645570353995406,0.1115055916640614,0.2439613558907436
roles,8,0.18888107775851898,0.07093222631031393,0.06646490593867907,0.3010203476815981
distractions,2,0.18836105918973883,0.01932977779637586,0.169031281393363,0.2076908369861147
once,5,0.1879833127124327,0.08590003710617981,0.06912515845213116,0.2873789005266267
approach,84,0.18761313800543972,0.15453594882924512,0.024930764935231477,0.7174416771270326
alignment,1,0.18754404749132492,0.0,0.18754404749132492,0.18754404749132492
Moreover,4,0.1872162345760447,0.06290673366567677,0.07865827062176796,0.22853615794259913
since,415,0.18699433697685122,0.1476048022603945,0.009661326492100799,0.7684050740695076
Upper,849,0.18606954393625652,0.09363096656981607,0.013433664524405677,0.5140536293689207
undertaking,2,0.1859717605696558,0.061437947491962006,0.12453381307769382,0.24740970806161783
ute,170,0.1857718275104034,0.06180186340579473,0.045159673022401085,0.3849029071119512
"""",1342,0.1854428805690974,0.17971180029707676,0.012552463967550397,0.9719583970837254
why,4,0.185412689893467,0.1255051984555166,0.05693783280026163,0.3412023392901088
effectively,16,0.18539156502498352,0.13918661737676483,0.02266561954250036,0.4727629397448189
attended,1,0.18527545718648497,0.0,0.18527545718648497,0.18527545718648497
adjustments,1,0.18507442569982596,0.0,0.18507442569982596,0.18507442569982596
minutes,1,0.1846878580501633,0.0,0.1846878580501633,0.1846878580501633
minimize,43,0.18463634774493407,0.12352326727443383,0.05935036257807248,0.7120047682257792
via,22,0.18430124556404384,0.13742266709797302,0.05665615840317664,0.7176230360765824
tracking,15,0.1842123230807832,0.07676152199277096,0.10942099027394638,0.3825930548073697
productive,17,0.1841823987144802,0.10977356312876192,0.07392984453870874,0.462892795061796
minimizing,8,0.18417187543470212,0.0992904766777302,0.08457495561604594,0.40871008075770354
provides,28,0.1836523550473597,0.10501678166017175,0.03933179344640013,0.36674820547769693
context,7,0.18362927304321755,0.1097019720171732,0.05670090252750577,0.35741057574442
limiting,3,0.18345094870603576,0.046697730684267705,0.14773938096330783,0.24941629528179365
49,1,0.183088413916882,0.0,0.183088413916882,0.183088413916882
easier,25,0.18298433776032075,0.07476253106442682,0.04515378759559377,0.37056601706306025
crucial,323,0.18233813941078528,0.14696707593058253,0.0037441598548256716,0.5645813460526592
indicates,9,0.18231584342515367,0.10115162442128393,0.03013978000556995,0.3848256352321602
accessed,4,0.18231097042583028,0.07920322136712897,0.09492896590438107,0.29493339233095883
accompanied,1,0.18178764663509406,0.0,0.18178764663509406,0.18178764663509406
fewer,14,0.18174451972219322,0.11501734206178885,0.04602903519256363,0.49634891038602313
arises,1,0.18158778716533927,0.0,0.18158778716533927,0.18158778716533927
convenient,21,0.1815679790095271,0.14413216082929417,0.0318518467001807,0.5509259674318627
Considering,183,0.1814319898623788,0.08471332778628814,0.033477306690181216,0.40640240302899283
completing,1019,0.18135457095839497,0.14289224506256434,0.00837849295720396,0.8829280638801954
respective,18,0.1812979675258621,0.07488383060340413,0.04286358235813601,0.32161125241863714
intentions,164,0.18113629072430618,0.1986690533076637,0.029434567218912872,0.9974344873072066
interaction,3,0.18097264804338528,0.029821286470042063,0.14363468740470972,0.21662312451591895
equally,3,0.18066072229746996,0.05771713775969158,0.10081334454803595,0.2352540801071431
current,413,0.1804293408515033,0.14675991806135102,0.01318191181052944,0.7282187779634766
completes,1,0.1799832692929233,0.0,0.1799832692929233,0.1799832692929233
4,942,0.179945294621513,0.13352532426889455,0.005298029042667888,0.7379429661958699
pired,2,0.1789344664940292,0.017786455219704234,0.16114801127432496,0.19672092171373343
leaving,28,0.17883632431415464,0.12325493007469357,0.03555825277018768,0.6284318996914096
case,10,0.17878375693109047,0.134732000720845,0.027757283408211895,0.3929689775766957
centrally,2,0.17847850196136428,0.047257107738157694,0.13122139422320658,0.22573560969952197
planned,20,0.17844890756353685,0.11116013270238644,0.037275115240502234,0.5116815877554027
implic,2,0.17836069231887589,0.1729287438596008,0.00543194845927509,0.3512894361784767
assignment,4,0.17811100253863438,0.09307113966816433,0.027455264040131988,0.2749652843146151
")"".",1,0.1779466314518745,0.0,0.1779466314518745,0.1779466314518745
play,4,0.17735355171748518,0.059046788209392444,0.09323017255662112,0.23517338330803797
ier,3,0.1770690926864332,0.11187291132895659,0.047589834382020975,0.3205466649507714
eliminate,390,0.1768866643776859,0.08212229029439094,0.007549866888003524,0.5193313247978181
close,49,0.17585207984215864,0.1298235622776353,0.042818759642696776,0.6407499441715878
perspective,4,0.17532854870804648,0.08643603348927237,0.02712350842288328,0.2446467170218768
providing,11,0.1752051828932548,0.25496399483793875,0.04133576706887561,0.9680999359811909
force,2,0.1748496790940818,0.0680059976780768,0.10684368141600502,0.2428556767721586
Course,46,0.17473509047679475,0.08127388113064488,0.039495141986593346,0.5452230853942184
increased,2,0.17469200246144356,0.050506543684451344,0.12418545877699222,0.2251985461458949
early,211,0.17455876484095298,0.14204228238388542,0.01088130215997535,0.7739368636783306
main,6,0.17447265443689164,0.09171415250808901,0.06101792567955471,0.3236794128656259
priority,346,0.17434829926916356,0.10070220765341739,0.008116381012325662,0.5723898619022372
called,131,0.1741856953151518,0.1315072510320158,0.014788107302469721,0.6206914091148498
prioritize,361,0.17411371404575743,0.09805430060258198,0.006661789568000633,0.7029640761336564
Cameras,5,0.17387758713441293,0.10291950784452691,0.10484837861103148,0.37390388362870625
survival,4,0.17381420109155382,0.14703435574243026,0.06777533781065428,0.4274627116234413
Card,420,0.1725395509019327,0.10152676478010987,0.021103227187505565,0.5246032824512014
allows,344,0.17232666596797896,0.12669452686423494,0.0297823796197486,0.7317589454146943
separated,1,0.1721185351044534,0.0,0.1721185351044534,0.1721185351044534
environment,4,0.1717326684685905,0.04232563990289525,0.10665849848420685,0.22520303219468726
relocation,1,0.17167843750897643,0.0,0.17167843750897643,0.17167843750897643
falsely,1,0.17164230108042203,0.0,0.17164230108042203,0.17164230108042203
required,6,0.1715608159556161,0.12965834229536027,0.016263087684886213,0.376349127360959
enter,3,0.1714058527209116,0.08094313343751858,0.0900326494088734,0.2818168232380339
strategies,27,0.17127701103147178,0.08623311753047908,0.039741413559102795,0.3671676740962888
purple,250,0.17113584997122427,0.08369719109853528,0.009621632790772081,0.6699794544237082
remaining,177,0.17106034962721747,0.1141785003592173,0.03464914724935539,0.7547954455671664
ability,15,0.17082852372915555,0.11158768010084913,0.019949944647390725,0.45154715859114786
Weapons,1108,0.17070260683626604,0.08648591437030818,0.02583597045373688,0.583999611123285
stumble,1,0.1706537304040827,0.0,0.1706537304040827,0.1706537304040827
Aster,109,0.17034885437557143,0.15054228493322733,0.03447552223523831,0.6066823198595547
priorit,9,0.1702667782794397,0.10245812622645878,0.06624499085809521,0.4027823405053293
Distrib,62,0.17001939705145613,0.0808466355920328,0.051442312879557785,0.4791507722137442
uncover,4,0.1699773368515704,0.11014171379139516,0.03573018231840866,0.34066402015271524
bay,889,0.1699640456812254,0.08038569950818404,0.02386573867423519,0.7944273338589537
lurking,10,0.1699534651376771,0.11335120442828192,0.08661786359651265,0.4250346813643152
misunderstanding,3,0.16991061017612874,0.04543591656227765,0.10817810649482223,0.21621892349540242
direct,58,0.16965983881575164,0.19416213001073526,0.017870586902732293,0.9231729429740102
thought,4,0.1695885020564167,0.0909197306386225,0.054624213209779754,0.26363917865467734
React,236,0.16955773501079535,0.10906002393909518,0.03160377549329381,0.5414352683527845
risk,274,0.16894140978456262,0.13385221738420094,0.003117179169825258,0.7016289191239211
noticeable,2,0.16893441979754656,0.03461427331562972,0.13432014648191684,0.20354869311317628
Both,4,0.16891988951085463,0.09022194301789181,0.0907167402475817,0.32089552537422045
-like,1,0.16889014552394063,0.0,0.16889014552394063,0.16889014552394063
interrupt,2,0.16879738092303087,0.01831271002821877,0.1504846708948121,0.18711009095124964
closer,162,0.16852832037249635,0.1221222597614228,0.015484864817580409,0.6532772204845063
solo,32,0.16836667714913006,0.05106306238685154,0.0356933709418977,0.28265253714630495
distribution,8,0.1681026723301964,0.0695450490938389,0.06749926460365274,0.29549462322039094
activity,236,0.1678847829568253,0.1087955347144567,0.023507446975321335,0.7595412698832043
pink,290,0.16772245595299173,0.07934151865056586,0.0036419182376003184,0.5883167163604299
fact,48,0.1676491430133801,0.0891393467403762,0.013691534271097823,0.35954131946308626
quired,1,0.16764485637229715,0.0,0.16764485637229715,0.16764485637229715
readily,24,0.167355258190364,0.12884143233127016,0.018466381143568394,0.4423658698015827
impost,65,0.16701226215054962,0.03340040325581887,0.07434111790492441,0.24077772943266193
connecting,2,0.16654425460227873,0.03655621711550493,0.12998803748677382,0.20310047171778367
consideration,4,0.16638132409480622,0.10184232608708138,0.04047455333469915,0.28804345555675853
remained,1,0.16595061952241,0.0,0.16595061952241,0.16595061952241
ions,2,0.16587701655984188,0.008480091826419803,0.1573969247334221,0.1743571083862617
substantial,5,0.16582039141990956,0.04884927652653167,0.11253544278242679,0.2403804020747604
Navigation,758,0.16543703506941607,0.09368050763615819,0.020866116394114325,0.8152705083871301
finished,7,0.16512541560335522,0.14475602830532522,0.044029212712144196,0.4465099501618297
solitary,8,0.16495213413645848,0.09360197729600134,0.03942790356247894,0.30681560462213664
risks,62,0.164585185524019,0.1409975430262899,0.021615197447798287,0.7653553554250856
personal,4,0.16450853166376103,0.1726530879320989,0.04486188631372097,0.4627401347929233
useful,46,0.1644169636321068,0.0947956177118704,0.027493152852363555,0.414940675184817
ings,8,0.1643755863260251,0.10258201477567877,0.05505433597637733,0.39238097341530365
conclusive,2,0.16415834598673518,0.06651495862842184,0.09764338735831334,0.230673304615157
begun,64,0.16411681136402817,0.0668932620490617,0.07347523265855767,0.31871040995561833
-,585,0.16411044875041814,0.048888933009679246,0.04024666334843464,0.4018333741095919
surprise,5,0.16409910257911062,0.09747873488647109,0.10216465595629629,0.35742151523735327
dealing,1,0.1640889301945486,0.0,0.1640889301945486,0.1640889301945486
witnessed,16,0.16378230641409208,0.16289033325267985,0.012485627159567964,0.5295822029743766
requested,2,0.16328289278128494,0.0897295875714859,0.07355330520979904,0.25301248035277085
value,3,0.16295851180549148,0.06179287836254884,0.08001262082358924,0.2282542216491983
ahead,1,0.16294159941802436,0.0,0.16294159941802436,0.16294159941802436
already,1117,0.16233960993365204,0.09897501005014692,0.010246953345077872,0.6287389782705877
further,28,0.16233295822022856,0.115857526593889,0.023007478437278503,0.44015188779323244
exhibiting,2,0.1623112634927544,0.06329527447762287,0.09901598901513153,0.22560653797037727
scrutin,1,0.16227061686138752,0.0,0.16227061686138752,0.16227061686138752
Fix,1802,0.16221448418843695,0.10387902391304671,0.015901469135813015,0.5289902728193496
configuration,6,0.16213328490403148,0.047894299833324855,0.06657331186195997,0.2126490052496045
discrepancies,2,0.16185549375686484,0.0941141748288454,0.06774131892801942,0.25596966858571024
tactic,3,0.16169453458719266,0.1058081012131463,0.06090308512717558,0.3078704462574486
potentially,1007,0.16157931064379805,0.11277072422610587,0.016325544836935765,0.8422646840653867
needed,23,0.16059849650836186,0.0739427753840358,0.03829399799882963,0.29427928091580813
none,1,0.16022380369018654,0.0,0.16022380369018654,0.16022380369018654
hopes,1,0.16020058898303216,0.0,0.16020058898303216,0.16020058898303216
temporarily,2,0.16007845783088354,0.024342736615923982,0.13573572121495955,0.18442119444680752
thereby,2,0.1599784623702149,0.061477840464403806,0.09850062190581109,0.2214563028346187
une,8,0.15983006607747924,0.061086478122425576,0.049769441010729214,0.23717421018955656
kills,47,0.15939075301696273,0.06117457188253647,0.03855426390202132,0.31233137099955527
duration,7,0.15892991801452042,0.04674516672041001,0.10286625516277545,0.2431403445036064
solely,2,0.15888903961025305,0.05013093215075268,0.10875810745950037,0.20901997176100573
leading,9,0.15881503000444325,0.1007279243484364,0.05224870941924679,0.3752125501532785
understanding,17,0.15844064541729927,0.048192995767267446,0.10339135686367285,0.2962163720494101
quicker,26,0.15840574252043843,0.07678849430339271,0.035266688060105585,0.2945003103960924
bage,303,0.15827771140245558,0.06280084964607492,0.028415325537444674,0.4920916341130053
explain,11,0.15822574749714768,0.06741292618338579,0.05447164423264378,0.2764525805883597
between,23,0.15797073590642532,0.10308060667859086,0.05699253237853757,0.5639329035071415
brings,10,0.1573331336724401,0.08048856707602747,0.06248342157215605,0.33690980896865647
harder,12,0.15712926683719045,0.09065928803501797,0.05259162275040042,0.40492380967848335
danger,23,0.15712593206130124,0.0899246277705038,0.039950103080682545,0.40130730315407626
targets,19,0.15685940902649176,0.07780998997087483,0.028161468803769203,0.3393614348875235
entered,2,0.15683623632377552,0.015126758035387738,0.14170947828838779,0.17196299435916326
vulnerable,34,0.15653757115707298,0.03327894692791744,0.07563601167548031,0.24471426081992423
total,1,0.15648425529653084,0.0,0.15648425529653084,0.15648425529653084
innocence,3,0.15643794587682527,0.08893919401546893,0.0652963172206363,0.2770765495196775
characteristic,2,0.15631096498562902,0.08810130817061138,0.06820965681501763,0.2444122731562404
""".",24,0.1562632476794823,0.1257348252768276,0.022181805619271303,0.5176986410756916
knowing,1,0.1560833421887904,0.0,0.1560833421887904,0.1560833421887904
tackle,1,0.15584464678056473,0.0,0.15584464678056473,0.15584464678056473
private,4,0.15583954004198144,0.0523815852539903,0.10974805647114942,0.2379213253055371
still,82,0.15572512303713287,0.13101860691727976,0.046506333009586474,0.8877371037394257
active,3,0.155665032249284,0.19742805297747382,0.005990569270327643,0.4346221317151184
Sw,2,0.15562595821681874,0.01970070832793709,0.13592524988888166,0.17532666654475584
reducing,41,0.15530245608238427,0.15397576603140234,0.01314118682915965,0.7120435216981825
6,926,0.15508633539571912,0.08549917155818619,0.002378256390284074,0.7357371236547491
quickest,8,0.1549424538430143,0.10205512911556787,0.05341592825713492,0.4015487172660824
ILL,45,0.15491238955725906,0.04341676894192645,0.08841819678081551,0.3274233744018381
credibility,7,0.1548957669992876,0.09537394729523326,0.052016583804638465,0.2970884878357975
several,122,0.15462032828443958,0.1172683451968245,0.0029746303363096943,0.5111700594361369
confront,1,0.15449168136457117,0.0,0.15449168136457117,0.15449168136457117
two,321,0.1544058623104955,0.11748103019829097,0.005283874387753591,0.707641346830415
seemed,6,0.15386071203836924,0.06357549255488165,0.08039887736941687,0.283665153723922
clarification,1,0.15356537403929665,0.0,0.15356537403929665,0.15356537403929665
managing,3,0.15353631106087767,0.03792734689854616,0.10056817774940335,0.18733530111111477
status,3,0.15331886474220455,0.026876599686826402,0.12112013635855362,0.18690990792564713
catching,1,0.15267309290072426,0.0,0.15267309290072426,0.15267309290072426
proximity,32,0.15216739344866465,0.07718483057316297,0.008163716520360534,0.2933745194602194
missing,7,0.15212539980493728,0.05276393850057872,0.09352249529420933,0.22915569191841084
bringing,13,0.15203032426731583,0.04208539860046307,0.05960051933889531,0.2295210129546785
situation,137,0.1516508687668035,0.12243168732952292,0.007758150724404455,0.6343374230731883
mistaken,1,0.1516173556697309,0.0,0.1516173556697309,0.1516173556697309
killed,179,0.15129364053453107,0.09960464582031436,0.012557691414774658,0.5792312668209453
chute,2,0.15120551403062607,0.0,0.15120551403062607,0.15120551403062607
efficiency,29,0.15114022863872115,0.08010585551167515,0.03041066531069168,0.31129566708469997
these,113,0.15109746141674069,0.09620647189031532,0.017099979431864483,0.6130552833278533
target,90,0.1510890976264877,0.09341359353714068,0.025578261834744084,0.44083157928233063
whereabouts,10,0.1510655457185049,0.050964970489352876,0.09137706798564453,0.27135304656352216
together,78,0.1507680842506655,0.1849614254836991,0.013980462980847914,0.8387691312452134
voting,13,0.1506495774625634,0.04529964656834778,0.045511502562235906,0.22070703367850183
ideal,48,0.1506118326263639,0.08454808187972564,0.024212534153742315,0.3656859598976765
system,19,0.15045307523412438,0.07255653531152585,0.01982273964512749,0.2985741471690646
proceeded,12,0.15031954358788255,0.05582618636668312,0.041762814541812486,0.25142290071062773
votes,3,0.15014523409838254,0.06854454441271451,0.05694265481975329,0.21982229598865358
compromise,1,0.14997706651431691,0.0,0.14997706651431691,0.14997706651431691
allowing,68,0.14986218334315962,0.09968420775689721,0.03575284928777044,0.4547386411018731
isolated,52,0.14972834125207013,0.08111052433303022,0.03210840596326812,0.4124273215318686
reasons,3,0.14930608739074233,0.06838013846855549,0.056338096094180765,0.2188439211398703
offer,5,0.14910488053546733,0.04063820936940359,0.0794499286490385,0.19126004910154396
victim,2,0.14820298186099928,0.07177838475645239,0.0764245971045469,0.21998136661745168
unless,25,0.14804223822123735,0.09041021243923054,0.03962028114606025,0.4502898404909852
efforts,44,0.1480027870983423,0.10967958053937063,0.02546834601275986,0.4586732017780967
genuinely,8,0.1479275225022753,0.0990493448050749,0.04385749937802761,0.37182290323970907
remains,3,0.1478470539735376,0.041689323488394825,0.08909671198546334,0.1814997857904366
distributor,3,0.14728410733079897,0.040364786748548535,0.09226542278850056,0.18797230680999133
only,113,0.14690432628191258,0.10897098447578744,0.04456082407423772,0.6224416786848734
located,350,0.1462409646942374,0.08597211536616264,0.020797433006108684,0.5694163061800246
chaos,6,0.14617515435134162,0.0708242056329788,0.03659990383612871,0.24120644011559692
complet,2,0.1460830663653644,0.06930996787248113,0.07677309849288325,0.2153930342378455
gaining,13,0.14568288767158383,0.05874767107073313,0.04255145751819298,0.2573217673793906
foul,4,0.145582323381937,0.035906400951826914,0.09416213525512047,0.18155374652389294
""",",21,0.14551272956178657,0.08033132817733157,0.04303062457632891,0.3988211321804759
Clean,61,0.14550289142935668,0.06897774045940187,0.0518827541592124,0.31471072922477866
possibility,56,0.14522157966415697,0.06736377020746678,0.0050337783504774145,0.2957218673461632
deception,1,0.14504897962227636,0.0,0.14504897962227636,0.14504897962227636
abil,42,0.14479198097789842,0.0538950387542199,0.04693480739984673,0.2575341245160617
5,850,0.14457150422018122,0.08335255148363395,0.008922962652199178,0.4960185564678558
possibilities,1,0.1445439039152989,0.0,0.1445439039152989,0.1445439039152989
accordingly,2,0.14415323776723396,0.13647329172012104,0.007679946047112924,0.280626529487355
traverse,1,0.14342518190781356,0.0,0.14342518190781356,0.14342518190781356
connected,54,0.14310721725245243,0.05915406807687858,0.06664331312000266,0.3790422520772638
maximizing,1,0.14288767113879838,0.0,0.14288767113879838,0.14288767113879838
-efficient,1,0.1426711848785294,0.0,0.1426711848785294,0.1426711848785294
Admin,3174,0.14261286938990528,0.07467137019412591,0.007545007418080932,0.7961288775378143
assume,5,0.14247802967839676,0.07417652370354436,0.06398936642080381,0.24765220431294313
fixing,6,0.14219295631281093,0.08199043923614616,0.01120392747566894,0.25335510485644575
downloading,1,0.14198622071647937,0.0,0.14198622071647937,0.14198622071647937
completion,126,0.1418266163183353,0.11381554990796397,0.012297804280278097,0.6709850777504706
dead,79,0.14136902793661615,0.07881759839071711,0.03397600663100159,0.38834163189937476
considering,181,0.14125909360956795,0.0905188607695299,0.010435115281737963,0.611590781987439
earliest,1,0.14089063777306296,0.0,0.14089063777306296,0.14089063777306296
hide,1,0.1408516809399482,0.0,0.1408516809399482,0.1408516809399482
bottom,1,0.1405174482741261,0.0,0.1405174482741261,0.1405174482741261
provided,30,0.1404566156289947,0.08703663757592994,0.03455107986316896,0.359634398421435
puts,5,0.1403856117716316,0.04793596927057189,0.079943650632854,0.22623442519320403
list,32,0.14030569027932555,0.08867912996415135,0.02186777628663289,0.40215095685413077
quick,25,0.1401976345874794,0.08968733118950893,0.017888722938048083,0.4094895939952099
diverted,3,0.1400463948142416,0.04868180961041527,0.07119991942232747,0.1744696325101987
traveling,4,0.13983430377003755,0.025878439547633112,0.10976497186705247,0.17050490876665583
garbage,1,0.1398062357064901,0.0,0.1398062357064901,0.1398062357064901
primary,138,0.13978239894779565,0.09899070501541728,0.026306070997803348,0.5099871145883402
went,4,0.1397620913562322,0.07114999544420314,0.03371230177615564,0.23364156441526787
50,3,0.13952454804947945,0.021666102672958196,0.10889291485424415,0.15547856006949434
secluded,11,0.13944449882877138,0.08599250842195336,0.027785156662877925,0.3493831774511264
mentioned,14,0.13921073270898218,0.10373558424804875,0.010831719928006864,0.3705123968661794
Yet,1,0.13867196620619032,0.0,0.13867196620619032,0.13867196620619032
cause,28,0.13861453917853805,0.09923917017259754,0.031200224380328812,0.35950050241998116
With,12,0.13764502326089853,0.1276656996744978,0.03283925533215934,0.5180712734307745
occurs,8,0.13762833939024377,0.04002592112952303,0.08421862689734089,0.21393171675233552
Engine,1333,0.13738150818922734,0.07019471125705443,0.017872702860917723,0.5291927673243417
popular,1,0.1369222904949547,0.0,0.1369222904949547,0.1369222904949547
warrant,5,0.1368404819925082,0.05863364853290779,0.07983478746684086,0.24271554913716167
Shields,136,0.13683916427775297,0.07211654985310435,0.018162385680225608,0.4382981338941169
central,38,0.13668281750435268,0.05218997716238749,0.06931642872814923,0.30882539157059874
stating,1,0.13666590671824178,0.0,0.13666590671824178,0.13666590671824178
special,6,0.1363628231279422,0.04572386574413494,0.07956189794919484,0.2064263749845452
advance,1,0.13630505502054208,0.0,0.13630505502054208,0.13630505502054208
spot,4,0.13628592660103633,0.07387632785005586,0.06456649688208224,0.2571120146108875
free,9,0.13628085355507305,0.0407295119913987,0.06687981933363668,0.19072938530136385
These,1,0.13616445682488437,0.0,0.13616445682488437,0.13616445682488437
pairs,2,0.1361098925701113,0.07213179495478267,0.06397809761532862,0.20824168752489397
relatively,95,0.13608013600641614,0.0879953037746888,0.03810906563951666,0.41726086866392365
correct,6,0.13596328653235526,0.08622426498492985,0.055181818478709406,0.3134485521208908
findings,2,0.1357367152046936,0.07395737737959232,0.06177933782510128,0.20969409258428592
Electrical,1056,0.13562709333450917,0.07280303511690231,0.014667348405575122,0.4495675769779252
risking,1,0.13544387411039377,0.0,0.13544387411039377,0.13544387411039377
claimed,2,0.1354079910472092,0.13214320016178527,0.0032647908854239334,0.26755119120899445
Submit,71,0.1354046103617147,0.08019336601811702,0.026450293143256823,0.4661746698828753
advantage,52,0.13538091787120277,0.1552640958701076,0.011414518685361693,0.7752037071967824
insights,40,0.13525423613330034,0.06731580287990817,0.03421996666511872,0.400621620334904
appearance,1,0.13487800099426137,0.0,0.13487800099426137,0.13487800099426137
living,1,0.13486828724515118,0.0,0.13486828724515118,0.13486828724515118
multiple,495,0.13486749543808163,0.08188605137260034,0.005323619531625264,0.4618823412645682
Wiring,1801,0.1344026393861059,0.06907670289917657,0.01223949350664415,0.5047247109588658
(,911,0.13439543444616142,0.10031870991626148,0.008952797306661384,0.8066981563215212
accepting,2,0.13412837376008985,0.0,0.13412837376008985,0.13412837376008985
unclear,1,0.1340737895013315,0.0,0.1340737895013315,0.1340737895013315
timelines,1,0.13389299603491797,0.0,0.13389299603491797,0.13389299603491797
opposite,1,0.13341449439947423,0.0,0.13341449439947423,0.13341449439947423
thus,2,0.1333118881480203,0.05712154941153115,0.07619033873648914,0.19043343755955144
reduce,128,0.13317730569439795,0.07909208230784948,0.005555404448603145,0.4574601436360843
viable,30,0.13308108760944382,0.095349804507694,0.010246181038994783,0.5305155637048912
indeed,2,0.13294528055900023,0.10571673419681302,0.027228546362187217,0.23866201475581325
believe,4,0.13290083953917142,0.1754248039679,0.0016344443340737553,0.4296350860933044
potential,702,0.1326517755797024,0.08942832108375533,0.002483038737499405,0.7632977466056239
join,12,0.13252549401251554,0.07098931952946229,0.04954576872296304,0.333536231416406
-consuming,1,0.132277534560138,0.0,0.132277534560138,0.132277534560138
guilty,1,0.13219814448931652,0.0,0.13219814448931652,0.13219814448931652
Security,679,0.1321697744968757,0.0902735279199871,0.01327986914127121,0.7443208738213987
involved,5,0.13213553356642377,0.06314810534424177,0.039293644435633546,0.23685208470441985
accessible,59,0.13204050673569911,0.0563486581353327,0.018297146638252382,0.26117226507635527
appropriate,2,0.13202973177529834,0.01615981885458761,0.11586991292071074,0.14818955062988595
figure,2,0.13177205566308273,0.007605895233314723,0.12416616042976801,0.13937795089639746
mean,3,0.13105339950759498,0.038212307999159846,0.09820838236268392,0.18464006232169655
Nonetheless,3,0.13091885397598088,0.13608956001649866,0.015778042527781793,0.322046354878562
-risk,8,0.13073283893807652,0.06733686846711047,0.03705219808317153,0.20421118370299512
repercussions,9,0.1307152078893196,0.06812342889610794,0.029753128737785725,0.2904742289484164
crew,39,0.13059516608286698,0.06117383971548292,0.02655317111251964,0.28116880497618574
understand,28,0.13056459611946578,0.10270773967156759,0.013823068110467716,0.36610237994808054
difficulty,2,0.12992522910700366,0.027613611557724176,0.10231161754927949,0.15753884066472784
self,7,0.1297482287851416,0.07464982825409269,0.05069650383493345,0.29552203689434264
data,6,0.12971502836501744,0.07384502724690639,0.06675844898632288,0.2756961788891993
exhibits,1,0.1294791837612639,0.0,0.1294791837612639,0.1294791837612639
ensure,22,0.12938849861872387,0.17094738940946305,0.004067565001272412,0.8160995819722697
branches,1,0.12928868929311468,0.0,0.12928868929311468,0.12928868929311468
six,2,0.1292022099136148,0.05920754193670622,0.06999466797690858,0.18840975185032102
divide,1,0.1290835214223913,0.0,0.1290835214223913,0.1290835214223913
hotspot,2,0.1289915717120354,0.0902255399218603,0.03876603179017509,0.2192171116338957
grouped,1,0.1289603586043746,0.0,0.1289603586043746,0.1289603586043746
requires,121,0.12882970538064367,0.07293345561111642,0.03007934558980244,0.36693033541839265
Align,202,0.1285872712380524,0.056234232196105315,0.017283892887573062,0.4434155808636338
",""",115,0.12848731970287564,0.0586160944488654,0.040933229914743,0.34123327055217
given,36,0.1283581353474011,0.13887135115380692,0.004276875955169272,0.6779643877502899
aspect,2,0.1282933076330255,0.023267457554618107,0.1050258500784074,0.1515607651876436
grouping,1,0.12810362889150123,0.0,0.12810362889150123,0.12810362889150123
7,776,0.12793970373075597,0.06390434438780439,0.004877755130009777,0.6116712768232905
facilitate,1,0.12789648627352784,0.0,0.12789648627352784,0.12789648627352784
anyway,3,0.12789622877178164,0.06240263310873229,0.04413691185924967,0.1938469393677881
feel,1,0.12728494588102396,0.0,0.12728494588102396,0.12728494588102396
control,1,0.12725641220570794,0.0,0.12725641220570794,0.12725641220570794
outdated,1,0.1267224947208046,0.0,0.1267224947208046,0.1267224947208046
s,56,0.1266624778070628,0.14092595481147718,0.022491126839522056,0.8086447749669001
earlier,16,0.12606319395344556,0.07584849094919117,0.03525880683343549,0.30913193988626886
-oriented,1,0.1256920438220549,0.0,0.1256920438220549,0.1256920438220549
enable,1,0.1256718460629183,0.0,0.1256718460629183,0.1256718460629183
strike,35,0.1254341722979972,0.047852326612047066,0.04774668969421586,0.2802177714888989
outcome,1,0.1251489137922197,0.0,0.1251489137922197,0.1251489137922197
ields,9,0.12439561791267433,0.059227635959557524,0.03230614018763443,0.21206769424578586
develops,1,0.12421485987340802,0.0,0.12421485987340802,0.12421485987340802
compared,101,0.1242115509665458,0.06629502930735383,0.03206102818168718,0.37385998431255024
connections,6,0.12413299705652124,0.04856829768952151,0.06306088727499591,0.19344715344109775
sooner,7,0.12383117874801862,0.11226202201408354,0.017025125408780446,0.3150612219164669
access,6,0.12346706527030206,0.0509726573483667,0.026440268273861624,0.17085880024000644
addressed,3,0.12346221543023272,0.10909358620478272,0.02163634746755503,0.2747531115684416
equal,2,0.12329051385303677,0.033440168859008516,0.08985034499402826,0.1567306827120453
ongoing,6,0.12311860574082382,0.02846192855623365,0.09821956877657426,0.1810947809154839
suggested,22,0.12296235711179385,0.09386896078245636,0.005848107795679503,0.4050269027445051
preferable,1,0.12291203011414123,0.0,0.12291203011414123,0.12291203011414123
including,209,0.12249285382072213,0.07060432101641674,0.018977190305381243,0.3859410567969286
categorized,1,0.12241081003296064,0.0,0.12241081003296064,0.12241081003296064
goal,501,0.12156571675392419,0.1013511592518431,0.005338241685281108,0.6230337349895151
accomplishment,2,0.12130018933515643,0.01974688201659535,0.10155330731856109,0.1410470713517518
indicative,3,0.12115101229157753,0.06655653409397828,0.0726115081182418,0.21526055065268485
worrying,1,0.1210781639362044,0.0,0.1210781639362044,0.1210781639362044
assignments,33,0.12073564503157723,0.08117157547673316,0.028651774685845517,0.3528157259881615
labeled,13,0.12071429643433246,0.03208319830105869,0.06035236794071662,0.16206479559832868
sequence,3,0.12060110213731286,0.06823106368686274,0.03756171006620647,0.20468324172474503
fuel,5,0.12033597747015748,0.009576272624716503,0.10490656834585914,0.13078545499257982
joining,1,0.1200899353695709,0.0,0.1200899353695709,0.1200899353695709
consequences,9,0.11995108181606717,0.07629401522900349,0.01974984886072891,0.24191035131897368
Accept,411,0.11977325490151454,0.07513700810407631,0.014441804784316989,0.7906062288772266
requiring,10,0.11962072972360008,0.024281231696151026,0.08634841861704641,0.17041427943228693
occur,1,0.11956303415698295,0.0,0.11956303415698295,0.11956303415698295
issues,1,0.11935089362257136,0.0,0.11935089362257136,0.11935089362257136
BODY,1,0.11923267404322803,0.0,0.11923267404322803,0.11923267404322803
quickly,274,0.11916095395752467,0.11355810255377727,0.005538382165852103,0.9791925020607427
saves,2,0.11840341996320555,0.007447084407965245,0.1109563355552403,0.1258505043711708
features,2,0.1183993338153567,0.030923869692412002,0.0874754641229447,0.1493232035077687
distant,1,0.11827906287551561,0.0,0.11827906287551561,0.11827906287551561
high,20,0.11817831526372835,0.09934493565105265,0.004550995625555011,0.35802056392843173
Communications,112,0.1180232079285686,0.05891586877910823,0.014241242531198508,0.3589163937072094
subsequent,2,0.11768782151265898,0.0882041621360126,0.029483659376646383,0.2058919836486716
Clear,109,0.11695934523925693,0.053673335023922825,0.02409588913868081,0.3161709944825386
pect,96,0.11666646219701106,0.07808703032763029,0.02431673532488248,0.48657881161826855
both,141,0.11654697154241228,0.06586678836766051,0.008925450971047253,0.39276506890262247
afterwards,3,0.11623751850776165,0.06719895545055803,0.057388327909374606,0.2102850895578842
waste,22,0.11618554268489528,0.03427457048022021,0.06850326723209012,0.21630124148026417
hand,131,0.11605883375825457,0.0657379182835458,0.032073231416305886,0.3776350748318328
means,30,0.11562547269634728,0.07417581191797204,0.02705109681314319,0.2957708936451846
stalking,1,0.11559749500758586,0.0,0.11559749500758586,0.11559749500758586
stated,2,0.11528008841998369,0.03194536554212335,0.08333472287786034,0.14722545396210704
lone,21,0.11524090370846832,0.028020582532849485,0.054698014946564726,0.16567879807289376
est,1,0.11482593732180364,0.0,0.11482593732180364,0.11482593732180364
promising,2,0.11477019995042813,0.0069540610000127095,0.10781613895041542,0.12172426095044084
trapped,2,0.11470621927241481,0.028559324616707633,0.08614689465570717,0.14326554388912244
connects,5,0.11461090919532926,0.046014162578595495,0.0784870050822007,0.20386235860359272
crowd,1,0.1145575364574265,0.0,0.1145575364574265,0.1145575364574265
fulfilling,1,0.11378073647260556,0.0,0.11378073647260556,0.11378073647260556
progresses,11,0.11372218546858336,0.03543010706108016,0.06400616559378082,0.18659231450383748
finish,4,0.11370366885522702,0.06788843016892976,0.04022314343370754,0.18284004287880723
isolation,5,0.11357988796758453,0.11160936260105991,0.03559488668353239,0.3317202189075685
increases,8,0.11311800878764686,0.04695875513304313,0.02304819056681112,0.1716297188037273
downfall,1,0.11241825879886139,0.0,0.11241825879886139,0.11241825879886139
immediate,168,0.11191724255482169,0.08730205225339518,0.006928498699387918,0.561429546053111
Download,382,0.11126930779671267,0.05289397324244593,0.029087007195008712,0.4485498355791414
Empty,473,0.11118261361740059,0.059338044293931545,0.016862809274887525,0.46333937401604486
unique,1,0.11117756352706921,0.0,0.11117756352706921,0.11117756352706921
coordinate,40,0.11079440035909675,0.06366656957537299,0.012556808312512512,0.23768174236341774
suggests,13,0.11076856961956703,0.09016970758800627,0.010632881584732455,0.33249487302444647
valuable,88,0.11059759125207903,0.06084008473950582,0.028939590439152795,0.35650869838796406
exhibited,1,0.11031385388147691,0.0,0.11031385388147691,0.11031385388147691
ations,5,0.11010512236000476,0.08852409375315111,0.03686882986061255,0.28106098280992947
linear,3,0.10992752196637888,0.019542094456924616,0.08902037477887334,0.13603384551038097
evolving,1,0.10962413680034547,0.0,0.10962413680034547,0.10962413680034547
prompting,1,0.10920859052381783,0.0,0.10920859052381783,0.10920859052381783
deaths,18,0.10891122795345462,0.03344210133574388,0.04494388859452806,0.20153551077759752
initiated,8,0.10885241690336814,0.0782980077927106,0.0319265769423779,0.27043513993954155
especially,139,0.10840357341227323,0.11466755215306428,0.0099260401680413,0.8306801761619264
respectively,33,0.1083123091070782,0.05424251027236467,0.02134532757589722,0.22419492627385076
event,5,0.10823729931839085,0.05502554257482909,0.048562673443056155,0.19825168110793046
feature,4,0.10819470059161201,0.017045376961786235,0.09113917274046293,0.13277133169803026
frame,2,0.10819283055243929,0.03244531909601821,0.07574751145642108,0.1406381496484575
faster,3,0.10736124704785578,0.09429603900481752,0.015711264052351546,0.23707798379321815
raised,13,0.10667511533916287,0.15481158625971034,0.001516442515570096,0.528607504047017
whom,1,0.10660117030132024,0.0,0.10660117030132024,0.10660117030132024
insight,129,0.10597897911142791,0.05130176380227826,0.01987043766829317,0.2987310126449052
Filter,62,0.10579150181443332,0.037581308299764825,0.03515709784462137,0.20968167335679105
->,51,0.10549021076446082,0.04104339637818519,0.054421834849507016,0.23119807770154108
addressing,1,0.10544769556268564,0.0,0.10544769556268564,0.10544769556268564
saving,6,0.10504814002835271,0.046548763877960836,0.048605643509827254,0.18148076551522238
concern,7,0.10454005393754118,0.08666816764062528,0.014720431022184054,0.26401456501412995
resource,1,0.10443963340317412,0.0,0.10443963340317412,0.10443963340317412
unfold,1,0.10417844524329883,0.0,0.10417844524329883,0.10417844524329883
decides,4,0.10414658960880965,0.06585228110687368,0.03301743652405475,0.18603362227594192
Lower,281,0.10413415390128766,0.05596984016425518,0.01045486808313948,0.36811307984998903
indication,9,0.10398948874859953,0.07882779853919424,0.0012308722233770248,0.24171766349256626
ibrate,63,0.10375693620581652,0.04435099839901433,0.04200562346665375,0.24069438667827264
eliminating,22,0.10363512625130417,0.0830324050396862,0.00989375443749329,0.3817826300781126
monitored,1,0.10363214856522285,0.0,0.10363214856522285,0.10363214856522285
Output,202,0.10350190076531013,0.03220464477724152,0.01964192897613463,0.19056057177729277
account,5,0.10336980976818211,0.07865267692138267,0.0029590604243018965,0.24527910825778904
justify,1,0.10263503143370692,0.0,0.10263503143370692,0.10263503143370692
izing,8,0.10254581846974263,0.09503141056143556,0.01290755269508289,0.29275013180070464
depending,1,0.10198422352602181,0.0,0.10198422352602181,0.10198422352602181
advances,1,0.10181039020518072,0.0,0.10181039020518072,0.10181039020518072
suddenly,1,0.10123730810663044,0.0,0.10123730810663044,0.10123730810663044
Sample,104,0.10118142638319835,0.05983263360545482,0.02770006651697618,0.43284287466155946
building,1,0.10080483681195972,0.0,0.10080483681195972,0.10080483681195972
specifically,7,0.10046665937483866,0.05975311191647375,0.018672545713801236,0.1888679088713007
efficiently,184,0.10036310011026321,0.07746296317033753,0.014913131097216125,0.41403465544783286
happened,32,0.1000616339786081,0.0972728411773854,0.014943029983139513,0.4896746440882095
killer,5,0.09974618509342748,0.027270707628649964,0.05357973384402647,0.13936088959983337
death,23,0.0997203549585797,0.0764821376296283,0.008752467096777388,0.2847075168453315
navigation,2,0.09937213810952675,0.023022416290123478,0.07634972181940326,0.12239455439965022
particularly,4,0.0990413426472731,0.03956033940997308,0.05269211338849576,0.16148115828460402
ality,1,0.09901817668157056,0.0,0.09901817668157056,0.09901817668157056
progressing,4,0.09880784719598013,0.07484478099468134,0.03268095054491628,0.21729473730638194
validate,1,0.09786470676701842,0.0,0.09786470676701842,0.09786470676701842
numbers,16,0.09784861087631122,0.05476126526149858,0.01619734235114261,0.2027518551824869
fellow,14,0.09763085291543748,0.05174389437345515,0.01142686941618789,0.19594190804004002
perform,1,0.09744996607759468,0.0,0.09744996607759468,0.09744996607759468
suggestion,9,0.09688784138424995,0.0853742557957238,0.003160076241808041,0.29352917653071575
rical,37,0.09683826175800596,0.04189113823658669,0.03806312777411684,0.2238040704997693
targeted,12,0.09669903776326429,0.02578887369074316,0.05194170684770755,0.14871800161637702
Storage,254,0.0966140365937497,0.06289423075225152,0.018645153644683627,0.40757483695610613
delay,19,0.09629245817453058,0.04583526051247481,0.047967277537899415,0.19445529307345924
Data,451,0.09580308271903502,0.05396133103211005,0.01748071468091705,0.32153067493995646
dangers,1,0.09564003009149644,0.0,0.09564003009149644,0.09564003009149644
contributes,5,0.09463212261655132,0.022568221461432746,0.05301840823710684,0.12002830371787633
complications,1,0.09448040467070272,0.0,0.09448040467070272,0.09448040467070272
cooperate,1,0.09444527418331831,0.0,0.09444527418331831,0.09444527418331831
killings,9,0.09438024073068797,0.06629089629165649,0.010636081926607664,0.20895381382386372
Fuel,238,0.09436543607882862,0.0529090861682141,0.0180757547654765,0.4299067985059962
length,2,0.094299534660433,0.040408824936307174,0.05389070972412584,0.13470835959674018
aggressive,5,0.09424634747066907,0.06483796474897337,0.0073290716064911225,0.19196158553437004
second,6,0.09418107171549607,0.045949527571315534,0.03723098945203727,0.15861065886037404
accessibility,3,0.09409107633750173,0.07064240850665202,0.03490213122478547,0.19338509266398757
progress,299,0.09400331091518707,0.06239545214335859,0.012932076122261884,0.5247056612392749
versus,7,0.09381774749194713,0.08387597429282441,0.02597104485529727,0.26607346972655893
es,1,0.09363340027835172,0.0,0.09363340027835172,0.09363340027835172
benefit,8,0.09349781189732065,0.12654077182697696,0.004581783843090107,0.3781914480092413
needs,3,0.09318517508341484,0.027951702922316243,0.05691243140504865,0.12492899318994703
coordinating,9,0.09315053130792907,0.08985664994997472,0.011176231231230408,0.28044221799128294
Upload,69,0.09311271609380482,0.06135697921465097,0.021530892549759432,0.3439384183643863
expressed,4,0.0930196219575831,0.038431273101320065,0.04921365271394488,0.15478399364122775
utor,62,0.09294545823353885,0.037875357035999514,0.030541746562354637,0.21839945277189665
likelihood,2,0.0927582732593657,0.05219253618868541,0.040565737070680286,0.1449508094480511
strong,7,0.09264479317280465,0.0834786185036023,0.00829018390817065,0.24985213571968554
achieve,17,0.09244032916858279,0.047355980750981824,0.027478463650049727,0.20138596327734384
incidents,9,0.09208566454772722,0.044996726971082555,0.0434487689899771,0.1658428195410475
-connected,7,0.09197329755765206,0.018070395127416563,0.06577680994605675,0.1205276008007825
suggestions,6,0.09196446898490289,0.07711885427543584,0.026053159147136636,0.23527927894567777
workload,9,0.09153861861491988,0.041020818515840614,0.05467061237140922,0.17558509299816083
pressing,1,0.0914691238931844,0.0,0.0914691238931844,0.0914691238931844
factor,2,0.09057929570240238,0.07655519837655995,0.014024097325842417,0.16713449407896233
hub,3,0.09006992333127477,0.00920938435769536,0.0784563843031711,0.10098192778641214
briefly,2,0.08981488372476087,0.010007895014339137,0.07980698871042173,0.0998227787391
complicated,1,0.08976416808914116,0.0,0.08976416808914116,0.08976416808914116
vital,1,0.08971791903751662,0.0,0.08971791903751662,0.08971791903751662
investigation,2,0.0894252061955048,0.008935928510676233,0.08048927768482857,0.09836113470618103
pace,2,0.08936925129766818,0.014292636795986961,0.07507661450168122,0.10366188809365515
pivotal,2,0.08924058488804695,0.07088108197983006,0.018359502908216904,0.16012166686787702
overall,69,0.08907132809473588,0.043316070185379765,0.014569950077343881,0.22347604052361023
emergencies,4,0.08897587895663209,0.03762536495024554,0.030013813829479756,0.13285112900996918
finalize,1,0.08895475240692266,0.0,0.08895475240692266,0.08895475240692266
anywhere,1,0.08834589606930442,0.0,0.08834589606930442,0.08834589606930442
aid,3,0.0883378235653492,0.03825646560845323,0.03910505607290279,0.13238193736560036
regarding,20,0.08832915179275772,0.12346950063987597,0.002150031559797148,0.5664431672909143
appeared,1,0.08801017557401997,0.0,0.08801017557401997,0.08801017557401997
Orange,2,0.08786340819611359,0.005181370696731746,0.08268203749938184,0.09304477889284533
informed,8,0.08780301463666723,0.02620572597865751,0.05889820913735686,0.12965750459696004
Sk,57,0.08778954194923277,0.01868477847679576,0.04978708445161649,0.1054523424174496
chances,33,0.08755054562424237,0.054189528154742435,0.011985931896495229,0.18853006211053186
Power,462,0.08753772721947008,0.04364649824819769,0.013066919822146262,0.27186212181652214
inefficient,3,0.08746866042783985,0.01680041072622097,0.0641047537728159,0.10288914290677975
Inspect,9,0.08717081315669047,0.059079186214809766,0.027180311703670225,0.19799969069253948
significantly,3,0.08715237989518998,0.10565949069254088,0.008768929129938716,0.23651632475581866
advantageous,6,0.08694669895411088,0.08513281798259856,0.015922139833806918,0.24743679019804127
ifying,1,0.08636977670102172,0.0,0.08636977670102172,0.08636977670102172
concerns,9,0.08613221971397285,0.029411833890400273,0.03009546521795039,0.13267585575987562
fashion,1,0.08611485507345303,0.0,0.08611485507345303,0.08611485507345303
presumably,8,0.08596128420231822,0.02030293881822121,0.056181877250742515,0.12993452854660106
affect,1,0.08592644834957583,0.0,0.08592644834957583,0.08592644834957583
offers,3,0.08587872005783594,0.06353427876272348,0.01500770855213838,0.16914603178713356
relocated,1,0.08572185273343752,0.0,0.08572185273343752,0.08572185273343752
revisit,1,0.08542273840561561,0.0,0.08542273840561561,0.08542273840561561
priorities,3,0.08534486954544594,0.04519123024666645,0.04187075945281937,0.14765127571488504
straightforward,20,0.0853443321263492,0.03369816579095343,0.022447593481306812,0.17287073271956493
olds,30,0.08497739855711171,0.049820166499529625,0.01627790666217534,0.2019248383913278
stall,1,0.084748514690484,0.0,0.084748514690484,0.084748514690484
left,14,0.08465548960171976,0.026180398071919804,0.039211612558731394,0.12818368111740094
third,12,0.08432936478951747,0.047510475131607166,0.024656618193543887,0.19362726679161188
sensible,2,0.08415448948978138,0.02468955160677324,0.059464937883008134,0.10884404109655461
increasing,13,0.084118048493628,0.06764392637336598,0.022146092754461763,0.23381937739389377
sabotage,76,0.0840227408019361,0.03781307114534372,0.01847360094557543,0.22416871674764532
exclusive,2,0.0838455301403293,0.05629836891061127,0.027547161229718033,0.14014389905094057
desired,1,0.08367306607900402,0.0,0.08367306607900402,0.08367306607900402
lucky,1,0.08329736570022522,0.0,0.08329736570022522,0.08329736570022522
tangible,2,0.08327814063058406,0.024053905623021156,0.05922423500756291,0.10733204625360522
assist,5,0.0832546301420505,0.04299447791893067,0.040558563783351646,0.16323901365694024
yours,1,0.08324546717693564,0.0,0.08324546717693564,0.08324546717693564
dynamics,1,0.08292766513014645,0.0,0.08292766513014645,0.08292766513014645
oids,109,0.08274691298087401,0.045939058889455126,0.037120883422538845,0.3074827468784482
presents,7,0.08199182435116756,0.030518785217575492,0.03245162876739189,0.12890103838189879
freeing,4,0.08159787896531936,0.03767828704568169,0.04448723274780873,0.14351705050483765
intend,1,0.0815729017514227,0.0,0.0815729017514227,0.0815729017514227
connection,3,0.0815289503616382,0.027247741406512937,0.046370911130187584,0.1127678867298234
surrounding,6,0.0813900249676755,0.059724998234088736,0.024804561403600565,0.18809427198067993
licate,2,0.08132138892224534,0.02613516161829518,0.05518622730395017,0.10745655054054053
indicate,31,0.08127210237260131,0.10304456590135379,0.012150053019291876,0.5388115360962021
corrobor,2,0.08118982839023484,0.015894347817611357,0.06529548057262348,0.09708417620784619
hearing,4,0.08068360430818051,0.029708365710952013,0.04807175371336979,0.12203858636682514
offering,2,0.08042621567419103,0.04279884072462802,0.03762737494956301,0.12322505639881906
determine,5,0.08017614654432526,0.07744283249300597,0.014949503562318318,0.2259410573978776
afterward,7,0.08008129452868336,0.060011767315910215,0.026349767142654745,0.2186888710673603
per,3,0.07986649468164826,0.029314723336388602,0.03873373880995447,0.10491637596122534
reduces,25,0.07981849310944324,0.03209235491744131,0.02814801175119715,0.1474884783782892
Communic,4,0.07872145397956336,0.006977772398631501,0.06959875444208662,0.08659648580023459
simultaneously,3,0.07830605145114246,0.030766694374601906,0.05652456307743327,0.12181671742330671
desirable,1,0.07827559518324229,0.0,0.07827559518324229,0.07827559518324229
threats,7,0.07827496164170274,0.02173916787790328,0.04364614252488089,0.10868393786401044
pressure,6,0.07786100638122652,0.025096557827460526,0.03821772771311232,0.1092417656126379
objectives,28,0.07772279004520036,0.03891357975841187,0.014184739232080542,0.16966138714205695
trap,1,0.07719174487878287,0.0,0.07719174487878287,0.07719174487878287
cafeteria,2,0.07714353283165362,0.015164716585172718,0.0619788162464809,0.09230824941682633
rest,1,0.07708147065829858,0.0,0.07708147065829858,0.07708147065829858
adjusting,1,0.07703228948422525,0.0,0.07703228948422525,0.07703228948422525
team,41,0.07609907215042672,0.044238093062401326,0.015430172856626859,0.1721206180183485
primarily,1,0.0759643145665684,0.0,0.0759643145665684,0.0759643145665684
term,1,0.07539641282679385,0.0,0.07539641282679385,0.07539641282679385
murder,8,0.07527762376822886,0.02790663156043936,0.03448248023129745,0.10700316746564538
bold,1,0.07504054972545715,0.0,0.07504054972545715,0.07504054972545715
ship,146,0.07496309651224431,0.048303603288299184,0.013957046966170403,0.41301641742000367
sole,1,0.07471825531063332,0.0,0.07471825531063332,0.07471825531063332
power,3,0.07432786434504578,0.006780477044412645,0.06473882174947797,0.07912238564282967
ellow,3,0.07394756171361692,0.014174548513469784,0.05935299518742753,0.09314550501200113
complex,1,0.07394436046727965,0.0,0.07394436046727965,0.07394436046727965
achievable,1,0.07390022936151741,0.0,0.07390022936151741,0.07390022936151741
minimal,3,0.07354475096539267,0.06896952607310623,0.01147608011153216,0.16973891576556227
guilt,3,0.07352982604545562,0.021716367377675086,0.047253389026330424,0.10043621659447888
actively,2,0.07338479652403021,0.0002716819326402456,0.07311311459138997,0.07365647845667046
ize,43,0.07256830592930669,0.05906350338606952,0.013163864025496212,0.40035222335580245
top,1,0.07245199650061013,0.0,0.07245199650061013,0.07245199650061013
mission,4,0.07236644644434638,0.030867635189167162,0.0415186709043532,0.10489442702694718
Samples,1,0.0721991912205571,0.0,0.0721991912205571,0.0721991912205571
learning,1,0.07205479729257208,0.0,0.07205479729257208,0.07205479729257208
Engines,238,0.07121201736321073,0.033504009359974135,0.014091585877455001,0.2732205136043365
rushed,1,0.07099881041994742,0.0,0.07099881041994742,0.07099881041994742
iness,4,0.07081066391691769,0.035265112718324255,0.012091187021434364,0.10623180466763259
claiming,4,0.07076585367754275,0.08614295452722869,0.014894593811515472,0.21954549260153747
considerations,1,0.07076290725033069,0.0,0.07076290725033069,0.07076290725033069
spots,2,0.07075758696425102,0.037535011809463815,0.033222575154787215,0.10829259877371485
accusation,63,0.06977767725389707,0.11511628917666655,0.0011374846232111249,0.4407621832395906
attacks,4,0.0697691856955609,0.028290832586446036,0.04879771900577978,0.11851356781020667
lose,1,0.06966578574859626,0.0,0.06966578574859626,0.06966578574859626
objective,102,0.06953850582609476,0.06102356006798937,0.007863949087287594,0.30794787617472047
ors,587,0.06937149265600079,0.04262188053914099,0.006612363705133446,0.7227619217455625
finally,10,0.06935463730983675,0.05677611843333644,0.011426484335202856,0.18520280622848934
majority,7,0.06904610536819039,0.044474609732907754,0.01377644408578114,0.127845477608164
maximize,28,0.06898483399687194,0.02975182318778615,0.016902744061371863,0.15552402599486254
changes,2,0.06893993314145899,0.02153979199499694,0.04740014114646206,0.09047972513645594
Start,90,0.06853016168583327,0.03470310033217113,0.012474577529867555,0.16821213021231882
-only,1,0.06810208034591521,0.0,0.06810208034591521,0.06810208034591521
delays,3,0.0679775319361299,0.014766897580273278,0.05504520181292801,0.08864433164579552
Steering,42,0.06766490531502946,0.023984537516913707,0.027198671230347252,0.14023192871775386
serious,5,0.06617731726418051,0.10595866645661696,0.0037152291327734715,0.27773357805378324
strongly,4,0.0661745434080275,0.06181683713567564,0.014830927323821597,0.166219090398964
poses,1,0.06591868703812376,0.0,0.06591868703812376,0.06591868703812376
indicating,9,0.06584318251336213,0.04668729277631127,0.022673870084685757,0.18333418785580824
hinder,1,0.0655094762678204,0.0,0.0655094762678204,0.0655094762678204
longest,1,0.06542225860819442,0.0,0.06542225860819442,0.06542225860819442
win,47,0.06527562314192778,0.01810639521591818,0.03464527302351025,0.12536674444922358
goals,6,0.06493405160430273,0.025028811973611894,0.04126063291320846,0.09936299572931166
complexity,2,0.06471733027938295,0.002968346391368372,0.061748983888014586,0.06768567667075133
actor,8,0.0645416465469568,0.023078193094857327,0.03543304513195119,0.09821660968147454
implications,2,0.06410331372433278,0.020960481235298003,0.043142832489034784,0.08506379495963079
updated,1,0.06395757848191272,0.0,0.06395757848191272,0.06395757848191272
testimony,3,0.06322574861073678,0.014155984817046581,0.04748620972202032,0.08180943638074117
aggressively,2,0.06317059569319025,0.0388408454182516,0.024329750274938645,0.10201144111144185
marked,1,0.06306124296618307,0.0,0.06306124296618307,0.06306124296618307
accessing,2,0.062388645860094946,0.0004594040361120544,0.06192924182398289,0.062848049896207
engines,5,0.06232292420287122,0.02222742462215012,0.04163043361582126,0.10335493161514295
circumstances,2,0.06208236010592578,0.05478216600901834,0.007300194096907436,0.11686452611494412
helping,8,0.06207787417129501,0.022650028491252343,0.031489551998158095,0.08958478313744174
setup,4,0.06180784812675904,0.023135607386556553,0.03462353879858817,0.09680235279184705
slight,1,0.06173862108165103,0.0,0.06173862108165103,0.06173862108165103
conflict,1,0.061407420160893476,0.0,0.061407420160893476,0.061407420160893476
prime,2,0.06097728812041668,0.010663672624706935,0.05031361549570975,0.07164096074512362
role,9,0.060481776969675015,0.04464122890637151,0.017757240016294123,0.1342308780365865
count,10,0.05993524594184783,0.0534462525692898,0.0020863803738770076,0.1372996944667737
transparency,4,0.05968941297447712,0.03726662533105007,0.013115238000991632,0.11318522911767237
alliances,2,0.05934853704407435,0.0008404424082454724,0.05850809463582888,0.060188979452319824
helps,5,0.05905018702712642,0.013715632948885129,0.04438293122803783,0.08433929613772796
assumption,1,0.058982364439038454,0.0,0.058982364439038454,0.058982364439038454
shown,4,0.05896856057326018,0.02192008736547423,0.03698538265422245,0.08782381586927805
varying,1,0.05889927855196333,0.0,0.05889927855196333,0.05889927855196333
clarified,2,0.05871794144976717,0.009176000903730323,0.04954194054603685,0.0678939423534975
involvement,5,0.058695496549471184,0.04515598488064771,0.014107932480160958,0.14256946284213515
recently,10,0.058378063739518295,0.02312977732930058,0.030662392173002637,0.11067042604747654
individual,1,0.058322562052502615,0.0,0.058322562052502615,0.058322562052502615
noteworthy,1,0.05759752400476177,0.0,0.05759752400476177,0.05759752400476177
progression,8,0.057024581385468925,0.014105891949574626,0.02883990375687434,0.08286156756245706
reaching,1,0.056775963979569556,0.0,0.056775963979569556,0.056775963979569556
key,37,0.05658655102052526,0.05241918711297765,0.017538851781142156,0.2453617802724563
appealing,1,0.05578554341121979,0.0,0.05578554341121979,0.05578554341121979
finishing,6,0.05576351156150385,0.01953899415708449,0.03012307702275123,0.09546431605533096
coordination,9,0.055748510548151456,0.01814989730905423,0.030129695852548447,0.08019825133757037
achieving,6,0.055745385258054746,0.03445283496608327,0.010285125153152119,0.11579016341774748
collaborate,3,0.055270503126585595,0.0312797473430422,0.029433151188721994,0.09928511652142667
advantages,1,0.05412646868735947,0.0,0.05412646868735947,0.05412646868735947
harm,18,0.0533325060218596,0.02129307121056564,0.01851585711991381,0.1179945766706242
ambush,10,0.05255658868837524,0.031599053223199586,0.015248690954256903,0.12125190525986791
favor,1,0.05248226310180658,0.0,0.05248226310180658,0.05248226310180658
hostile,1,0.05184397016029603,0.0,0.05184397016029603,0.05184397016029603
")"",",2,0.05173694629066265,0.01146411838138749,0.04027282790927516,0.06320106467205014
sign,4,0.051519961939034666,0.022064784161360828,0.029850254396838926,0.07924922190882225
urgency,1,0.051458864749265025,0.0,0.051458864749265025,0.051458864749265025
side,4,0.05141570343929611,0.006085755678482452,0.041034994781187266,0.056278202411192704
proposing,1,0.05102044411748708,0.0,0.05102044411748708,0.05102044411748708
inactive,1,0.050920574859239724,0.0,0.050920574859239724,0.050920574859239724
alongside,1,0.050909823441735474,0.0,0.050909823441735474,0.050909823441735474
achieved,1,0.05084681610239593,0.0,0.05084681610239593,0.05084681610239593
assuming,4,0.05036816353493842,0.013689820792756106,0.02920811903508011,0.06288111230124818
Firstly,1,0.05014966045709239,0.0,0.05014966045709239,0.05014966045709239
partially,1,0.050068867387093485,0.0,0.050068867387093485,0.050068867387093485
usage,2,0.049969240909502735,0.0049392166243804325,0.0450300242851223,0.05490845753388317
pose,3,0.04985787639263095,0.00573192357421213,0.042383738999282626,0.05631254963373893
ensuring,2,0.04976448359643189,0.01589046798226859,0.0338740156141633,0.06565495157870048
winning,90,0.04908597314146433,0.024239066371353327,0.0132349332208243,0.12727968379673227
revelation,1,0.048802259049945354,0.0,0.048802259049945354,0.048802259049945354
collective,1,0.04833397517082903,0.0,0.04833397517082903,0.04833397517082903
proposal,1,0.04791880437760708,0.0,0.04791880437760708,0.04791880437760708
explained,1,0.04790935085178259,0.0,0.04790935085178259,0.04790935085178259
importance,1,0.047789109628017065,0.0,0.047789109628017065,0.047789109628017065
returned,1,0.047579554255507264,0.0,0.047579554255507264,0.047579554255507264
enhance,2,0.04735427679895253,0.02380845539013927,0.023545821408813263,0.0711627321890918
cooperation,4,0.047095059811060366,0.010040211232374493,0.030854442320619985,0.057497037715613014
parity,1,0.04672597706681057,0.0,0.04672597706681057,0.04672597706681057
among,56,0.04659528248036288,0.03787479272040253,0.008395453824695306,0.186770792723454
great,1,0.0465881028583671,0.0,0.0465881028583671,0.0465881028583671
interruptions,1,0.046508278601188405,0.0,0.046508278601188405,0.046508278601188405
ated,4,0.04642234284153821,0.01467973109683669,0.02230760853820413,0.06094328225135529
wanted,1,0.04603606090462677,0.0,0.04603606090462677,0.04603606090462677
urge,1,0.04545819568131479,0.0,0.04545819568131479,0.04545819568131479
matter,2,0.04510684108301852,0.019627182132144885,0.025479658950873632,0.0647340232151634
bottleneck,4,0.04507863440948852,0.02337000286584344,0.014326409514304049,0.06867246719526816
fulfill,4,0.0449956761338847,0.007769418194998762,0.0345647900296287,0.05563585733691842
Cleaning,1,0.04495903645935556,0.0,0.04495903645935556,0.04495903645935556
collaboration,6,0.044296872624934445,0.024161658423560717,0.016470197490149746,0.08587590991229552
assistance,1,0.04423386263260906,0.0,0.04423386263260906,0.04423386263260906
"(""",6,0.044118471944229215,0.019363088509387727,0.021823727069823527,0.08173735075967474
Although,1,0.04398273581369171,0.0,0.04398273581369171,0.04398273581369171
determining,1,0.04382730803272526,0.0,0.04382730803272526,0.04382730803272526
instantly,1,0.0436671215816804,0.0,0.0436671215816804,0.0436671215816804
itself,1,0.04362122869908772,0.0,0.04362122869908772,0.04362122869908772
higher,2,0.04357872112039739,0.004218357910820793,0.039360363209576595,0.04779707903121818
committed,3,0.043351557327658476,0.02002050833291728,0.015183485306581286,0.05991569813924313
against,50,0.0433022537438615,0.06046769416869811,0.0012031852993748735,0.25710618471019153
behind,2,0.04329632336736239,0.026449546798454678,0.01684677656890771,0.06974587016581707
detrimental,2,0.04217602487063078,0.006852193378139616,0.035323831492491166,0.0490282182487704
adds,2,0.0421403916573571,0.014403729522622406,0.027736662134734694,0.056544121179979506
probable,1,0.04144264236919227,0.0,0.04144264236919227,0.04144264236919227
incident,19,0.041422331591112325,0.03760706798122798,0.005949863684139627,0.14109691384619988
ultimate,2,0.04069555433502075,0.0257034087343234,0.014992145600697348,0.06639896306934415
guaranteed,1,0.03971538353303593,0.0,0.03971538353303593,0.03971538353303593
seriousness,1,0.039669935821272574,0.0,0.039669935821272574,0.039669935821272574
riority,3,0.03934416362390894,0.0028574942437494897,0.03727711552203608,0.04338491133430272
allies,5,0.03887801728651452,0.0079235072733505,0.026070921735544865,0.0499413539815864
simply,1,0.03881572325487477,0.0,0.03881572325487477,0.03881572325487477
manipulate,1,0.03730437593163906,0.0,0.03730437593163906,0.03730437593163906
benefits,49,0.036894918572251155,0.030415418118776044,0.005427980107894766,0.16351453940372895
collectively,3,0.03645852078503941,0.021991623719694164,0.017074963298395137,0.06721343189547138
consensus,2,0.03641353435459936,0.012938303005949642,0.02347523134864972,0.049351837360549
implying,5,0.03589731098232492,0.006412548961666671,0.02489663881933423,0.0434994370784556
involving,3,0.03531247493670275,0.039276341084777774,0.0035324865150592574,0.09065460097144319
requirements,1,0.03529129320805539,0.0,0.03529129320805539,0.03529129320805539
collaborating,1,0.03477762365756597,0.0,0.03477762365756597,0.03477762365756597
Unlock,30,0.03454601812953225,0.017697751657742063,0.009643217370257827,0.0885266450397136
contribution,2,0.03434224337810162,0.015543066054688871,0.01879917732341275,0.049885309432790494
spaceship,57,0.03432740231163624,0.0077630568010704564,0.02717628078010889,0.04735309191170728
accountable,1,0.03427612842342213,0.0,0.03427612842342213,0.03427612842342213
ate,1,0.03364533870328795,0.0,0.03364533870328795,0.03364533870328795
joined,1,0.03291820405414462,0.0,0.03291820405414462,0.03291820405414462
inevitable,1,0.032815592095304366,0.0,0.032815592095304366,0.032815592095304366
victory,1,0.03260736012201784,0.0,0.03260736012201784,0.03260736012201784
systems,2,0.03220809352830346,4.752969235424093e-05,0.032160563835949216,0.0322556232206577
decided,2,0.03150225237287388,0.029556958419245296,0.001945293953628585,0.06105921079211918
holding,1,0.031129482598200878,0.0,0.031129482598200878,0.031129482598200878
reactor,3,0.030918421448662997,0.001466177120197009,0.028845028078409517,0.03197223452434023
validity,4,0.030847094559896406,0.013310549214170155,0.0134665881473565,0.0450594213902873
functionality,3,0.02965887166766931,0.009776473914256966,0.018742169078929644,0.04246490060439485
clarity,1,0.029575518135130097,0.0,0.029575518135130097,0.029575518135130097
recent,1,0.02919695515800682,0.0,0.02919695515800682,0.02919695515800682
unfolded,1,0.028850228211294574,0.0,0.028850228211294574,0.028850228211294574
(s,1,0.028798747674275205,0.0,0.028798747674275205,0.028798747674275205
indicator,2,0.02853876965652965,0.022971658675741292,0.005567110980788357,0.05151042833227094
urgently,1,0.028263278670558833,0.0,0.028263278670558833,0.028263278670558833
ushed,1,0.028044860447896135,0.0,0.028044860447896135,0.028044860447896135
reflects,1,0.027839750588624628,0.0,0.027839750588624628,0.027839750588624628
aforementioned,1,0.02740801467000472,0.0,0.02740801467000472,0.02740801467000472
""":",1,0.027365808196336418,0.0,0.027365808196336418,0.027365808196336418
explanations,1,0.02657095169962794,0.0,0.02657095169962794,0.02657095169962794
perhaps,1,0.026389517452636256,0.0,0.026389517452636256,0.026389517452636256
impact,6,0.026255194750524454,0.015469210806017507,0.0054784609921772155,0.04612876584816931
whose,1,0.025891617710049417,0.0,0.025891617710049417,0.025891617710049417
unfinished,2,0.025542906276623152,0.007383239304154835,0.018159666972468316,0.032926145580777985
trustworthy,1,0.023279147153594127,0.0,0.023279147153594127,0.023279147153594127
critical,12,0.022797092386248375,0.022214446135300214,0.0012067026868164013,0.07828549744537545
success,3,0.022705377245995213,0.0011184306737623726,0.0215173803533929,0.024203714287842456
forward,1,0.02231543059429338,0.0,0.02231543059429338,0.02231543059429338
eliminated,1,0.021981672236657798,0.0,0.021981672236657798,0.021981672236657798
page,3,0.02186132377045444,0.004258541456922249,0.016464004181708923,0.026873956112891707
support,1,0.020829030388431584,0.0,0.020829030388431584,0.020829030388431584
outnumber,1,0.020072704371808907,0.0,0.020072704371808907,0.020072704371808907
Secondly,1,0.020062569518045976,0.0,0.020062569518045976,0.020062569518045976
considers,1,0.01938704665494617,0.0,0.01938704665494617,0.01938704665494617
-sensitive,2,0.0183607897825223,0.003796307973964308,0.01456448180855799,0.022157097756486607
urgent,6,0.017648579517756367,0.003018751072042812,0.01419168888499365,0.022463306309309646
intelligence,1,0.01754786872301383,0.0,0.01754786872301383,0.01754786872301383
truth,1,0.017148103209535685,0.0,0.017148103209535685,0.017148103209535685
informative,1,0.016309532593350416,0.0,0.016309532593350416,0.016309532593350416
threat,5,0.015737645712089934,0.01328085693418628,0.003255638657098953,0.03627481141946934
optimizing,1,0.015316303263233908,0.0,0.015316303263233908,0.015316303263233908
intel,1,0.01509401007037159,0.0,0.01509401007037159,0.01509401007037159
compelling,1,0.014864797979618557,0.0,0.014864797979618557,0.014864797979618557
allegedly,5,0.01244663893495123,0.010894708117926175,0.0031256098328771168,0.03384452917557565
ates,1,0.009743826689906506,0.0,0.009743826689906506,0.009743826689906506
alleged,4,0.00935397331332377,0.006521234459862134,0.002003355113038898,0.019679032772054048
posed,2,0.009174279364872204,0.004302074899255394,0.0048722044656168105,0.013476354264127598
sudden,1,0.008948252038985123,0.0,0.008948252038985123,0.008948252038985123
impacting,1,0.008209178945317495,0.0,0.008209178945317495,0.008209178945317495
despite,1,0.006548499121039526,0.0,0.006548499121039526,0.006548499121039526
motives,1,0.005599713062305171,0.0,0.005599713062305171,0.005599713062305171
implicated,1,0.004515369793843142,0.0,0.004515369793843142,0.004515369793843142
