token,count,mean,std,min,max
<|begin_of_text|>,1694,1.0,0.0,1.0,1.0
...,1,0.9999511346071518,0.0,0.9999511346071518,0.9999511346071518
craft,1,0.9999486171512184,0.0,0.9999486171512184,0.9999486171512184
uous,3,0.9999485833640018,2.0207799058955845e-05,0.9999209071398345,0.9999685901612039
neutral,1,0.9999385454031297,0.0,0.9999385454031297,0.9999385454031297
ideas,1,0.9997615990587142,0.0,0.9997615990587142,0.9997615990587142
tone,1,0.9997041123143303,0.0,0.9997041123143303,0.9997041123143303
steering,1,0.9996931527904088,0.0,0.9996931527904088,0.9996931527904088
icious,1,0.9996862124656448,0.0,0.9996862124656448,0.9996862124656448
happy,1,0.9996450803460949,0.0,0.9996450803460949,0.9996450803460949
trail,2,0.9995878989288449,0.00034837864489928316,0.9992395202839456,0.9999362775737441
contradict,1,0.9995658127071667,0.0,0.9995658127071667,0.9995658127071667
blame,2,0.9995519660632959,0.00034644320130189366,0.9992055228619939,0.9998984092645977
inate,2,0.9995272298730324,1.8335905699884414e-05,0.9995088939673326,0.9995455657787323
mention,1,0.9994775514654023,0.0,0.9994775514654023,0.9994775514654023
shift,3,0.9994055164679049,0.00025348796821766717,0.9991638678600281,0.9997556630075294
believable,1,0.9993615875665037,0.0,0.9993615875665037,0.9993615875665037
accident,1,0.999291990985352,0.0,0.999291990985352,0.999291990985352
ordinary,2,0.9992534266527522,0.0007403166518036297,0.9985131100009486,0.9999937433045558
vague,2,0.9992532245278437,0.0007262666917081662,0.9985269578361355,0.9999794912195519
doubt,2,0.9990079444125564,0.0005854892596027228,0.9984224551529536,0.999593433672159
drawn,1,0.998834178726486,0.0,0.998834178726486,0.998834178726486
flags,2,0.9988335244563775,0.0009833469721854948,0.997850177484192,0.999816871428563
statements,7,0.9985519006731529,0.002165599879311763,0.9936149700208082,0.9998460946803508
analyze,1,0.9984762567282672,0.0,0.9984762567282672,0.9984762567282672
speech,1,0.9984178900927918,0.0,0.9984178900927918,0.9984178900927918
Was,1,0.99819315050154,0.0,0.99819315050154,0.99819315050154
identical,1,0.9981860606712358,0.0,0.9981860606712358,0.9981860606712358
vag,1,0.9980051208853495,0.0,0.9980051208853495,0.9980051208853495
curious,1,0.9975834049704316,0.0,0.9975834049704316,0.9975834049704316
rim,2,0.9975561971324978,0.0006882257176140105,0.9968679714148838,0.9982444228501118
confusion,9,0.997505796392869,0.0038243020770666507,0.9886384419905325,0.9999878320890313
sow,1,0.9973498033602981,0.0,0.9973498033602981,0.9973498033602981
add,1,0.9972898920145109,0.0,0.9972898920145109,0.9972898920145109
look,12,0.9970923106403715,0.002847774689603499,0.9910601224960554,0.9999781598173518
protect,1,0.9970371750453367,0.0,0.9970371750453367,0.9970371750453367
uced,1,0.9963237760942257,0.0,0.9963237760942257,0.9963237760942257
Reporting,1,0.9962586270242492,0.0,0.9962586270242492,0.9962586270242492
radar,1,0.9961871103901676,0.0,0.9961871103901676,0.9961871103901676
icking,2,0.9961433214486606,0.002332394910962654,0.9938109265376979,0.9984757163596232
possibilities,1,0.9960154935587228,0.0,0.9960154935587228,0.9960154935587228
cautious,219,0.995909038017207,0.010547886659455389,0.8516511086112919,0.9999130874931874
Regarding,2,0.9958862753177029,0.0014295244616258085,0.9944567508560771,0.9973157997793287
discord,1,0.9957973381211119,0.0,0.9957973381211119,0.9957973381211119
idental,1,0.9956615067257856,0.0,0.9956615067257856,0.9956615067257856
sides,1,0.9951909760297549,0.0,0.9951909760297549,0.9951909760297549
innocent,7,0.9950190627250853,0.011173522971956507,0.9677023485660315,0.9999852226891089
identification,1,0.9948258917265002,0.0,0.9948258917265002,0.9948258917265002
accidents,1,0.9947879427666366,0.0,0.9947879427666366,0.9947879427666366
inconsistent,1,0.9946529905202384,0.0,0.9946529905202384,0.9946529905202384
profile,6,0.9945391127620292,0.005170982409759669,0.9839266936965251,0.9992679999460055
throw,3,0.9944745662662161,0.0011258032956847916,0.9936314875139585,0.9960657480039158
ected,23,0.994249014077252,0.008496384723849096,0.959634651093999,0.999753887613604
se,13,0.9940940855005334,0.005610112324472836,0.9814026756452031,0.9987758541896393
interested,6,0.9935602668775189,0.008763344618173134,0.9759484293675678,0.9999791940760745
looking,18,0.9933303220992222,0.006264825241294009,0.9721094950083295,0.9994148976466004
elsewhere,1,0.9930551648064472,0.0,0.9930551648064472,0.9930551648064472
clarification,1,0.9929773379617889,0.0,0.9929773379617889,0.9929773379617889
listen,1,0.9929062318519867,0.0,0.9929062318519867,0.9929062318519867
non,1,0.9924933683993614,0.0,0.9924933683993614,0.9924933683993614
obvious,2,0.992381708761028,0.0005505521928874102,0.9918311565681406,0.9929322609539154
pretend,26,0.9922908814437582,0.012404851628596334,0.9536560937906119,0.9999944017875239
experiences,1,0.9917472773329725,0.0,0.9917472773329725,0.9917472773329725
Hey,2,0.9917255777770264,0.0036751066096288865,0.9880504711673975,0.9954006843866553
questions,55,0.9916266273359945,0.010783433133051025,0.9354482781314367,0.9999629355726872
speak,10,0.9913713348240669,0.013662479242682051,0.9543065398413321,0.9999794357461367
scrutiny,3,0.9913027840786944,0.003741796275923839,0.9863664632072233,0.9954220384688085
onto,1,0.9909448340649625,0.0,0.9909448340649625,0.9909448340649625
knowledge,1,0.9907549362012567,0.0,0.9907549362012567,0.9907549362012567
blend,229,0.9906529187453171,0.019091837071907158,0.786643416590904,0.9998895259580771
hidden,1,0.9906185106601486,0.0,0.9906185106601486,0.9906185106601486
careful,22,0.9905466760667864,0.03297063604554667,0.840594182615882,0.999958915841258
Maybe,2,0.9905054723890151,0.006472236529861064,0.984033235859154,0.9969777089188762
exhibited,1,0.9901988465061845,0.0,0.9901988465061845,0.9901988465061845
ging,1,0.9899879473295679,0.0,0.9899879473295679,0.9899879473295679
intercept,1,0.9895754734639916,0.0,0.9895754734639916,0.9895754734639916
reacts,4,0.9893459188251101,0.005326988147666999,0.9826264719938526,0.996274596679041
detailed,1,0.989235687641493,0.0,0.989235687641493,0.989235687641493
deny,1,0.9889795677496399,0.0,0.9889795677496399,0.9889795677496399
oneself,1,0.9882141158198128,0.0,0.9882141158198128,0.9882141158198128
linger,1,0.9879055062676898,0.0,0.9879055062676898,0.9879055062676898
notices,1,0.9873217505082862,0.0,0.9873217505082862,0.9873217505082862
checked,1,0.9867788453358686,0.0,0.9867788453358686,0.9867788453358686
detected,219,0.986488807644951,0.04940107171645058,0.48155479077407803,0.9998378212888733
job,2,0.9863551081702728,0.011339117206346783,0.9750159909639261,0.9976942253766197
caution,13,0.9858973951301953,0.015613124372502358,0.9423020394834913,0.9995687209685811
say,7,0.9857169006603627,0.03263486234904754,0.9058868538272762,0.9999811848830162
illusion,3,0.9855807425993262,0.011831392159628926,0.9689108124840274,0.9951638395072572
hear,15,0.9849678819344494,0.011662651605103193,0.9576669731546414,0.9964932970017413
reaction,1,0.9845528564226262,0.0,0.9845528564226262,0.9845528564226262
disclosed,1,0.9842180312100991,0.0,0.9842180312100991,0.9842180312100991
diversion,48,0.9838688859624636,0.018603693319669982,0.9163917554837724,0.999806696005878
integrate,1,0.9833333357383383,0.0,0.9833333357383383,0.9833333357383383
plausible,10,0.9830280979302388,0.039812059032340856,0.8643413282083785,0.9999606016862652
turning,1,0.9827532562549917,0.0,0.9827532562549917,0.9827532562549917
wisely,1,0.982735969370753,0.0,0.982735969370753,0.982735969370753
lay,2,0.9826830245436584,0.012305048034710164,0.9703779765089482,0.9949880725783685
publicly,1,0.9824818867598052,0.0,0.9824818867598052,0.9824818867598052
anonymity,1,0.9824685335833074,0.0,0.9824685335833074,0.9824685335833074
raise,73,0.982458015861621,0.023639061900966818,0.8599337966352677,0.9987557619367649
bottom,1,0.9820221028366909,0.0,0.9820221028366909,0.9820221028366909
finds,1,0.9817061130938104,0.0,0.9817061130938104,0.9817061130938104
answering,1,0.9814083329812606,0.0,0.9814083329812606,0.9814083329812606
pointless,1,0.980620429124273,0.0,0.980620429124273,0.980620429124273
responded,1,0.9802659590660965,0.0,0.9802659590660965,0.9802659590660965
quiring,2,0.9799400778590546,0.013233725669132446,0.9667063521899221,0.993173803528187
specified,1,0.9799243268403351,0.0,0.9799243268403351,0.9799243268403351
lucky,1,0.9797035443143216,0.0,0.9797035443143216,0.9797035443143216
perceived,4,0.9795997136374975,0.01573517008038126,0.9622446139486739,0.9979468692864035
opinion,1,0.9793188587586109,0.0,0.9793188587586109,0.9793188587586109
figure,2,0.9791102562306333,0.0059199803800480955,0.9731902758505852,0.9850302366106813
maybe,2,0.9788477518120122,0.018999904028253634,0.9598478477837586,0.9978476558402659
comment,2,0.9787949047224362,0.0210448117330177,0.9577500929894185,0.9998397164554539
unusual,43,0.9785515708298179,0.03595842270994826,0.8395394519176747,0.999810017820322
thinking,5,0.9782501688903793,0.026293673478169875,0.9320195315401618,0.9996323886411226
accidentally,2,0.978193605000141,0.0015023212495655636,0.9766912837505755,0.9796959262497066
reactions,31,0.9778858731269083,0.018388070318972164,0.9088092565220007,0.9993813887522052
express,6,0.9773368139242127,0.02932260295827016,0.9146866127832168,0.9999619167540964
mimic,6,0.9772461281101242,0.008465409809554314,0.9665744286347835,0.9906949512801065
mis,4,0.977123746402663,0.03204069686781278,0.9218740324019761,0.9998085540183533
excuse,2,0.9771222754660367,0.0009018745367294634,0.9762204009293072,0.9780241500027661
overt,1,0.9770271721065121,0.0,0.9770271721065121,0.9770271721065121
concerned,7,0.9766947160801245,0.029145933874323227,0.9179683778472754,0.9998076620153135
deviation,1,0.9766852022283486,0.0,0.9766852022283486,0.9766852022283486
discrepancies,2,0.97668369255331,0.00562990364254351,0.9710537889107664,0.9823135961958535
issues,1,0.9759620024024651,0.0,0.9759620024024651,0.9759620024024651
fake,384,0.9759287097396542,0.043100356695824626,0.7266976072925241,0.9999832510747713
performing,1,0.975778202188023,0.0,0.975778202188023,0.975778202188023
appear,29,0.9755830364107182,0.0636472494476859,0.6930540113830992,0.999982812272004
cannot,4,0.9755800101492106,0.018292413918351676,0.9473656017522762,0.9967458920041515
thoughts,6,0.9751815203107145,0.017949220808798468,0.9505391667552737,0.9966259232122138
fire,1,0.97455835868936,0.0,0.97455835868936,0.97455835868936
attention,98,0.9744715939482271,0.08474857005688638,0.28669563795143943,0.9999486870544745
responses,4,0.9742542599446697,0.007256213723001285,0.9648637758572514,0.984638337429101
stories,4,0.9740156381613239,0.006938532842973609,0.9656024340107212,0.9816747036959721
anything,80,0.9735764429898837,0.07641734265541855,0.3310645623670094,0.9998996357336606
iating,2,0.9735365228055369,0.013520898936912329,0.9600156238686246,0.9870574217424493
request,1,0.9732326359857614,0.0,0.9732326359857614,0.9732326359857614
fully,2,0.9732161197510949,0.020121588417022773,0.9530945313340721,0.9933377081681176
inconsistencies,9,0.9724929155050099,0.0253781057204105,0.9094275738381745,0.9922542159961278
test,1,0.9722936192263983,0.0,0.9722936192263983,0.9722936192263983
disguise,3,0.9719400051918671,0.022636773286548197,0.9404332555983609,0.9926054879657464
blending,31,0.9718296811951401,0.10398820892793714,0.4064405140159062,0.99937589252973
deflect,28,0.9715464926383557,0.14699982251067775,0.20771484943195107,0.9999968740142412
specifics,1,0.9715151716794812,0.0,0.9715151716794812,0.9715151716794812
personally,1,0.9714526058003982,0.0,0.9714526058003982,0.9714526058003982
raising,179,0.9713872848640867,0.03710751614909799,0.7047709829098658,0.9986930183675287
Speaking,2,0.9709596509510017,0.01972744528488629,0.9512322056661154,0.990687096235888
disappearing,1,0.9709253296457392,0.0,0.9709253296457392,0.9709253296457392
behaves,4,0.9705377170047969,0.0092316126239358,0.960030915038205,0.9803412433570592
acts,4,0.9704661346541463,0.02443428256823154,0.9291296510009903,0.9925775261185933
disrupt,3,0.9700439139521891,0.008757731319760136,0.9613821275117918,0.9820414151934994
walking,1,0.9700378518918676,0.0,0.9700378518918676,0.9700378518918676
innoc,3,0.9692919741874887,0.02505071129248734,0.9372902698213819,0.998454338162033
indications,4,0.968748525478386,0.015023769502785353,0.9554263060755589,0.9922547750647264
Hi,2,0.9683827317705902,0.006327094649193454,0.9620556371213967,0.9747098264197837
10,1,0.9680838338413026,0.0,0.9680838338413026,0.9680838338413026
genuine,4,0.9677906098949816,0.019502948079114766,0.9464544292019734,0.9963319982295256
KE,104,0.9675441008326309,0.05896902840321281,0.6120396069513873,0.9991218340261324
words,1,0.9670213070751782,0.0,0.9670213070751782,0.9670213070751782
normally,2,0.9669718571409012,0.017146606518893714,0.9498252506220075,0.9841184636597949
antage,1,0.9664300816491678,0.0,0.9664300816491678,0.9664300816491678
cover,68,0.9657190407946269,0.06691360651474586,0.5698540502293297,0.9994165887184373
misinformation,3,0.9651136542872706,0.02777774147411331,0.9317747759148134,0.9997773640548229
-up,1,0.9647952811714012,0.0,0.9647952811714012,0.9647952811714012
exhibiting,2,0.9643709217284575,0.0033583979423972843,0.9610125237860602,0.9677293196708547
response,4,0.9638836649366043,0.04215693010814973,0.8909966702457202,0.9905229870380323
ibi,39,0.9636580162557419,0.06277766782515969,0.7102848087149541,0.999957642918166
S,92,0.9630217946978897,0.041111486290041126,0.7985457042926817,0.9999296085246261
observable,1,0.9628359504665064,0.0,0.9628359504665064,0.9628359504665064
falsely,1,0.9626187527322102,0.0,0.9626187527322102,0.9626187527322102
aked,2,0.9622464710996698,0.024317943150377275,0.9379285279492925,0.986564414250047
arrival,1,0.961731323376254,0.0,0.961731323376254,0.961731323376254
cautiously,1,0.9615839163478317,0.0,0.9615839163478317,0.9615839163478317
tool,1,0.9610973718446019,0.0,0.9610973718446019,0.9610973718446019
interfere,2,0.9609257690187722,0.020853396720028727,0.9400723722987435,0.981779165738801
focused,6,0.96004070313427,0.03497454757811776,0.9158029558140182,0.9995712186811411
cooperative,14,0.9597373363280759,0.059072457529099544,0.7877231551127801,0.9979355755977699
recorded,25,0.9587883579184077,0.017090053066515017,0.8983286252201381,0.9746955796359164
clarify,24,0.9587383491606665,0.04701469835592475,0.7698998318151502,0.9984782366962861
Asking,1,0.9586190756414985,0.0,0.9586190756414985,0.9586190756414985
perspective,4,0.9583180339651743,0.07052124286456307,0.8361718971842833,0.9992519082355223
conclusive,2,0.9581025404493977,0.014148936246692612,0.943953604202705,0.9722514766960902
visible,2,0.9577186412857591,0.030919361006263912,0.9267992802794952,0.988638002292023
scene,3,0.9573008160470184,0.014935215463046327,0.9393882507092484,0.975949672866072
try,103,0.9569813156280742,0.07309150397002061,0.5744511075936328,0.9997247979376997
watched,2,0.9557848194993539,0.032756209843392115,0.9230286096559618,0.988541029342746
Perhaps,9,0.9556163975813445,0.06973202274718375,0.7619660705129838,0.9969170043361001
inquire,2,0.9555602070156355,0.008758868263293251,0.9468013387523422,0.9643190752789287
exhibit,3,0.9553551813417523,0.03722636449357767,0.9027169141670809,0.9824572208934118
thanks,1,0.9553184957774148,0.0,0.9553184957774148,0.9553184957774148
accuse,7,0.9552965435957602,0.02926298061265703,0.9137523215278952,0.9999587444392809
unfolded,1,0.9540111789460415,0.0,0.9540111789460415,0.9540111789460415
listed,1,0.953767330690966,0.0,0.953767330690966,0.953767330690966
heard,4,0.9536688873607719,0.03729946443578711,0.8962521017372423,0.9990010228463396
tell,10,0.9535743777090107,0.035210737763976194,0.8790444898639415,0.9944972029537328
exposing,1,0.9532246210034774,0.0,0.9532246210034774,0.9532246210034774
visibility,1,0.9531287885240729,0.0,0.9531287885240729,0.9531287885240729
temporary,4,0.9530797183009208,0.027740407041283464,0.9097453241385827,0.9867882182219518
ily,1,0.9528984024595054,0.0,0.9528984024595054,0.9528984024595054
solitude,4,0.9523780140048922,0.025504375613247567,0.9305244486625505,0.9948296666713539
ask,71,0.9519788939720596,0.07769710891880374,0.5978838556343488,0.9999545787044575
scenario,2,0.9517553611188843,0.03724313345881114,0.9145122276600731,0.9889984945776954
conclusions,9,0.9516238490112381,0.062099365380189786,0.7871559633746142,0.9977763270767798
suspicion,633,0.9514039622990484,0.12490374090886307,0.012111857789187743,0.9998944336473458
suddenly,1,0.9509250673745392,0.0,0.9509250673745392,0.9509250673745392
surroundings,19,0.9501890720646302,0.048915475584317004,0.820324872445149,0.9968999602151071
encouraging,1,0.9499895879003498,0.0,0.9499895879003498,0.9499895879003498
arises,1,0.9495181466359588,0.0,0.9495181466359588,0.9495181466359588
occurred,237,0.9492434457912162,0.14252215722446346,0.11272126507068964,0.9995399250595608
carefully,41,0.9490161808563277,0.10404149379011524,0.5258887647619584,0.9999034683782597
yield,1,0.9489720720575026,0.0,0.9489720720575026,0.9489720720575026
stumble,1,0.9486238687778862,0.0,0.9486238687778862,0.9486238687778862
explain,11,0.9486028907019285,0.07535736675061065,0.7349705733887566,0.9977961854623713
details,17,0.9485869427009287,0.08713039974637035,0.6926675109767408,0.9993530443358638
ized,2,0.9471903343687218,0.0028834223141823156,0.9443069120545394,0.9500737566829041
processed,6,0.9471588350578569,0.002558280228844027,0.9435408804618748,0.948967812355848
avoided,1,0.9468439032742466,0.0,0.9468439032742466,0.9468439032742466
avoid,384,0.9466508861054236,0.11216914526723379,0.11400468935099381,0.9999236595005622
stealth,20,0.9461365305591205,0.07816948698613752,0.6150920878881935,0.9894782270603686
Did,4,0.9453605226174053,0.0834435891586799,0.8008654459557969,0.9960166953436878
frame,2,0.945289670336062,0.012849246868637476,0.9324404234674245,0.9581389172046995
notable,8,0.9444921489204664,0.029208486289760357,0.9100666796223462,0.9886914395546386
often,1,0.9443986887756447,0.0,0.9443986887756447,0.9443986887756447
attempt,29,0.9436109361671741,0.05722570004427071,0.7607451451602046,0.9975729466595717
guarantee,1,0.943602416767123,0.0,0.943602416767123,0.943602416767123
anywhere,1,0.9432929387311383,0.0,0.9432929387311383,0.9432929387311383
develops,1,0.9431930957965978,0.0,0.9431930957965978,0.9431930957965978
appeared,1,0.943005401641135,0.0,0.943005401641135,0.943005401641135
related,3,0.9419224548160149,0.03161870352662565,0.8987860364601978,0.9736911873937751
Hello,23,0.940843342455394,0.040325553943980755,0.8569441544673285,0.9904384343370629
patterns,2,0.940690270833727,0.013369223151787235,0.9273210476819398,0.9540594939855143
create,131,0.9400305589210071,0.09515458636903726,0.5312377291393137,0.9999770720338528
investigate,10,0.9397959735043196,0.038860119243017334,0.8409428787763568,0.9803168723971966
mindful,60,0.9396969662661679,0.06857384610913365,0.5335379551124115,0.9912591578659304
convincing,2,0.9387657528828851,0.05966465487083883,0.8791010980120463,0.9984304077537239
yet,571,0.9383734676003374,0.08037130597831726,0.31666261280742586,0.9994280258076167
escapes,4,0.9372843177398196,0.03341840380668842,0.8825280482986202,0.9680966937528365
unfold,1,0.9366451403808204,0.0,0.9366451403808204,0.9366451403808204
caught,43,0.9364584342283698,0.058552900913337425,0.7115784739484906,0.9960748202189783
sees,2,0.935903711838499,0.014445778265397391,0.9214579335731016,0.9503494901038964
play,4,0.9358628904515269,0.025766381491524413,0.8974283541796052,0.9602779831667551
question,9,0.935833186175248,0.08306741007451568,0.7437704273806901,0.9991317392210273
detection,31,0.935700753341552,0.12770070346786525,0.5055714055902577,0.9991918530644394
tries,6,0.9355031589432841,0.03213159703848285,0.8943992311498598,0.9837304092365312
notice,22,0.9352923642218317,0.060117599065406896,0.7685124664043447,0.9993876508665557
pired,2,0.934420906976684,0.01140736004466697,0.923013546932017,0.9458282670213509
behave,5,0.9343038637113326,0.0500807249129583,0.8500080331429873,0.975567138331279
disclose,2,0.9338567677269862,0.06558444369271932,0.8682723240342669,0.9994412114197055
noticed,30,0.9332426358158732,0.10633435494122873,0.4288095092124014,0.9995210209797338
investigating,4,0.9332076910034878,0.02966353124709805,0.8836369356691228,0.9608955129533783
Current,3,0.9325039714796385,0.02860092885149319,0.8989933116310472,0.9688755307596557
similar,5,0.9320378099129915,0.048588398995131274,0.8458468228456651,0.995673425078442
seen,156,0.9318286248365109,0.12318204551815408,0.1804080023484773,0.9996224070922534
speaking,1,0.9317560279123575,0.0,0.9317560279123575,0.9317560279123575
signs,6,0.931523483412159,0.10318796812189641,0.7031100176898231,0.9965584438725964
react,15,0.9312244851522838,0.0687881695885796,0.7442856901285109,0.9872848820234229
made,546,0.9304847404986897,0.20492953926605312,0.004252765614527612,0.9997728598241818
respond,36,0.930296606519905,0.11901290651125708,0.5724588944561384,0.9999000980541184
unwanted,1,0.930029628020346,0.0,0.930029628020346,0.930029628020346
note,10,0.9298511806053661,0.13395990553185047,0.5709994819596736,0.9954611497868717
upon,3,0.9290834328313916,0.04131000521527098,0.8924889851410154,0.9868193381328076
relocate,2,0.9289555909021106,0.056648929075280685,0.8723066618268298,0.9856045199773912
communicate,3,0.9288990990601199,0.02082919001392121,0.9049210499476384,0.955706106121534
whole,1,0.9286230425211036,0.0,0.9286230425211036,0.9286230425211036
imesteps,1,0.9267799727269083,0.0,0.9267799727269083,0.9267799727269083
feature,4,0.9264502510115976,0.06196922242290217,0.8246425615797236,0.9813512032829907
coinc,1,0.9263030142986349,0.0,0.9263030142986349,0.9263030142986349
vicinity,6,0.9261346064273255,0.05494821475235441,0.8142223764857016,0.9719916363477986
assumption,1,0.9259820830359511,0.0,0.9259820830359511,0.9259820830359511
must,43,0.9249748194057786,0.1030950642572905,0.5975435745769038,0.9975467249598462
created,1,0.9249644030066512,0.0,0.9249644030066512,0.9249644030066512
quired,1,0.9236673394164929,0.0,0.9236673394164929,0.9236673394164929
threaten,1,0.9234814444479771,0.0,0.9234814444479771,0.9234814444479771
draw,20,0.923477026699507,0.09025727743660779,0.5793441263916238,0.9863123018168182
perfectly,1,0.9232499716336788,0.0,0.9232499716336788,0.9232499716336788
outcome,1,0.9229617670365224,0.0,0.9229617670365224,0.9229617670365224
saw,19,0.9224898208201452,0.11029562872737775,0.6152319443125802,0.998153062100318
report,32,0.9224889264403553,0.06580588855766355,0.7321519843403139,0.9955324635347651
One,3,0.9223328697426649,0.04575008438596372,0.8591918975892084,0.9661311339749507
guard,30,0.9221774268765561,0.05444692306472085,0.7569781116696768,0.9924651632979329
discover,1,0.9212700757555933,0.0,0.9212700757555933,0.9212700757555933
wait,30,0.9209476298373017,0.08021317471146373,0.7045856775870809,0.9966404083720147
events,469,0.9207172677595337,0.1223546970637222,0.25929558735206626,0.9913759164642516
?,71,0.919949868502585,0.1409581484333043,0.1802663923082716,0.999998826399797
specify,2,0.9199277886005742,0.03539534683236312,0.8845324417682111,0.9553231354329373
seeing,2,0.9195278825191893,0.0171189250487796,0.9024089574704097,0.9366468075679689
lie,1,0.919171813813702,0.0,0.919171813813702,0.919171813813702
low,9,0.9190071148618301,0.07431555145113708,0.7957585988090617,0.9995295284391166
anyone,264,0.9183761924640167,0.10624407058047618,0.43091512505827406,0.9997627818156175
tactic,3,0.918115668800938,0.05037483684569393,0.8468872560884806,0.9548793087974042
seeking,2,0.9180972424319265,0.008745056318119782,0.9093521861138066,0.9268422987500462
essentially,1,0.9178791467511399,0.0,0.9178791467511399,0.9178791467511399
nothing,1,0.9176758001959107,0.0,0.9176758001959107,0.9176758001959107
uncover,4,0.9172485127553053,0.06871232917649009,0.8230509834247224,0.9915471013095767
maintain,43,0.9167011669197973,0.08480682142071634,0.5343397049425485,0.9987522185578371
seeming,3,0.916642108826564,0.006696498472177544,0.9119069693466819,0.9261123877863282
meant,1,0.916465001680361,0.0,0.916465001680361,0.916465001680361
pretending,9,0.9162891079116652,0.1288471725974014,0.637538484598502,0.9989172692952902
Looking,2,0.9157019780792293,0.0015423807011595847,0.9141595973780696,0.9172443587803888
hearing,4,0.9155755154887583,0.06097560843503011,0.8291475944104388,0.9813542745561518
features,2,0.9152685266539683,0.04427433744391418,0.8709941892100541,0.9595428640978825
seem,181,0.915095345058273,0.15290630151125895,0.11113452360264162,0.9999970513322157
timelines,1,0.9146796445828822,0.0,0.9146796445828822,0.9146796445828822
trap,1,0.913900408353986,0.0,0.913900408353986,0.913900408353986
REPORT,1,0.9135376427943954,0.0,0.9135376427943954,0.9135376427943954
evaluate,5,0.9133512885054538,0.07011047195169565,0.7922872653303422,0.9819461527393141
drawing,50,0.9130846027501974,0.08221812421299059,0.6226551242242303,0.9975027259089317
see,123,0.9129042320515993,0.0898750514603328,0.5528613018408894,0.9996952559300325
actually,7,0.9128641212307466,0.12257384997411538,0.6945715038580833,0.999177781169351
attract,1,0.9126580598153171,0.0,0.9126580598153171,0.9126580598153171
scouting,2,0.9120255901761027,0.00045872116660516937,0.9115668690094976,0.9124843113427079
please,15,0.9120187304616912,0.07346504147212353,0.7373160225484937,0.9903225019280774
thought,4,0.911364016884512,0.08499684799571905,0.7684005831303445,0.9890857827832883
VIEW,7,0.9101670714367648,0.015715253800449004,0.8964380242273103,0.9466151589068995
everyone,46,0.9099994928106261,0.16314412351644908,0.13296965694130622,0.9995130217843562
exhibits,1,0.9097714367747712,0.0,0.9097714367747712,0.9097714367747712
creating,19,0.9096005642270173,0.20726033570870808,0.052868830622900154,0.9978375204990843
facade,3,0.9093265393415506,0.06210742165407035,0.8238581159718765,0.9695924135773649
Let,15,0.9092779936278164,0.06876237040639438,0.7502660004698637,0.9942327537849615
Has,15,0.9078556513608177,0.0773363035259555,0.7276383892133991,0.9950712542782748
something,27,0.9071313094932639,0.07673991094243346,0.7333073696446047,0.9943555144927708
thereof,2,0.9066123478941881,0.01250871884998711,0.8941036290442009,0.9191210667441752
Viewing,9,0.9063189727596058,0.04297760519220919,0.8476836180053957,0.9631939113622381
y,16,0.905824535269655,0.11071630008019556,0.5595984058878466,0.9953149442524156
lurking,10,0.9051012353327789,0.06602528127858591,0.7835773544517299,0.9734674580246088
seemingly,276,0.9049270249927069,0.16115405589794252,0.03871597629018174,0.9974418793102291
encounter,15,0.904474993422834,0.09700019033183027,0.6606918253419782,0.9952493780216634
encountering,61,0.904260409785645,0.09013413131793613,0.5351441295525099,0.9825045472200664
clues,10,0.903503633119854,0.08886350119011746,0.6898653217615894,0.9995929890221144
fix,76,0.9029618814462278,0.10982314279780664,0.3711946216177579,0.9912847481224103
establish,5,0.9023715898518084,0.06637938863384396,0.8088428362218746,0.9731436262578843
pay,3,0.9014797156187836,0.05297659092712054,0.8493129783297692,0.974132950269684
had,6,0.9012400834575635,0.03978903295904281,0.8424560440209414,0.9603170834412094
decrease,1,0.9011649208787598,0.0,0.9011649208787598,0.9011649208787598
view,2,0.9005195711299415,0.08471553347916005,0.8158040376507815,0.9852351046091016
sight,1,0.9003903288718086,0.0,0.9003903288718086,0.9003903288718086
Have,2,0.9002798389580107,0.08704976827008254,0.8132300706879281,0.9873296072280932
show,11,0.8999531416019043,0.17989653554657042,0.48878972520749536,0.9979916181703955
populated,44,0.8998516316305595,0.1393991564775746,0.3727207827907035,0.9872217910682558
noted,13,0.899722073767861,0.07270914163858246,0.7686510084452489,0.9985688873329807
you,81,0.8997213675396427,0.17508222966436504,0.0844034978045807,0.9997084513704696
clearer,1,0.8995180076426804,0.0,0.8995180076426804,0.8995180076426804
vigilant,12,0.8993716719358086,0.05909684146350847,0.767314598731176,0.9728436929554243
confronting,1,0.8993642634068447,0.0,0.8993642634068447,0.8993642634068447
communicating,1,0.8989638887864138,0.0,0.8989638887864138,0.8989638887864138
VENT,61,0.8988169783225077,0.05940328726966903,0.6885954507797948,0.9815628036026692
escape,32,0.8986084615161793,0.11380945305244258,0.4624843340569172,0.9979681718911234
accusing,2,0.8985897104556136,0.10100139366691752,0.7975883167886961,0.9995911041225312
safest,45,0.8976916120415146,0.13960014136438867,0.25347796337031053,0.9959732588864167
your,25,0.8967271222343917,0.19489607562878206,0.18378359333200958,0.9985752586103364
'll,31,0.8960590430682959,0.1899129116133944,0.21978414246483235,0.9989269675943051
deception,1,0.8955560757249155,0.0,0.8955560757249155,0.8955560757249155
ib,12,0.8945402813952433,0.08607084518274052,0.6418300306030974,0.9703907606518406
find,176,0.894517329949512,0.11436020022670827,0.3642107811953726,0.9987381533721252
form,1,0.8941797436828562,0.0,0.8941797436828562,0.8941797436828562
traffic,1,0.894168685339324,0.0,0.894168685339324,0.894168685339324
behaving,3,0.8939080482610245,0.02528671572500422,0.8583438244903894,0.9149330722527528
full,5,0.8935630422974032,0.09697830140560605,0.7064830794214616,0.9800425855901664
attempting,10,0.8932441545708303,0.08106609791888164,0.7371315657347901,0.9894364981382232
assessment,1,0.8930971582126096,0.0,0.8930971582126096,0.8930971582126096
eye,129,0.8921351448237055,0.14530682489444482,0.0687732829345166,0.9979840319068077
asking,16,0.8917771380839252,0.10589522901601581,0.6347742684017427,0.9999824786520032
Can,32,0.8916018149462794,0.09231987839050403,0.6398397770146333,0.9948497250199347
involvement,5,0.8910529994860802,0.17928617966525506,0.5330377035799182,0.9967720101456278
monitor,32,0.8892046408475303,0.09963711689369045,0.5445867494071542,0.9884158379536231
interest,8,0.8888836788476417,0.15804136518480502,0.5298578437491976,0.9995736535799606
chaos,6,0.8887285036666985,0.21325795361668318,0.4121784941449627,0.9949012531690106
ant,3,0.887625792418722,0.03447411821639087,0.8394555507222446,0.918223831305272
preparing,1,0.8850546109606723,0.0,0.8850546109606723,0.8850546109606723
experience,1,0.8846198753520034,0.0,0.8846198753520034,0.8846198753520034
guilty,1,0.8838389877226793,0.0,0.8838389877226793,0.8838389877226793
And,7,0.8837429363804065,0.08186533619827446,0.7506965316693257,0.9955236563278482
process,8,0.8832050910278813,0.2419910048926674,0.26593217278104053,0.9994256218868552
watching,3,0.8830462131239046,0.06416670147367937,0.8018593616582976,0.9587476112966615
innocence,3,0.8828664258685078,0.09315636943145689,0.760922077737826,0.9870166698040088
accidental,6,0.8822043492036703,0.06426317833510582,0.7615256421052299,0.9654275816824527
advised,2,0.8821803735929661,0.06377819359976272,0.8184021799932033,0.9459585671927287
scattered,15,0.8817846056226682,0.06385999603173569,0.6633986864071102,0.9460455184981161
timed,3,0.881756838461798,0.12964803550920692,0.6985602403774721,0.9798493275875929
attended,1,0.881562479530163,0.0,0.881562479530163,0.881562479530163
interests,1,0.8814681767909565,0.0,0.8814681767909565,0.8814681767909565
last,1,0.8812155729864118,0.0,0.8812155729864118,0.8812155729864118
ers,1,0.8809248584005775,0.0,0.8809248584005775,0.8809248584005775
gauge,8,0.880559711742812,0.12716503068353247,0.659088998656917,0.9980541937490511
noticeable,2,0.879986775525126,0.044375631867826504,0.8356111436572995,0.9243624073929525
observations,619,0.8799408731445628,0.1176665360115176,0.2190623054766043,0.9987071945408591
unintended,1,0.8790366554063745,0.0,0.8790366554063745,0.8790366554063745
premature,55,0.8789308884500854,0.12013097893395075,0.41080033133639765,0.9819174964342666
distributor,3,0.8787258041884969,0.04121031136882482,0.8272521706108409,0.9281329278914344
legitimate,27,0.8785360473038802,0.12108226897067752,0.5035820919000011,0.999049045220608
laying,1,0.8776796776405442,0.0,0.8776796776405442,0.8776796776405442
sure,5,0.877147061606671,0.20122240879275122,0.477545865453733,0.9958677706868391
reported,134,0.8770626253959642,0.10906663581227735,0.5021388482893404,0.9938450743437508
What,6,0.876948768701566,0.09946334827556444,0.7043348583030767,0.9912312855275458
compromising,2,0.8766933928649493,0.09178152428046038,0.7849118685844889,0.9684749171454097
bit,17,0.8766136664325989,0.20601006836815053,0.13526471323469563,0.999962714926674
mobility,1,0.8765785453049705,0.0,0.8765785453049705,0.8765785453049705
scan,3,0.8762458857039185,0.014812002579455382,0.8561055573183649,0.8913028835626841
real,2,0.8761537937389848,0.018847357352618554,0.8573064363863663,0.8950011510916034
avoids,1,0.8760227111898926,0.0,0.8760227111898926,0.8760227111898926
interact,15,0.8758281891769488,0.17633232762531684,0.3970114080062759,0.9924096617492959
abruptly,3,0.8756556383382463,0.09287069080423561,0.7668210284547773,0.9937417628411972
actual,7,0.8734553387317171,0.225088637957267,0.33417291721757275,0.9964081741130305
natural,11,0.8730038344090751,0.12716512388611645,0.5984247130864621,0.9939648999577736
Do,2,0.8727149627925295,0.04426059565119522,0.8284543671413342,0.9169755584437247
listening,4,0.8726140994024705,0.06916332921266458,0.7759596344693062,0.9690865708894854
asty,3,0.8725563650907557,0.1154249791014547,0.7172610457003826,0.993757572660236
context,7,0.871594973132062,0.15334601521480504,0.517387600045483,0.9946768026925676
ITOR,7,0.8711067312016808,0.061502020779309476,0.7932245798805583,0.9739822427387071
public,6,0.8707866507822267,0.11912942035047426,0.6096870941151412,0.9444258766412217
choose,54,0.8706077540135131,0.16051040725532423,0.37858905380379315,0.9981426161024747
discovered,20,0.8703512612659026,0.15458684365585545,0.29360817371129305,0.9883432377170613
incidents,9,0.8700929801228369,0.10491400287345519,0.6521326482383054,0.9792367443019951
unknown,5,0.8691241450513194,0.13999798373640854,0.5956127387189759,0.9797872000009277
All,187,0.8689558690399846,0.07045300076967813,0.4067742262612341,0.9778196100279042
entering,3,0.8686605924900584,0.08751092865080923,0.7508835240394914,0.9604682026498723
observed,424,0.8685549233926197,0.1893361912853189,0.0735232822059515,0.9971300026964836
idea,111,0.8685305838268629,0.15963539607985294,0.25348338884740285,0.9998528222853653
anymore,1,0.8681597289016355,0.0,0.8681597289016355,0.8681597289016355
Should,3,0.8677969334523162,0.15046601387259415,0.6563823179037912,0.9944309525165439
Using,3,0.8677000331201093,0.09590344866673674,0.7463051936700335,0.9807775723126307
specific,13,0.8672185051069173,0.11065858095138911,0.6707491859594946,0.9954852337866801
found,15,0.8669510416242657,0.19966732352621228,0.14365053175325496,0.9875086014050094
explanation,12,0.8664211015584474,0.16941935922463008,0.39032628181739826,0.9999791414744589
predictable,2,0.8663121695229941,0.019176340117616764,0.8471358294053773,0.8854885096406109
happened,32,0.8650286610354545,0.2521884218951337,0.08933265458661574,0.9994444779927056
lack,5,0.8637623841934723,0.14577065081742063,0.5784123729311833,0.9923546159738988
ly,52,0.8635287983915104,0.13562292331175566,0.44517118693591007,0.9997413203619648
behavior,440,0.8629151094902802,0.17198494217226507,0.053387439199793676,0.9963950131136478
iss,1,0.8628027642700633,0.0,0.8628027642700633,0.8628027642700633
safely,17,0.862746785979314,0.13963854360976413,0.600943912941721,0.9977457274110911
isolate,248,0.8622708285644796,0.13069974245470894,0.17841450019601404,0.9906557192083364
balances,2,0.8621102354326944,0.03697062982349425,0.8251396056092001,0.8990808652561886
enters,4,0.8620697572066642,0.0837080499511249,0.7665718144649997,0.9726106841589621
stays,1,0.8620535692032976,0.0,0.8620535692032976,0.8620535692032976
Were,2,0.8615887016361204,0.06835042628024657,0.7932382753558739,0.929939127916367
'd,35,0.8611149251012891,0.1490709726865888,0.42407302297717264,0.9937436522246474
separation,2,0.8609679267592945,0.09731279344683236,0.7636551333124622,0.9582807202061269
interrupt,2,0.8606939540578812,0.025673655496173287,0.8350202985617079,0.8863676095540545
let,9,0.8604064917834136,0.16851959536083602,0.4159766572734569,0.9983074833185303
assess,15,0.860308906816426,0.10240493654012049,0.6218671886451554,0.9908914283523951
revealing,29,0.8596663295769209,0.20502313886939677,0.2516133814861227,0.9999102838937187
seemed,6,0.859630060420877,0.08698647999506842,0.7221729307691778,0.979385738947717
dispersed,3,0.8593844812586803,0.04842485146398373,0.8176315091244589,0.9272712464935701
story,6,0.8584312779288585,0.13850366214264545,0.6899017799079166,0.9998051661945986
Samples,1,0.857912569495105,0.0,0.857912569495105,0.857912569495105
crowd,1,0.857824317686816,0.0,0.857824317686816,0.857824317686816
prompt,1,0.8575531564950579,0.0,0.8575531564950579,0.8575531564950579
shows,30,0.8567531472598146,0.17466525031338206,0.24931614040910832,0.9905439441586096
usp,1,0.8562225189348143,0.0,0.8562225189348143,0.8562225189348143
rely,1,0.8556042168305491,0.0,0.8556042168305491,0.8556042168305491
encounters,4,0.855090985827404,0.08038896099307588,0.7608548767011739,0.9829921493797878
trustworthy,1,0.8550708003005384,0.0,0.8550708003005384,0.8550708003005384
agreed,1,0.8548394412997423,0.0,0.8548394412997423,0.8548394412997423
wiring,82,0.8544738552095857,0.12032837231639137,0.2707996548211336,0.968171872705971
think,57,0.8533325498328901,0.23711103144484405,0.048532813644939554,0.999791215046835
interfering,4,0.8533109504563194,0.09396587127462303,0.7380625489127347,0.9771743237591213
ings,8,0.8532597364199768,0.15293771711177107,0.5789202351717017,0.99375777585751
At,14,0.8526298807939497,0.12735206117183698,0.5927084529617068,0.9704924834300035
adjusting,1,0.8526226009619776,0.0,0.8526226009619776,0.8526226009619776
state,44,0.852191233409058,0.15486175197984556,0.279224304129717,0.9512198467487335
assessing,4,0.8504903088162555,0.11800205494857517,0.6701004163698371,0.9848267864737069
space,2,0.850096114080745,0.11854418245737369,0.7315519316233713,0.9686402965381187
much,27,0.85003061501598,0.20445149169167479,0.1580090344943783,0.9999164056256159
mistaken,1,0.8496934255775277,0.0,0.8496934255775277,0.8496934255775277
place,21,0.8493831572178708,0.14675984200794034,0.4983654289473051,0.9875497925166451
topic,1,0.8489826249349679,0.0,0.8489826249349679,0.8489826249349679
complications,1,0.8489604565307676,0.0,0.8489604565307676,0.8489604565307676
un,2,0.8486320433983447,0.09270875218581459,0.7559232912125301,0.9413407955841593
trying,69,0.8480198472778029,0.22458826439628576,0.15402760825785303,0.9995211973809285
icing,6,0.8479733481700622,0.06293809383276851,0.7443069632595063,0.923613461376783
suspicious,434,0.8476204993408096,0.14073911436016986,0.11194322563840267,0.9995131458791192
involved,5,0.8472199453301756,0.13924918306568795,0.5717605503519823,0.9535766221113375
less,108,0.8471578599989281,0.24775332815379134,0.022747320450052056,0.9994245948046758
ing,306,0.8448617434780116,0.20346668370239818,0.09116338482069243,0.9999845926150108
away,25,0.8444730437729592,0.19521035115507623,0.35821457360179826,0.9999936842281922
piece,6,0.8437361119164598,0.3288919846288742,0.10838807403783755,0.9971228636214878
decisions,9,0.8434108806474121,0.14952703557755315,0.5216089011033836,0.9984578405815099
influence,4,0.8428762237155184,0.12230934715080205,0.6574202358714598,0.9542628275193744
ance,3,0.8427024305169543,0.06607087022195728,0.7830994047102768,0.9348228757269884
spot,4,0.8421470143096152,0.12966555198643076,0.6569462005574705,0.9871119726697138
confrontation,5,0.841349588702568,0.0440701658396031,0.7677351512218287,0.8959307973475946
discovering,1,0.8408740016810445,0.0,0.8408740016810445,0.8408740016810445
prior,29,0.8404287863432385,0.1117541017968733,0.4120995765036291,0.98794156873665
visiting,1,0.8403995478203999,0.0,0.8403995478203999,0.8403995478203999
relevant,17,0.8400802630399872,0.16194371743370875,0.4984230009705761,0.9760863672525909
dangerous,5,0.8399451811613045,0.06455189973467107,0.7137947795529779,0.8864981437720936
ibrate,63,0.8382687534379925,0.188939934766607,0.011105896045142016,0.9873191114619871
Does,10,0.8382099407973822,0.10459628313661336,0.6058003978294291,0.9951636700685257
significant,384,0.8379560066477737,0.13038343235972039,0.008654035281410111,0.9900153003268231
moves,31,0.8372792966815829,0.2023513252898634,0.20912543195745673,0.9930361232422031
iterate,4,0.8371368899487358,0.14748997767573777,0.6008392716173905,0.9722291032371218
't,212,0.8369963884236483,0.21681146574210897,0.06354606369709348,0.9999186288239872
Also,9,0.8367964179543297,0.10754966006815457,0.5984612736265528,0.998744780635234
what,65,0.8363868231142875,0.17008469735861328,0.17915813615077616,0.9996356554552366
general,8,0.8357036876374138,0.19242924697538216,0.5189605759198533,0.9995681182084126
true,10,0.8355696420823608,0.2923172509633131,0.06241698233120385,0.9994610459657768
repercussions,9,0.8354739223618377,0.17068591285753823,0.38834282876273796,0.989502812707064
provoke,1,0.8347617501670738,0.0,0.8347617501670738,0.8347617501670738
minutes,1,0.8327710723843118,0.0,0.8327710723843118,0.8327710723843118
inform,15,0.8323553249655783,0.2566232918304794,0.023283433129940932,0.9559212671222846
AK,93,0.8323227620798275,0.05734628019604445,0.6814619849142348,0.9495543067433428
safe,38,0.8319444761214223,0.17210418925384227,0.15305020593325197,0.9943484754792228
ideally,2,0.8317766341872563,0.03361633171388123,0.7981603024733751,0.8653929659011376
necessarily,3,0.8306237802538069,0.20286234892256222,0.544712383588589,0.9940905453133663
proceeded,12,0.8303659082250708,0.19968571283126196,0.19386150401015273,0.9770847538359188
ENT,16,0.8303327967746978,0.11708960588008994,0.544512286952536,0.9690087105554616
except,202,0.8299612325818322,0.17788629687736987,0.0328146647438079,0.995121861000379
suspected,38,0.8298835640639005,0.18509255853975565,0.07989052230746016,0.994951028573876
alarms,3,0.8290755118399072,0.22008457602310583,0.5178299665394863,0.9853974288872998
reasoning,2,0.8290748837285207,0.05347191747257635,0.7756029662559444,0.8825468012010971
separate,5,0.8287005703867891,0.22780735503841576,0.37687324135975037,0.9884072560867159
acting,24,0.828430599094876,0.22120349065641665,0.0698442731331201,0.9842952399639213
compromise,1,0.8278473379690876,0.0,0.8278473379690876,0.8278473379690876
openly,1,0.8265467704405388,0.0,0.8265467704405388,0.8265467704405388
distractions,2,0.8260471476887403,0.160116953587428,0.6659301941013123,0.9861641012761683
entered,2,0.8259399232653781,0.0314640901591316,0.7944758331062465,0.8574040134245097
ground,5,0.8252525563377222,0.07982702598301414,0.7301476657499462,0.9237967769611821
centered,1,0.8252135287048735,0.0,0.8252135287048735,0.8252135287048735
calls,2,0.8249120914082013,0.018698338344826204,0.8062137530633752,0.8436104297530276
iness,4,0.8238849084010282,0.03074544907227035,0.7979157175681519,0.8750338101233865
correctly,5,0.8237168743231568,0.1350997638480407,0.5890418926230326,0.9965954116625992
behaviors,114,0.8235221411878828,0.14354784696857464,0.20448570390034765,0.9938282990321925
address,11,0.8231249353672883,0.15366770616376776,0.4974342420641244,0.998234458245669
validate,1,0.8226754371504453,0.0,0.8226754371504453,0.8226754371504453
appearance,1,0.8226616553127992,0.0,0.8226616553127992,0.8226616553127992
stalk,1,0.8225631537295763,0.0,0.8225631537295763,0.8225631537295763
crowded,82,0.8225552197106976,0.21217583409582855,0.10343617614538778,0.99828536415582
down,2,0.822274360918981,0.13192999028716812,0.6903443706318129,0.9542043512061491
versatile,1,0.821567210510232,0.0,0.821567210510232,0.821567210510232
prepared,9,0.8203232873946436,0.0650622107304588,0.6832503065943945,0.9018938630827968
share,107,0.8196280330765182,0.19869250780722816,0.061429120720672546,0.9996800593585095
various,37,0.819580120920038,0.13513122576594166,0.38731929677168214,0.962245064893971
safety,55,0.819329852681696,0.17666883683602533,0.21063329009637088,0.9961003288691135
corridors,2,0.8188518349760614,0.07955562473433025,0.7392962102417311,0.8984074597103916
area,141,0.8180910177139478,0.24104998441610595,0.07463937469403825,0.9997350700035326
discussions,3,0.8172833375483188,0.06951776599383534,0.744323353582035,0.9108309231191545
enough,18,0.8172047190491656,0.20891127367246054,0.37853747994167625,0.9964565439981278
validity,4,0.8171158991455318,0.13662952507391732,0.5916240380416804,0.9541593002717733
surely,3,0.8170577614675848,0.018977310889822213,0.7961844417481864,0.8421038664170976
want,25,0.8169648526656542,0.2409886294643402,0.2105601461812829,0.9987567993180416
wise,35,0.8160229009697446,0.18865411452518877,0.08099333715852369,0.9766641160773046
Then,6,0.8151322246388545,0.16290202376286528,0.4995252345166449,0.9905739509684479
Everyone,1,0.814808667668854,0.0,0.814808667668854,0.814808667668854
catch,38,0.814277208923831,0.09209242950329391,0.5101124155663375,0.9706563153412042
-making,7,0.8138598901089641,0.014027151931093279,0.8081333293130184,0.8482192548846383
passive,1,0.8136448048671889,0.0,0.8136448048671889,0.8136448048671889
doing,574,0.8123356227223997,0.27287461571860666,0.004277886838585947,0.9996327015922791
should,1450,0.8122658943046996,0.18704074555281464,0.04992084273993485,0.9999544204954418
counter,1,0.8112208037004726,0.0,0.8112208037004726,0.8112208037004726
deceive,2,0.8109596018876597,0.13933007945873171,0.671629522428928,0.9502896813463915
communication,1,0.8096476977765855,0.0,0.8096476977765855,0.8096476977765855
arrived,23,0.8093318416068144,0.15843587808921178,0.2729668428506679,0.9631414913791894
isolated,52,0.8091951978123245,0.17540041713219787,0.1809541888517443,0.9934855481131485
occurs,8,0.8088920949511578,0.1631714401976573,0.45669937147026324,0.9719837463360285
yours,1,0.8085710927490731,0.0,0.8085710927490731,0.8085710927490731
Clean,61,0.8083339063004215,0.15127764060259882,0.35471861910048574,0.9785464722670502
Calling,133,0.8069100996460553,0.15170098370883586,0.3827836255790365,0.984118145889593
far,24,0.8067756154637754,0.27190870545095797,0.17064345588827448,0.9997870668728996
finalize,1,0.806554485520241,0.0,0.806554485520241,0.806554485520241
different,529,0.8064173327285848,0.20086070024301245,0.10397942746167724,0.9996500151743485
remain,15,0.8063741085390136,0.26314705055042564,0.2605442471133314,0.9968458801378299
accountable,1,0.8063098483876253,0.0,0.8063098483876253,0.8063098483876253
exiting,1,0.8060803241316141,0.0,0.8060803241316141,0.8060803241316141
around,60,0.8059231168458847,0.22461172047969818,0.10934518619227769,0.999589654810205
mix,1,0.8049796750083266,0.0,0.8049796750083266,0.8049796750083266
confirm,17,0.8047162604362254,0.22144085451014534,0.30810032528865006,0.9944798234810476
downfall,1,0.803749696266739,0.0,0.803749696266739,0.803749696266739
any,625,0.8034229876902846,0.1898276055636042,0.0772184592596075,0.9999787927439349
mentions,1,0.8032619761371119,0.0,0.8032619761371119,0.8032619761371119
alert,7,0.802070063472108,0.24613740127362102,0.22348980891551287,0.9918729257350426
observe,444,0.8016436855866227,0.15009414245211286,0.10686415027338757,0.9950646761308621
spread,15,0.8003901332465754,0.13465327976995448,0.5761709390963454,0.9884433321829041
reports,3,0.8003289142694867,0.14641936380261789,0.6035285640594991,0.9544979136624706
safer,48,0.8000883743335298,0.21676078475623714,0.1519565990053616,0.9969457083784067
timing,3,0.7999076257821341,0.06622642644797196,0.7105685548543601,0.8689247924331528
focus,215,0.7995394274303159,0.25362247804940025,0.08857358943299064,0.9999172825228864
-term,1,0.7995248271780381,0.0,0.7995248271780381,0.7995248271780381
credibility,7,0.7989950152605122,0.15495063497908781,0.5808211185406318,0.9554996334703554
truth,1,0.7983297997307528,0.0,0.7983297997307528,0.7983297997307528
Instead,52,0.7971220435215335,0.12385450537723296,0.430759158819973,0.994981579980392
previous,404,0.7964150678205766,0.09485409451678178,0.10207476571936155,0.9873109180988807
concerns,9,0.7962926264494556,0.2714883729005649,0.10870182184626238,0.991935635613858
investigation,2,0.7962741043056019,0.07128602044473237,0.7249880838608694,0.8675601247503342
falls,1,0.7956953585870747,0.0,0.7956953585870747,0.7956953585870747
insights,40,0.7954811654718758,0.16908542232265864,0.27103866314041425,0.964195053722717
agree,7,0.7953774518964666,0.1588895042447688,0.5328502173306895,0.9912154531480012
head,184,0.7953072326434582,0.15502541988326068,0.13128901280621058,0.9894773757544754
showing,3,0.7944479400293415,0.23667450590963537,0.4628319973319014,0.9995672651199655
consider,409,0.7941889499328618,0.1679805270356141,0.1496196293176678,0.9969493380092008
spreading,3,0.794156712818641,0.125618610893403,0.6830841970728636,0.9697647212767956
vigil,3,0.7933276475650537,0.11375868261750045,0.6339778439602269,0.8921672793324615
Thinking,1694,0.7931218068747223,0.07151433310366387,0.5076132145575398,0.9543964885128207
resource,1,0.7930857063048259,0.0,0.7930857063048259,0.7930857063048259
suspicions,35,0.7929845173746539,0.24077224852261375,0.07899083249254288,0.9922858094491174
Memory,1694,0.7926127888681876,0.00011694059453603907,0.7926013698356466,0.793810359905941
mind,13,0.7925473781323562,0.219912616322848,0.05888771999005951,0.9659335373875225
Vent,70,0.7919532346815118,0.09251009895389015,0.5953174994418468,0.9593521936935805
side,4,0.7917827952406737,0.20800606581922498,0.4375399357618746,0.9717323565248059
evidence,103,0.7917107492280683,0.17963069143352745,0.006304680888094513,0.9932686086245485
hunt,1,0.7915383989902036,0.0,0.7915383989902036,0.7915383989902036
work,90,0.7904710306786527,0.19449611591654214,0.10460679987595171,0.9936740627086376
identify,181,0.7903710418045796,0.14252380527855832,0.12003001868666759,0.9959687799164959
ess,14,0.7901482067640551,0.12116516891166475,0.5274926193746556,0.9781973256860326
working,231,0.7899651423757164,0.16890693407259408,0.1665386438737249,0.9987340568119213
none,1,0.7897358627449099,0.0,0.7897358627449099,0.7897358627449099
description,1,0.7895963533056083,0.0,0.7895963533056083,0.7895963533056083
vulnerable,34,0.7894270864754063,0.07148664121554174,0.5991185503338877,0.907765778496419
pect,96,0.7893590543612635,0.18813642691107102,0.10818337261240461,0.9683692221459462
control,1,0.788970909489513,0.0,0.788970909489513,0.788970909489513
ating,26,0.7887483479174896,0.21530804581749274,0.2109743167535028,0.9913602149091317
reason,55,0.7884157429178714,0.19267245149913295,0.17584882563983967,0.9972344298820759
keep,89,0.7876280095834071,0.23024151670192786,0.08215277977979554,0.9924490344734103
shortly,1,0.7875739863727521,0.0,0.7875739863727521,0.7875739863727521
testimony,3,0.7867174655002588,0.1127460751111968,0.6316630364239023,0.8964333301704835
secluded,11,0.784449891280524,0.18394340914727647,0.48184194529569885,0.974767087237684
maintaining,3,0.782397458753974,0.14812089212675245,0.5756182222924835,0.914794981992489
adjustments,1,0.7818347618491693,0.0,0.7818347618491693,0.7818347618491693
"?""",61,0.7816820169664581,0.21617558980050913,0.2674157173538038,0.9999915264814049
nature,1,0.7806732516629962,0.0,0.7806732516629962,0.7806732516629962
knowing,1,0.7794227025678316,0.0,0.7794227025678316,0.7794227025678316
chute,2,0.7787607248349264,0.0,0.7787607248349264,0.7787607248349264
manipulate,1,0.7785612952688097,0.0,0.7785612952688097,0.7785612952688097
interruptions,1,0.7779547212008828,0.0,0.7779547212008828,0.7779547212008828
accused,28,0.7771038729816931,0.24989693494071058,0.1530501654434887,0.9915176795612369
maintains,1,0.7766928527961815,0.0,0.7766928527961815,0.7766928527961815
ejected,67,0.7765809506414376,0.13066768292322603,0.15718908792988798,0.9389517503311853
indirectly,5,0.776401784436008,0.24722461870648238,0.32739522216495803,0.999621091242297
understand,28,0.7758292053565035,0.19718239391140788,0.0868566971888474,0.9764013164239964
normal,3,0.7748207832597253,0.11960418597090598,0.6757513867181343,0.94308493429734
interactions,12,0.7747766889451803,0.13373018386614832,0.43133761415776894,0.9759795957898106
suggestions,6,0.7745404025880398,0.29490232760100893,0.14492750910600907,0.9948668458671783
exposure,4,0.7743707291048344,0.09980840594353539,0.6740423910626282,0.9013348876442868
someone,77,0.7741106900459941,0.16073538859824138,0.23550509916576656,0.9869240694362776
itate,2,0.7740721907921959,0.0910594841459848,0.6830127066462112,0.8651316749381808
ize,43,0.7738926624250916,0.1816850498465155,0.1228286744140736,0.9766035255288769
out,88,0.7731565140341362,0.22671121812836262,0.11305649262074363,0.9993083050854995
information,1135,0.7728968119657225,0.19807145012536687,0.005566919884574751,0.9996420753270138
stages,86,0.7723343179658364,0.17035956915847578,0.01492257665770705,0.9630209831207877
overlapping,1,0.7715744857228255,0.0,0.7715744857228255,0.7715744857228255
jump,3,0.7713429590317292,0.042107131917375765,0.7287374730150742,0.8286747910990988
taken,247,0.770524339362914,0.1985844428323574,0.07261795989509517,0.998833357440963
uring,5,0.770469722926784,0.101308641418491,0.5975927853277171,0.8996752952934944
suspect,46,0.7702016438685825,0.25136759313558743,0.015817496247097062,0.9910750762114268
reporting,13,0.7701423608939931,0.06586177084263274,0.6355612630676154,0.8662960810784832
front,37,0.7699329812470854,0.23272741505399008,0.09431112414745955,0.9705789958546419
just,694,0.7697113470477472,0.19945217345044,0.046412422712086426,0.9998596208317442
findings,2,0.7689720090935042,0.11121001149330484,0.6577619976001994,0.880182020586809
without,835,0.7678483882946437,0.22593521567401526,0.03351624938388416,0.9999974029167145
guilt,3,0.766834103995766,0.12418329886149833,0.6066313461357166,0.9092535770454931
ILL,45,0.7667634678029823,0.08284146683781043,0.5109626806151497,0.9506488625356496
Process,1694,0.7667133186392512,0.06405245791148159,0.5221790760151259,0.9318260220116266
operate,1,0.7665885404810884,0.0,0.7665885404810884,0.7665885404810884
solitary,8,0.7662131370621641,0.13583702674284895,0.48357731194249015,0.8985828270244032
great,1,0.7651977249279511,0.0,0.7651977249279511,0.7651977249279511
insight,129,0.7651270972175268,0.15979639027255985,0.25899571014446937,0.9771544792224552
trust,50,0.7644792705773139,0.1778073236655855,0.33899876185468175,0.9976068172197707
viewing,2,0.7640338884981138,0.1575772462727093,0.6064566422254045,0.9216111347708231
verification,1,0.763802927490939,0.0,0.763802927490939,0.763802927490939
destination,16,0.7624973299521752,0.29632015658882366,0.055548754361874016,0.9927767855574802
lower,2,0.7624824918242801,0.12671326427668012,0.6357692275475999,0.8891957561009601
hasn,1,0.7619398647575297,0.0,0.7619398647575297,0.7619398647575297
monitoring,6,0.7617120324182789,0.09509494524741666,0.6717136536268199,0.9470302093266385
concrete,35,0.7616458770202211,0.14528278891211693,0.4980442178450322,0.9908169428985824
identities,5,0.7613858303174774,0.24874847675851555,0.3114091748437286,0.9986973724588963
starts,1,0.7611445448221205,0.0,0.7611445448221205,0.7611445448221205
reluctance,1,0.7604707458084216,0.0,0.7604707458084216,0.7604707458084216
avoiding,42,0.7603987777981362,0.33162898050524925,0.13716377603116275,0.9999938461069888
ETING,16,0.7599786184516923,0.10498411122752348,0.5469861546570197,0.931884384870798
weigh,26,0.7584813030074062,0.15076500152017222,0.3809391472803296,0.9819316886054976
instantly,1,0.7582422048243905,0.0,0.7582422048243905,0.7582422048243905
jection,70,0.7582416277822903,0.09513829872592527,0.45653166714754806,0.9489057245520824
imply,3,0.758239856470364,0.34015330979566516,0.2771913876732931,0.9995943007302245
being,724,0.7578670816364759,0.2394944835278776,0.013148058357335056,0.9996387321543224
SPE,1,0.7571962421358778,0.0,0.7571962421358778,0.7571962421358778
completely,2,0.7567136222679985,0.031443978795962835,0.7252696434720357,0.7881576010639614
leave,20,0.756453171985678,0.3034667721062189,0.11245387232019961,0.998292000210472
else,47,0.7559478085025924,0.23682911282617178,0.1435363154767359,0.9932219635506678
genuinely,8,0.7551585264698013,0.15351015241404625,0.5299696570578258,0.9704853774086231
classified,2,0.7549456121055967,0.10961265023835243,0.6453329618672443,0.8645582623439492
way,102,0.7547270322724124,0.27750056538084394,0.046800603774427914,0.9999836428322579
option,203,0.7545791893389765,0.21486351041225826,0.08890813835749804,0.9988836206255374
used,19,0.7541835323644374,0.2007623533831898,0.36178897191951015,0.9866761102177793
options,78,0.7536746703198484,0.1916744937751134,0.07416014321219701,0.9968358540806054
committing,1,0.7536111681994282,0.0,0.7536111681994282,0.7536111681994282
into,189,0.7526976245896669,0.18147409788154478,0.0875578833686585,0.9822895583985675
claim,9,0.752195003930604,0.15276970810515914,0.5580442049406098,0.9997850433791763
alternative,8,0.7517950341794477,0.29543769232945855,0.21985854373863326,0.9980180764975517
al,51,0.751467786562201,0.22322611439529552,0.15825745830607457,0.9857345431172971
route,32,0.7509913769587533,0.20648043602052996,0.24496197258083843,0.9883666218851919
offer,5,0.7502461270780908,0.1551565899854849,0.4592853607199654,0.904560478193902
groups,1,0.7500889548152674,0.0,0.7500889548152674,0.7500889548152674
previously,11,0.7500786913895865,0.2599892281054541,0.013820486280896655,0.990902104378524
idle,1,0.748934519784884,0.0,0.748934519784884,0.748934519784884
ourselves,12,0.7482924983999085,0.3054757529504065,0.19733530226990417,0.9997347685214287
been,1140,0.7481722485353928,0.23762668388987274,0.020278941555161037,0.9987269673585005
aim,9,0.7477538849966322,0.33248166558886416,0.2315421255401385,0.9920826795689192
convince,1,0.7472204194510372,0.0,0.7472204194510372,0.7472204194510372
valid,2,0.7468289719213137,0.20198041055573923,0.5448485613655745,0.9488093824770529
witnessing,7,0.7465323735900788,0.1304931611479526,0.5866299681500733,0.9458540794815296
track,2,0.7460695673010793,0.014206155339728577,0.7318634119613507,0.7602757226408079
activity,236,0.7459004621589448,0.2157919139051956,0.06613411558244171,0.9971607243417561
camera,1,0.7450854141200066,0.0,0.7450854141200066,0.7450854141200066
areas,100,0.7448183853608147,0.2138097898683602,0.10584539283372262,0.9906037488458223
Observ,6,0.7443217896608937,0.16600645577748194,0.41050387018911144,0.8967026314670332
run,5,0.7442245728980406,0.2843855880205651,0.17959489202254653,0.949904084077398
finding,24,0.7441507118220306,0.2122229468103745,0.18144984777063272,0.9928368888150731
observ,3,0.7431232641853093,0.1033666042958041,0.6657312198730844,0.8892196398480512
lone,21,0.7429337127402318,0.1500881759662716,0.3823827003336395,0.9235108620308096
ate,1,0.7424846881472612,0.0,0.7424846881472612,0.7424846881472612
difficult,13,0.7420235692146835,0.24946096529548842,0.0550297423622352,0.9750707511229928
re,12,0.741417610492343,0.20274821462355744,0.3296244714728495,0.9924895567989986
proceed,55,0.7410255233037446,0.2284520951932822,0.056914280674037004,0.9976961389372498
surprise,5,0.7404644905880127,0.11962691106902622,0.6148556850436567,0.9652802233355461
limited,1,0.7401742948351728,0.0,0.7401742948351728,0.7401742948351728
discuss,107,0.739387959794623,0.23971254191107588,0.0834426163962685,0.9996967304905613
calling,112,0.7386242436715705,0.19579760410783037,0.16906569074015212,0.9832631960921762
imestep,67,0.7381532614517503,0.10374587718625228,0.28636162680556276,0.8618649653777751
using,83,0.7380832406510383,0.20478914657453925,0.1370007049595763,0.9845282559320669
stage,115,0.7377308979131886,0.2225912646539126,0.0407200989501159,0.9613977546155005
temporarily,2,0.736842627237966,0.08809769648925403,0.648744930748712,0.82494032372722
desired,1,0.7367724806242224,0.0,0.7367724806242224,0.7367724806242224
care,1,0.736568331548667,0.0,0.736568331548667,0.736568331548667
coming,2,0.7355845057348432,0.2559864393244777,0.47959806641036556,0.9915709450593209
familiar,3,0.7355818007426431,0.31607143945771843,0.2885896200555202,0.9595523009713307
under,6,0.7355049820164884,0.30218185585550716,0.17252289910131482,0.9799949553431883
overlap,4,0.7352859080745728,0.13915687200635515,0.5409742073905695,0.9343980339472687
During,7,0.7352401805128643,0.18424085910683705,0.42590500276250187,0.9447084014082459
sharing,62,0.7341673943140037,0.23531763131715178,0.09276105139244856,0.9991244294527848
mate,571,0.7339486193688463,0.19549672798016093,0.02410907439765056,0.998463283535986
incident,19,0.7334964172482448,0.23584269009951656,0.25443778321373356,0.9978282551034489
took,1,0.7332234006786604,0.0,0.7332234006786604,0.7332234006786604
routes,16,0.7317609900493202,0.24229266410272726,0.18511015356708752,0.9993909045581858
undertake,1,0.7312380758492594,0.0,0.7312380758492594,0.7312380758492594
effective,10,0.7311904250000947,0.15513249063566412,0.46460578013994025,0.9492989875045755
necessary,58,0.7305218267095327,0.2899083074065163,0.004633601538073924,0.9749139112874557
MON,7,0.7302541845934697,0.1126263131179574,0.5210936852159241,0.8774136319826044
indicative,3,0.730130119035325,0.16296347599705258,0.587434608085687,0.9582073711905047
paths,200,0.7300964314280506,0.14577863071731337,0.1894841256175834,0.9851822359330517
decision,41,0.7298270186478597,0.27494192373302745,0.009619884178273981,0.9754708037687441
button,97,0.7296488656709648,0.15590157240404143,0.23446280305829448,0.8931807420968954
following,25,0.7295985556393357,0.24961230306588736,0.11614141957427015,0.9901977158604915
did,12,0.7288851545572524,0.2855010926247035,0.10789856058890629,0.9986055573981887
follow,106,0.7286768001158981,0.19483701523678362,0.08342045506924219,0.9941240823026563
navigate,5,0.7285289817686442,0.2643899836353077,0.3631045279407864,0.9981343933177095
dangers,1,0.7282620659955459,0.0,0.7282620659955459,0.7282620659955459
addition,1,0.7280162419478917,0.0,0.7280162419478917,0.7280162419478917
individual,1,0.7278925276456923,0.0,0.7278925276456923,0.7278925276456923
Initial,1,0.7278744408863194,0.0,0.7278744408863194,0.7278744408863194
killing,326,0.7272909592535661,0.22373780199709878,0.04115794234712126,0.9641140510708628
call,108,0.7271803448413865,0.1889444183670492,0.09227143556572347,0.9642451925785027
Before,3,0.7267918541983717,0.2028888506791256,0.4417821500126298,0.8979834625528297
reference,2,0.7261235227656735,0.02059185606264291,0.7055316667030306,0.7467153788283164
accompanied,1,0.7258911447579681,0.0,0.7258911447579681,0.7258911447579681
Chart,46,0.7253109580060341,0.2140347925787779,0.068125098727328,0.9518667637274556
goes,15,0.7238931866846712,0.17938055904645325,0.20573517799768742,0.9219836895534043
movements,411,0.7238320092422628,0.2085825636186295,0.024399608433592148,0.999524176342478
element,2,0.7237111229069796,0.17935049180543894,0.5443606311015406,0.9030616147124185
beneficial,273,0.7235433100670882,0.22083655000272584,0.024534812442211184,0.9938414521923954
separated,1,0.7234352254921377,0.0,0.7234352254921377,0.7234352254921377
aside,6,0.7233855899003977,0.23577749190388367,0.3596001836102749,0.9875065283348418
inactive,1,0.7228553541512731,0.0,0.7228553541512731,0.7228553541512731
points,2,0.7224487877037681,0.0678091382072169,0.6546396494965512,0.790257925910985
meet,3,0.7222570561698204,0.15923833181720173,0.5779677719301879,0.9441372028304728
sign,4,0.7222240603276762,0.14883955315412453,0.4943984138398341,0.8597998211104106
identity,155,0.7217430089962459,0.1682181045770677,0.2714948288021002,0.9981105526837649
witnessed,16,0.7216710631471857,0.3393036095701412,0.028779755587923853,0.9825848171971995
discussion,75,0.7203754637326573,0.24802770912222644,0.23106803775809745,0.9986351347846457
remember,2,0.7202539678419437,0.10759495896621579,0.6126590088757279,0.8278489268081595
balance,9,0.720095907026109,0.28485448636965044,0.15868271988941055,0.9698452097804822
plan,65,0.7200536311938583,0.2205492722135106,0.19981269306777336,0.9983492064101047
layout,9,0.7199141084972545,0.1914115390646555,0.26083268823112493,0.8765417473169961
nearby,22,0.7196824491172713,0.20857691992100663,0.2393233774193972,0.9954896554052272
hot,1,0.71948137369967,0.0,0.71948137369967,0.71948137369967
actions,1473,0.7194607692722729,0.2090600430147641,0.037710516404197356,0.9991573295864622
dispers,2,0.7191840466405612,0.10035210359739788,0.6188319430431634,0.8195361502379591
A,25,0.719168898816988,0.09789917202358407,0.32731112927992645,0.8785036646636138
stimulate,2,0.7187897299678444,0.21572044884012864,0.5030692811277158,0.934510178807973
conver,1,0.7182271399351285,0.0,0.7182271399351285,0.7182271399351285
heading,64,0.7177477727748668,0.24183407043123015,0.05214610702785648,0.9986533562117004
amb,1,0.7177000973189439,0.0,0.7177000973189439,0.7177000973189439
monitored,1,0.7175754121622895,0.0,0.7175754121622895,0.7175754121622895
strategies,27,0.7175475573244681,0.24337469922944452,0.1253091468339839,0.9964120136175627
continue,19,0.7173976644776648,0.2516556810317093,0.2680176859208884,0.9796077425347868
waiting,13,0.7171924719025254,0.24149154990919605,0.2938289523344505,0.9658134302256096
witness,26,0.716737679263844,0.19870058846022048,0.012706594169205863,0.9659517422773285
raises,13,0.7165674864013606,0.2227636246329376,0.15455673727930538,0.9844013107717092
Given,1283,0.7163101354736405,0.16808225148327932,0.008558918793348334,0.9349108404897786
thoroughly,1,0.7160039200689361,0.0,0.7160039200689361,0.7160039200689361
promising,2,0.7160003821558146,0.0022006783866997948,0.7137997037691148,0.7182010605425144
learn,3,0.7157185137923965,0.19861695057600134,0.44521862064015244,0.9165077267485524
Currently,67,0.7150109852989969,0.1916496243259639,0.16578783401151323,0.9381284606231952
Several,1,0.7149907227043318,0.0,0.7149907227043318,0.7149907227043318
Inspect,9,0.7147073727345722,0.2811718289063752,0.06778876495262211,0.9125194465575032
history,41,0.7146552952349045,0.20848033699231452,0.11394231233273909,0.9791341123019839
distract,3,0.7145921137160246,0.1450003098411104,0.5782960239714913,0.9154246215871278
Killing,71,0.7143515851152911,0.2030476887399739,0.10457246587899381,0.9437499380572213
BODY,1,0.713353939661209,0.0,0.713353939661209,0.713353939661209
unlikely,2,0.7132313619001581,0.14693275409785445,0.5662986078023037,0.8601641159980126
ushed,1,0.7125134821296046,0.0,0.7125134821296046,0.7125134821296046
resources,1,0.7118211970943031,0.0,0.7118211970943031,0.7118211970943031
transit,1,0.71154545458817,0.0,0.71154545458817,0.71154545458817
vent,304,0.7111436912420449,0.13051335713599838,0.1951852463123761,0.9953874179750174
V,16,0.7108599960553647,0.2104854998102543,0.03152514621055582,0.9496768519512165
swipe,47,0.7105150705277168,0.16389815945136627,0.24104320872421503,0.9754939935250789
stay,20,0.7099937558577973,0.26292462708702324,0.15757936374558956,0.9933300383830804
round,12,0.7088278306620516,0.14584163746731668,0.3600347304112302,0.8495930459786573
eject,30,0.7083865429605195,0.06383852022539178,0.5338313103800778,0.8742999456637961
Four,2,0.7073850301788096,0.05716009674106437,0.6502249334377452,0.764545126919874
Yet,1,0.7064104071887948,0.0,0.7064104071887948,0.7064104071887948
confront,1,0.7061882817744576,0.0,0.7061882817744576,0.7061882817744576
Our,37,0.7060053804487226,0.1605352100354258,0.36001682163135124,0.9302523540451357
associated,2,0.7051107743019305,0.2943643884036905,0.41074638589824,0.999475162705621
Sample,104,0.7048572843645252,0.27394192361510616,0.03153483543157612,0.9805196441641852
myself,209,0.7043499333846046,0.3597561936134919,0.013192102625122052,0.9999990541888278
surrounding,6,0.7041891141625961,0.2102364818999501,0.3102173590348756,0.9314253157760531
accessing,2,0.7038173869913698,0.016454091855592712,0.687363295135777,0.7202714788469624
mim,2,0.7036900252791601,0.03886513381560708,0.6648248914635531,0.7425551590947672
K,45,0.7036157224355565,0.20438994674216318,0.22492214554039228,0.9944753963631355
surveillance,5,0.7035631094030474,0.13815452922470642,0.4655722634663926,0.8539885180277084
urge,1,0.7033295124691741,0.0,0.7033295124691741,0.7033295124691741
My,759,0.7032367715141317,0.2000306427685214,0.10198929724817764,0.99978970684757
feel,1,0.7029764176705541,0.0,0.7029764176705541,0.7029764176705541
card,57,0.7028243897358171,0.21407287346495826,0.021088373510724265,0.9725315920709805
danger,23,0.702533330400719,0.22989326403711038,0.18045767456392664,0.9655979027107742
now,342,0.7024967792964857,0.29139889809303887,0.016366771536215144,0.9996712711398751
performed,3,0.7022703556972315,0.0654389566286131,0.6203002956730298,0.7804584435363959
conversation,7,0.7017917878098068,0.3361232633050581,0.12652160935216114,0.9996774901297218
miss,24,0.7013851718128427,0.10971599245763232,0.4716395996662702,0.8872983101528396
Still,1,0.7012223396163172,0.0,0.7012223396163172,0.7012223396163172
move,864,0.701026918547414,0.2695293890500681,0.01020963027129782,0.9988716976982535
discussing,35,0.7008501980240766,0.24359991269526118,0.10727138582588548,0.9989593338227253
stall,1,0.7005609883678936,0.0,0.7005609883678936,0.7005609883678936
deal,1,0.6992540150575423,0.0,0.6992540150575423,0.6992540150575423
too,69,0.6989887408447998,0.279762706648808,0.08803380757403831,0.9987835780802125
witnesses,90,0.6987878959618921,0.22055868120851024,0.12011851442800794,0.9729378931942909
have,3603,0.6985263787729051,0.288956210554203,0.005440202715195475,0.9999399832740123
account,5,0.6984594704492054,0.3472996742853622,0.013756844203199088,0.9370022452810342
advisable,1,0.6980213846599072,0.0,0.6980213846599072,0.6980213846599072
download,4,0.6974802371014966,0.16275876786145313,0.4387772837591477,0.8641517429549661
observation,51,0.6960262631871007,0.16556818975728638,0.07404631531991837,0.9575897111011896
private,4,0.6957182248964635,0.12385509250923149,0.5284232646484872,0.8250900018547891
their,653,0.6955638046008256,0.234789827054547,0.01397311676035871,0.9994222915686469
Some,3,0.6948198455929285,0.15770777057382473,0.4919905734860057,0.8765639664666046
trapped,2,0.6947444950250361,0.010199770358784443,0.6845447246662516,0.7049442653838205
possibility,56,0.6943473599720065,0.22599831265026546,0.03607439866787589,0.9635504111822176
worked,2,0.6928618732037717,0.10083564146753382,0.5920262317362378,0.7936975146713054
contributing,15,0.6920237895010886,0.3578482000728897,0.021187309865633167,0.998254803259403
identifying,90,0.6917707186128279,0.1647376805226998,0.2664333201609448,0.9891890549996502
olds,30,0.6912790936196408,0.19417553884440383,0.02493174515277989,0.8922537178473187
submit,3,0.6912241893994663,0.08839311114219785,0.5955236895073,0.8087240903596609
ute,170,0.6907101100868756,0.21531260746194816,0.04785030159777246,0.9265953600119349
indication,9,0.6906811250861938,0.33978273196112463,0.03794204878127214,0.9773610345515132
attack,2,0.6904529511929387,0.06326575738539297,0.6271871938075457,0.7537187085783317
position,80,0.6902750325409432,0.23414621709180297,0.03990026192641762,0.9797459273336963
stated,2,0.6896907036839666,0.019236898485198717,0.6704538051987678,0.7089276021691653
survival,4,0.6892197061800064,0.14239310088937196,0.554114280713185,0.9257306334886365
misunderstanding,3,0.6891997997955318,0.2551875090608372,0.34059294682104196,0.9443484099082045
aspect,2,0.6888221258314902,0.06814752874597957,0.6206745970855106,0.7569696545774698
provide,539,0.6877958049610045,0.2527559502831027,0.019815051750873138,0.9999941254581362
eliminate,390,0.6868442207044968,0.18541583462630282,0.012639734896695766,0.9790637557917868
Filter,62,0.686801149316433,0.24218880900566764,0.07174947211637846,0.9346536865795906
reach,10,0.6865119158967088,0.19489166666694854,0.3864119532621373,0.9766765788203486
unnecessary,25,0.6862046456205206,0.2912453543557533,0.1304977822325087,0.9881455592468613
vents,70,0.6854096990356393,0.11741758514234941,0.3080933265644614,0.8875623162278935
clear,35,0.685139832094738,0.31299441653274784,0.04829305652084681,0.9815488843863364
living,1,0.6845690641511609,0.0,0.6845690641511609,0.6845690641511609
new,32,0.6841697771378454,0.27068444298384625,0.19358718395306568,0.9863300208999233
single,14,0.6840995814268733,0.10684620997410388,0.4123292398544817,0.8278734423723982
spots,2,0.6838439934314864,0.03391031196988675,0.6499336814615996,0.7177543054013731
set,13,0.6837893876368855,0.29132021804254665,0.09300824346613275,0.9731770006652518
hotspot,2,0.6836362624823176,0.2112671697430564,0.47236909273926114,0.8949034322253739
abil,42,0.68320777428243,0.2046411046459764,0.16569366579057573,0.9194706014056812
relocated,1,0.6822627232458084,0.0,0.6822627232458084,0.6822627232458084
divert,3,0.6818190489864021,0.43289615852758156,0.0697358117239408,0.9985475333244107
locations,412,0.6813877087510217,0.20612631876474222,0.03836493502943772,0.9890033462050429
become,2,0.6806331275557529,0.06799881725152229,0.6126343103042305,0.7486319448072751
FA,104,0.6806033547231493,0.19304530415585197,0.22417434476769865,0.980979013830997
There,70,0.6805668836393515,0.20634098755722666,0.1468090972291738,0.9654207934716789
pathway,1,0.6798333099203447,0.0,0.6798333099203447,0.6798333099203447
hopes,1,0.6798112423427732,0.0,0.6798112423427732,0.6798112423427732
all,432,0.6792934372139693,0.24063744014177707,0.03455827597615031,0.9966399447728088
encourage,6,0.6774904540571245,0.335489841873181,0.19091699817909552,0.9811781594734248
system,19,0.677473234139462,0.1839490629202049,0.28879375480453956,0.9236198024529033
currently,830,0.6765385021181844,0.21418169499903245,0.016353812784240033,0.9898507267400467
decide,162,0.6760844619745467,0.22200815623308157,0.06872261345171127,0.9794863849233126
positioning,15,0.6760813227330726,0.23846652337137242,0.23452799695287188,0.9280692670557714
even,9,0.6758839853797022,0.27414163837538774,0.14507736017102857,0.999984809720359
towards,596,0.6755721662541062,0.2334931988968004,0.008378903154363878,0.9970902814887999
cameras,18,0.6755100356151142,0.2168251093079508,0.08659854497207424,0.9084455193512185
know,19,0.6721195058687532,0.311030265421957,0.007751223403694624,0.9939535527714392
consequences,9,0.6718635220239082,0.27287826303528445,0.19152171861962217,0.9804640327873124
hiding,4,0.671540733218422,0.225056191137519,0.34741539041360886,0.9654576821143829
opportunity,518,0.6712643438995064,0.25042605283449365,0.008695132846607789,0.9977566657140272
discussed,5,0.6711251789255521,0.11592804909966527,0.5275826290713945,0.8520627674846206
when,48,0.6706260739322922,0.29307847679110427,0.005902147423259692,0.9949576991292052
could,1365,0.6702482784430146,0.29683508026445593,0.0036891524468334433,0.9990964173573242
considered,12,0.6699943896775816,0.1678703546804445,0.3400994785646678,0.9401784226612787
pursue,3,0.6690239154644809,0.10436029308604401,0.5257838719355631,0.7714388005487015
freely,4,0.6688788371996729,0.20220799386196728,0.4297973958771738,0.9670084732082647
appears,11,0.6688411966046204,0.28619264379599,0.12797011872696,0.9676856114979322
end,1,0.6687254759064561,0.0,0.6687254759064561,0.6687254759064561
ibr,2,0.6677685022373613,0.26607780869423403,0.40169069354312725,0.9338463109315953
course,52,0.6677435246099166,0.18540256772044078,0.29930837793510484,0.9707158141908273
Moving,585,0.667318502924555,0.26041639029508723,0.011730518047607072,0.9971856240989009
risky,179,0.6671562219471168,0.27163228497295777,0.015249010193281495,0.9972878992895973
they,222,0.6667261282654571,0.28993721276224543,0.015921574715000174,0.9981534492921548
No,1038,0.6649566169648774,0.11102546935275054,0.2574644771692448,0.989222274383112
mates,646,0.6649244314315074,0.17266508523698973,0.0031682250410452395,0.9967027710084263
alone,257,0.6645570179907124,0.26939347566121996,0.05239543497463273,0.9894347822838747
places,1,0.6644412897069927,0.0,0.6644412897069927,0.6644412897069927
MOVE,942,0.6641745618306626,0.12290391978603293,0.2540127531171482,0.9347004112968902
connection,3,0.6640359885153705,0.25201501999132186,0.3908870861725334,0.9988769605961876
intel,1,0.6638356614444915,0.0,0.6638356614444915,0.6638356614444915
affect,1,0.6636477692565357,0.0,0.6636477692565357,0.6636477692565357
whereabouts,10,0.6635584946492162,0.2864527450956242,0.24277076429398742,0.9845971869646856
point,171,0.6619867250441175,0.2595141444417627,0.029941550894678728,0.9978796059141034
ipe,1,0.6619668472161871,0.0,0.6619668472161871,0.6619668472161871
On,91,0.6615337432642716,0.15355376863015535,0.14674625689537485,0.9015480658148431
others,90,0.6614057580905006,0.29083861442728365,0.015000021002429087,0.9925930556166165
opportunities,108,0.6606923840228814,0.21743938915352634,0.09023157281010369,0.9654332820312426
past,11,0.6601271763931786,0.171676272732695,0.11723913434960326,0.7144159805975362
proceeding,4,0.6599160687869435,0.19394166801908713,0.35368049416191794,0.8548826034040858
may,61,0.659849730992594,0.28099676138176255,0.03205755012917337,0.9916751730105282
alignment,1,0.6597867241825768,0.0,0.6597867241825768,0.6597867241825768
solid,1,0.6562354651741169,0.0,0.6562354651741169,0.6562354651741169
transparent,3,0.6558985467246239,0.4275950934851793,0.05168861141417798,0.9793134067542576
As,30,0.6556566854139931,0.24467819314142245,0.09840949013578541,0.9968601156341111
fixing,6,0.6549884003145381,0.30079261005264774,0.009224806034861146,0.8834058967047539
warrant,5,0.6532812106021957,0.12433335375908539,0.43253840221207734,0.7933685634644382
accusations,18,0.6530239113146323,0.42042864139057834,0.023281172105772414,0.9994804099618082
memory,3,0.652889667772854,0.06911672701164831,0.5975091925542609,0.7503325766759882
certain,2,0.6527521909900752,0.33826229098032917,0.314489900009746,0.9910144819704044
unnecessarily,5,0.6526337537516698,0.35272625961215837,0.14089837248647147,0.97843057205556
meeting,615,0.6525693885255911,0.1664693473454419,0.09485142478247048,0.9681206059350026
utor,62,0.652532643316614,0.35564259465007586,0.003344638642383884,0.9763954443699588
few,5,0.6524348666160465,0.25780318255661416,0.18726087375644151,0.899160452380389
further,28,0.6516242110948041,0.255938842445705,0.08183974601969983,0.9921205413776262
detrimental,2,0.6501326872394059,0.2285171004135427,0.42161558682586314,0.8786497876529485
urgency,1,0.6499155524452445,0.0,0.6499155524452445,0.6499155524452445
across,22,0.6492907201960151,0.2277977200734823,0.18720115654113234,0.8639445434202646
environment,4,0.6480547711218864,0.19034586237285442,0.43901998710203527,0.958093772567349
sequences,5,0.6478064087611168,0.18466978617044094,0.34402036554360127,0.8394675171129322
leads,13,0.64742411511799,0.2449345809738621,0.2083715692498175,0.9717906119009634
with,2353,0.6461895502018171,0.25893374220988685,0.0018176322269263777,0.9987085130692765
downloading,1,0.6457919946122009,0.0,0.6457919946122009,0.6457919946122009
remained,1,0.6456414297546116,0.0,0.6456414297546116,0.6456414297546116
Cameras,5,0.6454832490001298,0.12004499103665484,0.5439076506386478,0.8693961103136019
not,615,0.6447855168523909,0.3032874869783788,0.0012344519786003166,0.9999284155846286
step,582,0.6440211733698831,0.23065417990376197,0.03215936784847069,0.9982989332188696
occurring,2,0.6436647281278047,0.35134402309004736,0.2923207050377574,0.9950087512178521
steps,35,0.6435387048028592,0.2550116931262659,0.18224830558589417,0.9794485894419004
how,78,0.6434779318192246,0.28073314635647156,0.11234440542812885,0.9967987684772899
I,5900,0.642816375691404,0.21829532717052613,0.006619409176662726,0.999998382691718
strategically,6,0.6425475357726512,0.2813841235117495,0.15307546933457838,0.9967033477793776
provided,30,0.6423349040866962,0.22439000087664746,0.17201761234344146,0.951807996119055
But,19,0.6400166131617319,0.2015982234539569,0.16574017710360192,0.9031407331721444
noteworthy,1,0.6380475662963356,0.0,0.6380475662963356,0.6380475662963356
Other,228,0.6374960187185131,0.16306490394953777,0.20099773498493367,0.9655915144825657
Not,15,0.6369434270526768,0.1603133063237205,0.17195211674390684,0.8527732512323813
intermediate,1,0.6367969844723305,0.0,0.6367969844723305,0.6367969844723305
To,33,0.6363661261618841,0.23063464528844613,0.19264693847533776,0.9430657350482392
again,4,0.6362657000875459,0.16004484932615776,0.45509368479744877,0.8870841896245674
observing,91,0.6358513645917305,0.1897197148013747,0.12347818714855563,0.9862163720104965
aware,28,0.63488855930585,0.2853505194166911,0.1228064739397935,0.9480329743541489
path,468,0.6348381972273035,0.22737321484741985,0.04613611226343562,0.998618826997583
They,3,0.6340532964917015,0.13602659804081532,0.4637686847053846,0.7967018363497729
worrying,1,0.6336411921421241,0.0,0.6336411921421241,0.6336411921421241
direction,17,0.6330158667436413,0.3334499277332048,0.07978612396673242,0.9997962371505995
Initially,15,0.6322791255853673,0.21665379764373116,0.12542386472802658,0.9733840817167012
isolation,5,0.6311136119745013,0.2723693111249446,0.1629414303430368,0.9858225395024867
passing,1,0.6297176392569471,0.0,0.6297176392569471,0.6297176392569471
iping,11,0.6295589084909502,0.15419454100947574,0.36634003052527336,0.8518620622477402
wasted,1,0.6291854209184551,0.0,0.6291854209184551,0.6291854209184551
staying,20,0.6287957484410358,0.270568255201382,0.06895544349063905,0.9281859486641355
initially,176,0.6287210779874479,0.19565127310883607,0.027857222924526186,0.9994532401723585
empty,5,0.6278303746991543,0.2946525166478836,0.2936758956902872,0.9529638934168919
destinations,37,0.6277112009549037,0.12667356105533276,0.14285565700920083,0.9295437286994878
themselves,8,0.6276229594018887,0.3149203862845055,0.11551777035033416,0.9861989944747542
Observation,2,0.6275879972125467,0.17361703888139762,0.453970958331149,0.8012050360939442
started,618,0.6275355364538578,0.12943474072362834,0.017591058192281538,0.9652841898539689
lon,1,0.6274178303469667,0.0,0.6274178303469667,0.6274178303469667
pivotal,2,0.6270804791205682,0.015198783143759886,0.6118816959768083,0.6422792622643281
travel,12,0.6266152909196269,0.3127198346019781,0.1233355649887959,0.9618827703464202
CALL,16,0.6263227856572042,0.13457702092474277,0.4002724063649008,0.9132035457697
targeted,12,0.626256810404243,0.11010382673530175,0.4050013296096328,0.7696395357826876
we,446,0.6261145535819339,0.24420877655356302,0.059296246709089964,0.9998919113119935
ed,491,0.6259912054158085,0.20182218642208916,0.017721374255419284,0.9402543865979238
gained,1,0.6259515288953753,0.0,0.6259515288953753,0.6259515288953753
We,138,0.6259304079695052,0.1894557461985227,0.06288543077002132,0.997953079294868
suspects,4,0.6256272798591316,0.2659273531733973,0.23493326954695662,0.9833730244689344
body,60,0.6256223919820239,0.20325189829389775,0.07453892470438692,0.9391684737005519
might,965,0.6256064881169442,0.27024055418468373,0.014590369458484865,0.9965287690886044
target,90,0.6255541228917688,0.22198143725939817,0.044047966679496516,0.9623826023001659
taking,18,0.6248515793635225,0.19410940823894124,0.2919426172495368,0.9909327454916165
dynamics,1,0.6247851050331885,0.0,0.6247851050331885,0.6247851050331885
reveal,181,0.6241627305756611,0.16484742474039965,0.36119813478770657,0.9999576573959668
concern,7,0.6239006632015247,0.2750404749993179,0.07748318708649267,0.9424934451572937
would,838,0.623647494905433,0.2623196571786771,0.005611743785924541,0.9990920664569923
distributed,5,0.6235384760824675,0.13841972774302808,0.43308828168224733,0.7728773084679799
PE,92,0.6227404650704446,0.08348884330063391,0.4219170847400879,0.8339686607308898
be,2799,0.6224007686295777,0.28326375611939114,0.0027814684663178078,0.9999912944338746
ED,2,0.6221874991109634,0.16277352295574657,0.4594139761552168,0.7849610220667099
serve,9,0.6220029776501641,0.20609185167955082,0.22688456959199743,0.9360270260614947
death,23,0.6215550567954916,0.17063870177783697,0.17161501670105822,0.882507329269231
targets,19,0.6205998463262944,0.2408884623480557,0.12919358019384702,0.9634803584936127
bodies,16,0.6195417814491193,0.15741744710519667,0.21320408341275757,0.8405861615529774
beginning,48,0.6191911507923863,0.26293835502251506,0.1055442709162998,0.9341591471864775
justify,1,0.6191530436667406,0.0,0.6191530436667406,0.6191530436667406
possibly,33,0.6191360727536984,0.28634402868453024,0.07364394036150414,0.9994289407106863
noting,2,0.6189722481825181,0.2377819006395676,0.38119034754295045,0.8567541488220857
room,1293,0.618048734858239,0.2610024079898242,0.006933317884228816,0.9909607008399827
chance,45,0.6180247132293355,0.2551646555469258,0.05035526402425999,0.9631039638518827
order,9,0.6177198958938779,0.32572148570527976,0.07500966975734699,0.9776150289161611
0,207,0.617238128151601,0.21179198866478177,0.026582324506550358,0.9682974022720202
characteristic,2,0.6170291981716639,0.2297198740653467,0.3873093241063172,0.8467490722370106
Wiring,1801,0.6169100744299488,0.25280977556194734,0.003973511295729471,0.999193113148106
easily,7,0.6162895408767092,0.2522509126638888,0.08622377106847491,0.9297599525638357
split,3,0.6162823888706379,0.23705167620735346,0.29186767070186176,0.8516782973714413
Three,2,0.6160431621320946,0.03357224807267445,0.5824709140594202,0.6496154102047691
For,63,0.6154530887723975,0.20147948886228592,0.13631658757283058,0.9382481639457323
data,6,0.6151518877546458,0.17086512930308526,0.35522099379007666,0.8984204606065301
ongoing,6,0.6148597810258176,0.12323490262694008,0.40222731617493024,0.8133913478180482
kill,524,0.6142045982466703,0.2315302272239648,0.04163606927863306,0.9723657734040481
followed,12,0.6140173114866664,0.27379586286309526,0.18235383917027856,0.9036078597623227
begun,64,0.6122899711792291,0.15728648575415524,0.06792980026765931,0.9130332384793254
met,3,0.6116692886524867,0.34773941962915395,0.13079091279925684,0.9412771183406596
indicated,1,0.6116239620513544,0.0,0.6116239620513544,0.6116239620513544
together,78,0.6107910210392623,0.3509918256039615,0.03588496768885967,0.9989979910017702
Scan,71,0.6098217039594787,0.22040206794247671,0.007948137629431052,0.9360239048702698
helpful,6,0.6095983594914736,0.3886529448071168,0.0774970846014469,0.9959959265337208
catching,1,0.6093688953060846,0.0,0.6093688953060846,0.6093688953060846
connects,5,0.6092381115321889,0.16253888838310426,0.4210862090610616,0.8355344409233385
vote,13,0.6089514798852017,0.12646733053053977,0.3841392990807244,0.8756003395059289
informed,8,0.6085853914701769,0.21909380478359655,0.2972961131819787,0.9272888347338326
moment,53,0.6081631224455994,0.3216296701197838,0.022030188882009406,0.9991916298322505
rooms,228,0.6077951190891653,0.17503674002834932,0.014969017731182026,0.9527164949234131
am,1540,0.6074189406266449,0.28269100793271756,0.0046581254958066864,0.9995497326123074
no,465,0.6063549290924675,0.26959705475665036,0.04919131773192348,0.9958742695121044
open,7,0.6063494443676759,0.3365162548463002,0.10226134505908045,0.9771365209623021
aid,3,0.6060673698232061,0.26485137798564795,0.23486267669968386,0.8349673546998758
action,199,0.6059257848770828,0.2822821535416133,0.016321516586451652,0.988658584747532
was,126,0.6056664841753451,0.2913671696249781,0.018648969228875295,0.9999332553200869
h,3,0.6048886940600781,0.22318086455241085,0.3101291570659168,0.8500036095964051
began,3,0.6042502484529927,0.0,0.6042502484529927,0.6042502484529927
location,1031,0.6042033280412182,0.30512127755861423,0.0006043235159131989,0.999979361132004
through,252,0.6037606252432617,0.26433261389706847,0.025008088708428206,0.9965948956338826
ideal,48,0.6036725617305901,0.20763323376344342,0.10207889057753167,0.9595508646525056
desirable,1,0.6036713428044048,0.0,0.6036713428044048,0.6036713428044048
why,4,0.6035667519806376,0.14336686721733996,0.3847746525933533,0.760460178078059
access,6,0.6021671324393212,0.292266181853094,0.10403416535669423,0.8988835601763717
closely,29,0.6020865977513247,0.22643567688560592,0.2141871809046175,0.969431897352268
were,119,0.6019205317021744,0.20085091774721234,0.10290572817339287,0.9961276868604427
up,64,0.6016650950481528,0.3247210729596685,0.07311956954910996,0.9993376930651411
to,14285,0.6013561010277636,0.3000468692727824,0.0015751719891766655,0.9999997902919302
Clear,109,0.6011252820979324,0.28624698371993385,0.024186673346288774,0.935920743612313
better,75,0.6010785124142072,0.21335708955803875,0.07183361482230222,0.9583821756503285
along,34,0.60087543329626,0.23300516903927332,0.16980407210923218,0.9685414535394744
useful,46,0.6004915914821715,0.2030499348399308,0.21535791017968603,0.9724656057224309
ert,462,0.5993337895764788,0.2869233797596161,0.021551056303362216,0.9858587771465523
about,729,0.5986243361299333,0.26728208522587366,0.018312890734297958,0.9999537664550825
security,14,0.5981320602915802,0.1773001477148991,0.25551272400385505,0.870559443664913
aligned,1,0.5978136361412522,0.0,0.5978136361412522,0.5978136361412522
has,901,0.5971655548079168,0.27245537708815515,0.0031098587283756316,0.9991228647120438
spoken,18,0.5969880848123675,0.2201906499555622,0.2478780820083054,0.9132954819002786
presumably,8,0.5969045784001322,0.15870748556711026,0.34339892933270155,0.8388136420165542
threats,7,0.5967725627246913,0.2395776751063289,0.08820549121640915,0.8845228686211037
player,287,0.5948389371749762,0.2644336252521601,0.06843707991056683,0.9998442329135365
determine,5,0.594506580738711,0.11544388011933453,0.37190111503974366,0.6962549718186987
timestep,179,0.594480060858091,0.14565218407689232,0.113628820782438,0.8550489816868683
begin,35,0.5939335167735421,0.2394588364414251,0.026354595375374316,0.9244203553062467
congest,1,0.592982691173494,0.0,0.592982691173494,0.592982691173494
where,460,0.592919589765932,0.3052786711539575,0.00729962576829069,0.9942904117602906
by,338,0.5928067147777506,0.3677273506492818,0.0006830162083147817,0.9999952705121475
additional,13,0.5918411203477454,0.22277566100063848,0.26584255359796827,0.9620318235403807
prevent,7,0.5906868741811724,0.26851530541978164,0.23296494507595666,0.9191992777107802
expressed,4,0.5904114978903677,0.2821695563575771,0.23142537423180823,0.9081883498844021
headed,4,0.590075185277388,0.40364023189411624,0.12479455153550326,0.9939260449733831
ones,7,0.5898674288570148,0.10890122209514219,0.44034868738434085,0.7621473829225551
emergency,100,0.5888593948020573,0.1493458921551976,0.08125912706815809,0.8362619122056806
introduced,1,0.5888238561905748,0.0,0.5888238561905748,0.5888238561905748
equally,3,0.5886844000584447,0.222989805240235,0.3858517779330549,0.8992199962502759
situation,137,0.5882227051970745,0.2733685193383093,0.056767128598524806,0.994494914705201
diverted,3,0.5880459695130587,0.1325833347133671,0.4005448194167633,0.6817965445612063
victim,2,0.5872579491469031,0.3403767309517449,0.24688121819515818,0.927634680098648
setting,18,0.5872290245540263,0.31713600955563215,0.026522157061905225,0.9727158417577926
do,60,0.5869489748053283,0.3358785864642891,0.038411396607617894,0.9991444890112459
reflects,1,0.586818571118666,0.0,0.586818571118666,0.586818571118666
gathered,18,0.5856828912727293,0.24284534059243149,0.08073341949691176,0.9764560466149643
a,4661,0.5855188418644174,0.3145846889384135,0.0007916773285854178,0.9999968345202753
identified,15,0.585346857184266,0.32625663151193995,0.004024429238991571,0.9696511279214292
moving,1517,0.5849660413043598,0.2855092258905124,0.013461282200311595,0.9977297894265262
emergencies,4,0.5845492960440584,0.19735942968943196,0.29771027143437245,0.7708034608236756
act,66,0.5828905515609694,0.29346679386357427,0.02137118358064047,0.9980189621775646
planning,28,0.5822888398756881,0.2714438972566703,0.0647807644893459,0.9979400367187985
missing,7,0.582235193655164,0.08250848572074697,0.48526608366521007,0.7295615121854234
near,4,0.5816531671317605,0.24728015958267788,0.3260479177083145,0.9740821604533432
deciding,24,0.5811391907451237,0.2339885459171934,0.13917570876295043,0.9156426527488384
sw,10,0.5808536840448698,0.2875105851065909,0.0189754670674445,0.9041737256366946
indicates,9,0.5807128439380917,0.2824603378587509,0.04057003035374207,0.9653156358594388
Course,46,0.5804920897743724,0.2523695110985813,0.013812726762329482,0.8977898615808307
coordinate,40,0.5797127008878319,0.23161289575000907,0.18502039739129253,0.9685375656169669
asked,15,0.5796815873361959,0.25117095978755966,0.11060320860688234,0.902440639662816
shared,52,0.5788557603504881,0.26823106492823573,0.06517881967432536,0.977273464060603
An,1,0.5786906622434553,0.0,0.5786906622434553,0.5786906622434553
strike,35,0.5784183229262291,0.1866148068389818,0.24106788705483753,0.8928271290341706
worry,1,0.5775273008680164,0.0,0.5775273008680164,0.5775273008680164
requested,2,0.5771459977772858,0.15168321282673666,0.4254627849505492,0.7288292106040225
arrive,1,0.5768175234721774,0.0,0.5768175234721774,0.5768175234721774
efforts,44,0.5752722697753483,0.28751115383227566,0.04690134402301215,0.9976613872679304
known,13,0.575033666272887,0.4029342435701594,0.0052354526059333086,0.992790407374057
In,3,0.5747722180894033,0.2543991435707205,0.2168116905754678,0.7850027927365509
best,164,0.5747690884776916,0.28515095106120353,0.0158081220554171,0.9840668284513041
but,721,0.5740210397193773,0.3369391360099838,0.000914596982157362,0.9999399766032618
explaining,2,0.5735130837244636,0.028226444722058597,0.545286639002405,0.6017395284465222
either,135,0.5734387864820386,0.2472567946684139,0.053350873730658936,0.9809643413991567
or,4037,0.5732207236996025,0.3179684726727809,0.002256735614653666,0.9997301799695697
include,71,0.5731170595961227,0.2622472701307335,0.07339387001790272,0.9957276149804634
voted,2,0.572930569239135,0.24189360788335104,0.3310369613557839,0.814824177122486
make,233,0.5718618228094297,0.33908188001821477,0.024988276217469924,0.9999215901188071
convenience,1,0.5717805339278604,0.0,0.5717805339278604,0.5717805339278604
Fix,1802,0.571371076665973,0.29627538614809384,0.008351237844379324,0.9986815869648789
overlaps,3,0.5712174978176068,0.3139041580958512,0.1346536752219119,0.8592328466133556
connections,6,0.57109254482942,0.15532947708263953,0.3406121516431779,0.7696199290833863
force,2,0.5706599030771144,0.009148809185074769,0.5615110938920397,0.5798087122621892
getting,14,0.5703991483957123,0.27161772520567196,0.03510977178378253,0.9941130313883334
expose,23,0.5702136526644754,0.15807717459759738,0.17509993770635077,0.8181995367992342
relocation,1,0.5694880227298557,0.0,0.5694880227298557,0.5694880227298557
The,655,0.569391964781903,0.18290455118572055,0.044134109297757115,0.9923967765914868
initial,400,0.5679590792258535,0.28096114275249345,0.029783559284198305,0.9829831712922384
gather,618,0.5677011341979031,0.2500563046469284,0.023175886838176462,0.9994558504950167
favor,1,0.5673817284266994,0.0,0.5673817284266994,0.5673817284266994
use,107,0.5672127604506063,0.36364385174553504,0.01484828274380953,0.999572969194087
Multiple,10,0.5671543800056557,0.17188308459109253,0.2793527802118092,0.7712651557832068
needed,23,0.5668802076840255,0.22984926882332665,0.06328272716879288,0.9356087112333442
Specifically,1,0.566849879436003,0.0,0.566849879436003,0.566849879436003
are,1658,0.5660689478071116,0.28620288754598977,0.001675244191409134,0.9999813572643853
leading,9,0.5656783120606474,0.2902084996237813,0.22259839456763048,0.97304916674737
potential,702,0.565008394252323,0.27905165663422093,0.003139699422745155,0.9956788585468603
utilize,13,0.5644663741625353,0.34470184227092554,0.0439004540156573,0.9700265665070511
',579,0.5634959970281898,0.23148123898090692,0.05209342957634486,0.9970103239508896
can,810,0.5625206268994687,0.3760793320228184,0.0013649517000286805,0.9999344749043495
start,661,0.5619858002875321,0.25066024118045055,0.01713431441376364,0.9980706204937126
if,466,0.5618024543593529,0.27471143918773755,0.008317742854470477,0.9973256186921815
strategic,144,0.5609445918914636,0.2309842875402992,0.022606471313531638,0.9439057584672191
intentions,164,0.560478358117689,0.22023223948454607,0.14707103189228946,0.9999141292672942
map,24,0.5600849150881162,0.2027768915686204,0.2305775233395267,0.865181018937846
ambush,10,0.5595999897601971,0.2812468070513602,0.08078225319346376,0.9406592650299188
them,331,0.5595582784968892,0.27873406121898936,0.007878050579336106,0.9980674745014378
potentially,1007,0.559284607157668,0.26986442039484365,0.010526014931393816,0.9991699111264297
implications,2,0.558606576966717,0.40187194885699185,0.15673462810972516,0.9604785258237089
Prime,34,0.5582698574009444,0.14110040528502252,0.278619773649471,0.8623563949684824
ost,1683,0.5580904452062474,0.17803899122676667,0.04036135645505051,0.8698234466927689
farther,3,0.5579065011067645,0.19346817299014288,0.3582862374502744,0.8197620392059088
interaction,3,0.5578595827624858,0.20549227480063115,0.38968386421604867,0.8471992587698062
on,1243,0.557525552156669,0.3170188832345195,0.016501915454742666,0.999930015298574
evolving,1,0.5568743694668505,0.0,0.5568743694668505,0.5568743694668505
need,469,0.5556001123131081,0.30774661040904583,0.0020001612424214157,0.9992900327702524
strategy,139,0.5555447162065817,0.2973754131005135,0.05007871561451532,0.9945767956670055
arise,1,0.5552845470728572,0.0,0.5552845470728572,0.5552845470728572
take,41,0.5546618778005284,0.28998286461464223,0.08642683077475465,0.989947001878555
good,311,0.554355596241663,0.2741367973622995,0.016768584863756562,0.9984927141025285
appealing,1,0.55115964564713,0.0,0.55115964564713,0.55115964564713
decides,4,0.5498225004682415,0.2307649925522019,0.3298522913928423,0.9187573134610674
that,1950,0.5488967694639915,0.2831011203710038,0.001978616242037101,0.9999999099673266
moved,1887,0.5488447047677645,0.2506158992075656,0.02300991557727974,0.9909707838916467
activities,169,0.547359498498643,0.2586669080334043,0.11208511199224659,0.9972868539510109
early,211,0.5468320606982684,0.30221953269121904,0.007459976746800706,0.9823055267865929
put,144,0.5466212920036283,0.21280343349797387,0.05700020934045139,0.9650047387013282
ensed,1694,0.5465603131633895,0.015409084060360914,0.5450556446347856,0.7043624251007009
rushing,2,0.5463015318570471,0.44214178040057867,0.10415975145646846,0.9884433122576257
Align,202,0.5453497625938417,0.20545317267217783,0.005841535749832092,0.9672061814383257
Consider,1,0.5450750179852293,0.0,0.5450750179852293,0.5450750179852293
inc,2,0.5446526508616834,0.4072440327814689,0.13740861808021446,0.9518966836431523
discreet,13,0.5439313117057556,0.3206116454178295,0.24051437147737187,0.9886871229871503
preferably,1,0.5437584484495115,0.0,0.5437584484495115,0.5437584484495115
pass,2,0.5431346460771436,0.11821095081760902,0.42492369525953455,0.6613455968947526
revisit,1,0.5426350665081765,0.0,0.5426350665081765,0.5426350665081765
suggest,3,0.541549712080161,0.2738058964855934,0.19893026036040196,0.8691074360163615
us,221,0.5412013411862722,0.3199335539171825,0.015829470692687028,0.9990613812956917
advantage,52,0.5411096063085794,0.3056526375759208,0.020522996404595213,0.9971661083631326
reasons,3,0.5408013724649944,0.37449382746456744,0.036627590197746855,0.9333341185369015
harder,12,0.5407786042076876,0.22232315616410522,0.23715729667183313,0.9603413415106543
focusing,50,0.5404140417410734,0.24059376385888384,0.05880285763109075,0.9797621400803661
in,7373,0.540081363783625,0.2976394878425282,0.0019582676845393714,0.9999890557566329
while,412,0.5397276415909836,0.3036148980090063,0.0084618046749721,0.9999867453258687
initiate,3,0.5383045495246774,0.30688383502461747,0.18644202408627314,0.9342610487355287
units,1,0.5368389653748666,0.0,0.5368389653748666,0.5368389653748666
other,2353,0.5367980381682641,0.27233201072904556,0.005641127378305981,0.9975374256182098
presence,46,0.5359594241577337,0.3686475307594184,0.00514564617247345,0.996702969482572
understanding,17,0.5358177272346775,0.2048619234434848,0.21367681775962696,0.8349928401326695
regarding,20,0.5354649872460334,0.33249969208358704,0.021815987625085347,0.9794982324753596
our,435,0.5350765322058222,0.28335671676642527,0.005779138917740283,0.9990009914656558
necess,2,0.5343472205664038,0.13537717457992884,0.39897004598647495,0.6697243951463326
its,191,0.5338127053937696,0.3218775875549906,0.008943594103910104,0.9289816439697839
flexibility,16,0.5336642676756518,0.2020781187210544,0.05211831812191995,0.9141440651488185
whether,46,0.5335857258840205,0.25268978612158144,0.06973200903040024,0.9711178209082152
stating,1,0.5335434634935018,0.0,0.5335434634935018,0.5335434634935018
connected,54,0.533330860727823,0.20403780373665267,0.0617821724409136,0.9526342663226163
Now,2,0.5332685152128399,0.2056326586547743,0.32763585655806565,0.7389011738676142
consideration,4,0.5329228018480469,0.2662294949811575,0.13285212582953868,0.8800986693393503
commit,5,0.5321122558180585,0.3399488841849823,0.14540200585737856,0.9606230725405444
congreg,3,0.5315169584131447,0.3470126337930444,0.0444991644232722,0.8273412763746264
Another,6,0.5310546087992457,0.11553597088312344,0.3938288776475941,0.7401224039660422
needing,3,0.530934836012104,0.24120833027098326,0.26684197022698797,0.8499663126093047
prioritize,361,0.53079482941885,0.25925095905412976,0.03206099145119442,0.9761623883424169
alive,1,0.5302635968199915,0.0,0.5302635968199915,0.5302635968199915
unclear,1,0.5302544581136817,0.0,0.5302544581136817,0.5302544581136817
plans,75,0.5292335236133129,0.248570209915319,0.06724832062803199,0.9905965037210032
adjacent,1,0.5279327582439014,0.0,0.5279327582439014,0.5279327582439014
choice,45,0.5278623262160995,0.3069333140862125,0.034049036685012656,0.9886210588796077
occur,1,0.5276859125165907,0.0,0.5276859125165907,0.5276859125165907
explained,1,0.5272083512171596,0.0,0.5272083512171596,0.5272083512171596
eld,57,0.5265199966426664,0.08918817130478741,0.41074399063904826,0.6396338655563788
get,87,0.5263020781395933,0.30447333809049565,0.013525465672251786,0.9792962389610411
includes,5,0.5252498448482088,0.3314046107014318,0.11899283649993266,0.9454966584892208
during,32,0.5248165174769054,0.2538884844659065,0.025821128630161765,0.9961760698891126
advantages,1,0.5227678486542163,0.0,0.5227678486542163,0.5227678486542163
sets,4,0.5211120452027651,0.3373375895025557,0.09717265007542206,0.9871713097901821
gathering,153,0.5208229563274523,0.26353089231029964,0.037678935621015916,0.9849044262635845
slight,1,0.5205359679883423,0.0,0.5205359679883423,0.5205359679883423
busy,2,0.5191753762020633,0.42120215014952395,0.09797322605253939,0.9403775263515872
TASK,538,0.5188034316940243,0.20071848056937483,0.08348119414294501,0.988428705442801
licate,2,0.5187842802131257,0.004077997317920579,0.5147062828952051,0.5228622775310463
still,82,0.5180335256574566,0.2338538528987415,0.07768156181297912,0.992840133426177
group,38,0.5179436941666965,0.2718922273766544,0.05178138802678779,0.9835609665484335
lead,145,0.5167265378772908,0.24578505164410874,0.054085016866836415,0.9997925539239414
legitimacy,1,0.516365990483002,0.0,0.516365990483002,0.516365990483002
rather,6,0.5157654611157659,0.4158609013290299,0.04829983478153286,0.995296338701697
deaths,18,0.5155940661959776,0.09303575434401677,0.36095726975678294,0.6915678887558644
feasible,1,0.5154273238544405,0.0,0.5154273238544405,0.5154273238544405
happening,2,0.5152767473758538,0.31242885759724115,0.20284788977861273,0.827705604973095
finally,10,0.5148447833296366,0.3072965127377646,0.05385877653840243,0.8466707458650792
occupied,3,0.5146308196976629,0.1067800015173212,0.3983507552778784,0.6562104291473564
addressed,3,0.5143082919614557,0.2804325496117117,0.1179345232797785,0.723874936774331
called,131,0.5131370255125972,0.2015127613956479,0.0140581271103528,0.9547825614570487
based,111,0.5122337245045198,0.22668070847076602,0.03612559098116238,0.9189243449117753
outside,1,0.5121628548368918,0.0,0.5121628548368918,0.5121628548368918
weighed,1,0.5114279217573859,0.0,0.5114279217573859,0.5114279217573859
ions,2,0.5106950907280995,0.30233490822764525,0.20836018250045424,0.8130299989557447
en,1,0.5094019264677497,0.0,0.5094019264677497,0.5094019264677497
simply,1,0.5093833719911838,0.0,0.5093833719911838,0.5093833719911838
assist,5,0.5092889005595889,0.28185804223101874,0.18186068707306874,0.8920376265705176
enter,3,0.5076580836846367,0.18638595223399615,0.3482108517275736,0.7691563402244499
garbage,1,0.507547639067662,0.0,0.507547639067662,0.507547639067662
join,12,0.50719979924706,0.171976481945659,0.1998140773885517,0.858634128772562
next,683,0.5069923755125879,0.24808065564595877,0.014905559859416054,0.9928466142678296
departure,1,0.5067757927208827,0.0,0.5067757927208827,0.5067757927208827
keeping,59,0.506336247135296,0.3368539242910193,0.04899365064864588,0.9903182081480124
pace,2,0.505996637195236,0.03274958090317098,0.4732470562920651,0.5387462180984071
Distrib,62,0.5059674529863317,0.2846000965877089,0.017585422089989748,0.917887137120513
three,314,0.5058298607388999,0.2562272574790396,0.005318715284380295,0.9493689081829556
risks,62,0.5054675314128377,0.26521074795399363,0.08019576057431427,0.9591532649966228
It,103,0.5053412564928284,0.23454740504972005,0.0490510792248036,0.9586430066411173
an,1465,0.5051015167083625,0.2790077654604677,0.0007840465591751824,0.9987861421890241
numbers,16,0.504699830760639,0.21714809070872182,0.05595653693211801,0.8091492359787243
circumstances,2,0.5043490689973192,0.38178980762017456,0.12255926137714478,0.8861388766174938
although,3,0.5024088672296386,0.1943338401431194,0.362303015590488,0.7772207364180165
going,47,0.5024020316936009,0.2543520363614793,0.042889411651972874,0.9763818310265815
mentioned,14,0.5023308781260881,0.23448179202987843,0.10806145417951948,0.8478494993533733
positions,48,0.502314016107971,0.17420378860342478,0.05667732892494975,0.9780568756797539
another,513,0.5019044121419245,0.3541212473397821,0.0024736628860575448,0.9994042787405434
intend,1,0.5009477256484464,0.0,0.5009477256484464,0.5009477256484464
highly,13,0.5005268928916149,0.26376315219852503,0.18050760601462884,0.917450861862611
substantial,5,0.5003104189229977,0.09859128951179472,0.42097843351214415,0.691327135566202
visit,14,0.4998274942723236,0.22722194611609742,0.1524461338091941,0.8548856500324328
lowering,1,0.49967912900644085,0.0,0.49967912900644085,0.49967912900644085
future,80,0.4986820291051005,0.20014994978073675,0.05519124203865608,0.8728883031414764
3,1068,0.4978028020042946,0.26035339166606863,0.008097968808929419,0.9857376729415803
term,1,0.49754098153750853,0.0,0.49754098153750853,0.49754098153750853
backtrack,2,0.496596786083332,0.27159911418185395,0.22499767190147807,0.768195900265186
cafeteria,2,0.49647272908171036,0.24963201791605616,0.24684071116565418,0.7461047469977665
there,475,0.4959798990391202,0.27241606543003705,0.012036946839866234,0.999456405783651
immediate,168,0.49511780353230345,0.2639249025945551,0.010778966001572235,0.9708909022677344
crimes,1,0.49411016942802755,0.0,0.49411016942802755,0.49411016942802755
gone,14,0.4931415996004223,0.23821029482758097,0.16512151031577457,0.8942955185690739
offers,3,0.4931115408911489,0.345649845223356,0.008089505565147507,0.7883097694365097
Card,420,0.49310253438433366,0.23893869563816045,0.006981385825529306,0.9229236260434259
guaranteed,1,0.4927838195412463,0.0,0.4927838195412463,0.4927838195412463
".""",42,0.49245344855477463,0.3520468755353857,0.03155275642383101,0.9992645506681338
promptly,2,0.49125477221566627,0.48140398901489456,0.009850783200771658,0.9726587612305608
it,2342,0.490367427941754,0.28872607029630765,0.0009929438683681012,0.9992311126968424
players,3412,0.490063204301834,0.2752451908235642,0.023120416136978232,0.9993675400401559
thin,1,0.4882422837454736,0.0,0.4882422837454736,0.4882422837454736
the,9744,0.48814761571873955,0.2656456517644516,0.00043767096516136216,0.9999260743794501
completes,1,0.4875936869821732,0.0,0.4875936869821732,0.4875936869821732
once,5,0.48713166070164354,0.37296732792281756,0.019073558335843465,0.8872568907060844
more,757,0.4867102817125879,0.29604917935589475,0.009101309043386373,0.9996218601507455
Sharing,10,0.4867100898675404,0.3169034977361277,0.10938403885013279,0.9961066027927756
status,3,0.48586225448795534,0.26921913542454856,0.2029937085842468,0.8479941794931408
me,1974,0.4855407912082945,0.2752949605100716,0.01226896944177485,0.9996899720755086
claiming,4,0.48522681194460493,0.3047114062781166,0.1755930386957646,0.9477608369506965
directions,1,0.4848303650773041,0.0,0.4848303650773041,0.4848303650773041
Previously,13,0.4846835840229976,0.16242729217388993,0.19164783658361428,0.7908253807256198
eliminating,22,0.4842369291868598,0.2852281343477583,0.010260204225139794,0.9011244480169023
Cleaning,1,0.4840528625782118,0.0,0.4840528625782118,0.4840528625782118
voting,13,0.48334654412081146,0.2045458527429397,0.2314789089823263,0.8817617046002303
balanced,1,0.48191782154461454,0.0,0.48191782154461454,0.48191782154461454
layer,1,0.4815787278443325,0.0,0.4815787278443325,0.4815787278443325
distribution,8,0.4812662457609689,0.16520438998811163,0.30818689018553386,0.8150041473668412
bottleneck,4,0.4809367012527407,0.13557748141971024,0.2742793213953842,0.6323144759455686
COMPLETE,538,0.48047538497676034,0.14438499166853866,0.11270890781671063,0.9228553886639879
who,236,0.4800743571638959,0.3136113242444088,0.0010717109265218976,0.9990120974618586
involve,30,0.4795505324367351,0.34875196254497925,0.04462271884322001,0.9971459037514432
complexity,2,0.47918698380332836,0.25646902555183904,0.22271795825148932,0.7356560093551674
cooperate,1,0.4790110111549129,0.0,0.4790110111549129,0.4790110111549129
some,160,0.4777012183323356,0.2765750542420866,0.02439506900704743,0.9999355973028269
seems,634,0.47744768244262764,0.3097426830724034,0.0031275011859686758,0.9999992830045457
hide,1,0.477172386385165,0.0,0.477172386385165,0.477172386385165
larger,1,0.4755590363275891,0.0,0.4755590363275891,0.4755590363275891
viable,30,0.4743206904250295,0.28079866291637884,0.039726352260230045,0.9867315169604993
engaged,15,0.4741819973015414,0.2106261820648315,0.14012925630730136,0.9621706869087105
outdated,1,0.4731228015826156,0.0,0.4731228015826156,0.4731228015826156
.,13387,0.47271411921980117,0.31411965753907845,0.00047807388920243095,0.9999994609942634
e,71,0.47214447917844665,0.2330806037843905,0.12274010868669472,0.9247026218097293
worth,9,0.4721296402318619,0.30292500712907283,0.038510362292939075,0.954321999032723
go,48,0.47202302891307646,0.2725956839470914,0.04330905711231039,0.9623784471850578
here,252,0.47199253944541575,0.38163559705264233,0.002369898959139477,0.9912209251829713
matter,2,0.4719499551088707,0.16006947679586614,0.3118804783130046,0.6320194319047369
own,30,0.47144806400825623,0.3239449293629424,0.012898180733693951,0.9599553248251769
current,413,0.47141792282034467,0.280978433167034,0.01770752299085588,0.99209882312902
sabotage,76,0.47089151641351334,0.21893056400261435,0.12286323377914804,0.9225207726123907
indeed,2,0.4689719713289777,0.45084604797862915,0.018125923350348617,0.9198180193076069
indicate,31,0.4687129539439264,0.2687168649112467,0.0724873815696285,0.984749740826269
earlier,16,0.46735984855005547,0.21186916839369951,0.12639140713124083,0.9153748476696247
each,96,0.4671445380578781,0.24520771209413936,0.04652121730561959,0.9179690553108438
navigating,5,0.46707132331853984,0.3120992688656981,0.05443518107435427,0.8219536002304003
whom,1,0.46570106879875706,0.0,0.46570106879875706,0.46570106879875706
suggesting,11,0.4657001392145421,0.36022254697726014,0.024276357345015404,0.9999188236752143
manage,4,0.46559296567291686,0.3484079823245466,0.06464660000403537,0.8623522578979983
believe,4,0.46523137154006866,0.45965432354376473,0.0056094361330361105,0.9987882389609674
after,47,0.4652257353815169,0.28542239629405775,0.018661824889049328,0.9498563070524121
putting,5,0.4646726989719284,0.20608806196610843,0.21687394263257007,0.8270883753211421
Two,16,0.463935218291317,0.2566840691356146,0.029217417813196422,0.8216374405998201
becomes,3,0.4637581336052667,0.15807368197751387,0.28197085803318317,0.6673281807721181
gain,64,0.4626380035814893,0.23893519337820326,0.06725086752644341,0.9554891752328317
traverse,1,0.46231422985618337,0.0,0.46231422985618337,0.46231422985618337
present,113,0.4620218375906457,0.24067856569882903,0.014013626616867501,0.9761657909606276
're,19,0.46135073797044446,0.28571787557228767,0.017480580850522506,0.9956980666119586
then,257,0.46012124395128845,0.3196557696673843,0.008788780747654986,0.9969926237737904
configuration,6,0.45962527420137506,0.21108173111581985,0.21244860795618087,0.8617952823690885
divide,1,0.4595678054032958,0.0,0.4595678054032958,0.4595678054032958
lime,332,0.4593573801643937,0.21700083429968195,0.009872483696917716,0.9529837282519951
before,141,0.45896715291260487,0.3441667737900615,0.016902551980290326,0.9797354398036324
increased,2,0.45840540383931067,0.16177330937238993,0.29663209446692074,0.6201787132117006
shown,4,0.4583497286804251,0.1001323227934548,0.31566030621171154,0.5911233000589121
flexible,1,0.457938517332403,0.0,0.457938517332403,0.457938517332403
risk,274,0.45623359794049656,0.30148770500909755,0.0021462850824090483,0.9861480846900942
presents,7,0.4561183557801581,0.23229559430426489,0.08660012871568386,0.6648894768076561
ME,16,0.4559290253807965,0.2043315552181319,0.19927726605056328,0.823139000045011
increase,33,0.4554971654800335,0.2925085465340904,0.07232559383062051,0.9015445071827831
strongly,4,0.4550788151997637,0.3152966309328978,0.1215900440884206,0.8860019098000345
pairs,2,0.45473106064200575,0.3393041541471342,0.11542690649487154,0.79403521478914
cause,28,0.45461782251753763,0.1411724280563799,0.1929674647174623,0.8236925597955069
least,78,0.4541887054068532,0.2735571672804981,0.04849997226636822,0.9653027476432039
closest,82,0.4540432901725475,0.23807598321694698,0.06328933585668714,0.9930830328848804
meetings,100,0.45340522939956523,0.13368331729189986,0.2023265345983922,0.9727442921772572
wasting,5,0.4531537367172501,0.0647743796743055,0.33186908687385025,0.5226895643671923
at,858,0.4529329917378408,0.25662509757848495,0.004778469355213536,0.9914318535258643
Since,1405,0.4527356737837502,0.2624942792434438,0.024249994336108565,0.9815146375251477
green,303,0.4523859457601721,0.19386125493542952,0.008036053592719675,0.9278588072024356
fuel,5,0.4520915787534562,0.14724460183262136,0.2792053141005141,0.6576120643951835
immediately,298,0.4520770990921499,0.25337104617771816,0.005514061107274925,0.9983479728549464
simultaneously,3,0.45180530966201066,0.14513600519545028,0.25761282005725455,0.6064658467120198
wis,1,0.4515764682711438,0.0,0.4515764682711438,0.4515764682711438
connecting,2,0.4512559063432924,0.04396686727801852,0.40728903906527386,0.4952227736213109
branches,1,0.4506734960041394,0.0,0.4506734960041394,0.4506734960041394
raised,13,0.4500266603407069,0.2998550078625747,0.07096410126521983,0.9819153938010315
starting,222,0.44994357155924647,0.2692228101975077,0.0069825249830852325,0.9860563228970817
If,36,0.4499313055426313,0.19379380757995068,0.04836428161403078,0.9149266076380996
cyan,352,0.449899199939547,0.20828567880663768,0.002066501601846287,0.9836289843099861
my,3458,0.4486518886169049,0.29030875031692904,0.0016196944082032796,0.9999851343458483
directly,180,0.44853007459863037,0.3896201387831799,0.001447498916992627,0.9997831796164175
of,2625,0.44724240865453335,0.30671607223134983,0.0005714303197254285,0.9997777679419493
prudent,22,0.44720205848878086,0.27905755305071167,0.012365142175706457,0.9072171256053193
intention,3,0.4471902758610755,0.09437100031802143,0.3198657384299357,0.5454960891051099
'm,435,0.4466530688873083,0.29401513918862054,0.007166483705047703,0.9993941972308701
didn,24,0.4466256905232003,0.24752311599785462,0.05341500889253579,0.8918138859310959
assume,5,0.4464214452249446,0.32467401807516016,0.1280094008252952,0.926300431603059
""").",1,0.4462437143941653,0.0,0.4462437143941653,0.4462437143941653
eteria,3115,0.446212027416631,0.22922902757408495,0.0047777353817840176,0.9813845963349483
une,8,0.44557157810721293,0.14425970891250578,0.1588462446807091,0.6651821796944389
Meanwhile,3,0.444057691357097,0.1234128513383052,0.3537953373066571,0.6185551251656478
complicated,1,0.44318387530249537,0.0,0.44318387530249537,0.44318387530249537
usage,2,0.44245048325061803,0.07034905071628722,0.3721014325343308,0.5127995339669053
contribute,86,0.44197277282118347,0.31857237814442424,0.08220346817940469,0.9999294297766758
pressing,1,0.44197108607450447,0.0,0.44197108607450447,0.44197108607450447
many,11,0.4418616961786776,0.2876873246805906,0.014769690139654684,0.9916598456121959
Shields,136,0.44041035621432834,0.19618164693853454,0.012471099460158902,0.9406733806118948
mission,4,0.4388937993583809,0.20203597373780607,0.18506694138010268,0.7320305637826264
fact,48,0.4387956885311448,0.28736942192133,0.026650916045117955,0.987365666099232
conflicts,1,0.4381124256730686,0.0,0.4381124256730686,0.4381124256730686
unique,1,0.437814576540411,0.0,0.437814576540411,0.437814576540411
those,48,0.4376644879089236,0.35561582538962877,0.009703550904189263,0.967664253449197
killed,179,0.4373904617630776,0.27171781606210677,0.0010799369407094943,0.9259253829893418
Output,202,0.43661816003173126,0.2208875708899866,0.006331424224824809,0.9070019967794986
poses,1,0.43643509770661365,0.0,0.43643509770661365,0.43643509770661365
T,67,0.43635961211033586,0.14229848282282365,0.14278385901389637,0.8057681378710243
available,132,0.4360510686069582,0.270822741859099,0.008204488718153468,0.9600082895909404
solo,32,0.4356437233233313,0.13120098071168312,0.13467117981165316,0.6286313611273558
learning,1,0.43533046635427336,0.0,0.43533046635427336,0.43533046635427336
prepare,3,0.43529642012448616,0.17968277675426744,0.18632332246125302,0.6038073698397776
went,4,0.4350072027270534,0.3031738000049024,0.03433881946599312,0.8475226393518164
distant,1,0.4348751824138476,0.0,0.4348751824138476,0.4348751824138476
lengths,5,0.4348157344661752,0.08299694294407249,0.29582921489168795,0.5347232802538902
provides,28,0.43390496200031914,0.2966008754663418,0.0051149335185666335,0.9668609785034546
progression,8,0.43366967505643234,0.23219684506713328,0.13888723357594537,0.7360012374905084
located,350,0.4328351986249604,0.2349914382188305,0.0071620561152553565,0.9180236627640781
coordinating,9,0.43273140437689295,0.3626708836165785,0.02646158754177551,0.8665372032664326
eventually,13,0.43128253047981163,0.3143921757986154,0.055846193062585855,0.9415109121044983
special,6,0.4310326398989412,0.16905019194604617,0.20084118461679973,0.6770521247275312
bay,889,0.4308716273845932,0.20695117852360864,0.00741894624262387,0.9877985193695653
C,21,0.43080686704701066,0.19615718593007492,0.052016819225400274,0.7812460017808206
foul,4,0.4305091419558792,0.17207331951341998,0.1949902439912521,0.6229089862966682
transparency,4,0.4300971170862412,0.24110546016478715,0.102228419786562,0.6628150621138592
's,1086,0.42964026804482014,0.3108619164228563,0.0007425617626317776,0.9993084018045956
important,74,0.42925436540859835,0.21361391837397828,0.0059222276379888245,0.8662127146731832
return,7,0.4289355460686471,0.22697536160974716,0.08921495772590231,0.7232759662438533
pick,3,0.4286711538145947,0.20800461306462179,0.17259442486460433,0.6820786143697221
Med,889,0.4272129622769856,0.21678634398562235,0.01185605778547975,0.9879056104804966
for,1254,0.4271742854764793,0.3142208063589553,0.000491247165216645,0.998745225570592
suggested,22,0.42709618606304983,0.29895567234131415,0.020898144619649388,0.9821423056664935
chances,33,0.4261919578717164,0.27135586172889675,0.004522424196416506,0.8701028990854176
between,23,0.4246030997982561,0.26036397219136415,0.041879699807109635,0.9406472743534279
Security,679,0.4239614951336618,0.23136170805720468,0.0143549674445901,0.9861356229562954
",",14776,0.4238404595213952,0.3249133229105167,0.00012102745872359289,0.9999952568282138
fewer,14,0.42250162031988253,0.2393650724630516,0.03701081433124093,0.857339210520452
undertaking,2,0.42117900379371054,0.09390819861522673,0.3272708051784838,0.5150872024089372
DEAD,1,0.42027474454450703,0.0,0.42027474454450703,0.42027474454450703
Starting,13,0.4198180874462199,0.20603531564609617,0.13087382450163254,0.8611797840243277
collectively,3,0.41977904372593794,0.3205808490880676,0.1664053937389936,0.8720568181056909
subsequent,2,0.4184228090010057,0.3856716404607228,0.03275116854028291,0.8040944494617285
recently,10,0.41767848938499386,0.19683999077795852,0.1544178098952924,0.7728002526068218
updated,1,0.4175645824054687,0.0,0.4175645824054687,0.4175645824054687
off,35,0.417273782096844,0.3095016775233114,0.046548811302952076,0.9990061156901311
making,134,0.41677463804054454,0.36867224806191745,0.000890694486909617,0.9998959893040297
value,3,0.4166019108682651,0.15860937764696897,0.1941228429847205,0.5525942281200024
likely,131,0.41648447923450066,0.3486219770176835,0.026872470481520343,0.9995462932755967
same,149,0.41631699241386144,0.2711743119852222,0.017955609191731794,0.9961751463231384
reactor,3,0.41627970984844054,0.08349434436253743,0.31003624473107955,0.5140243390039025
from,1546,0.4156025776901674,0.2073308528507223,0.0033026016469925143,0.9987720437252047
takes,6,0.41542525326594065,0.12613710828454405,0.17219857964694152,0.5521230966630469
slightly,1,0.4153498981829084,0.0,0.4153498981829084,0.4153498981829084
ields,9,0.4152975802312566,0.16240366539873194,0.1931383108739473,0.7678124892688614
attacks,4,0.41442235836418284,0.17541127009295096,0.2683624300209225,0.7055014674496507
ensure,22,0.41433490803692385,0.3067284508410372,0.014974434749908708,0.9662488169294722
does,131,0.4141999068846729,0.2528561951247739,0.028197205014978393,0.9894091302343282
help,320,0.4140913039031962,0.37841943333022865,0.005125873554892624,0.9968749035136294
aggressive,5,0.4139207975386462,0.22793878219570343,0.1748653269556314,0.7112224746270674
gathers,1,0.41367676648862756,0.0,0.41367676648862756,0.41367676648862756
bold,1,0.4125037975447719,0.0,0.4125037975447719,0.4125037975447719
comp,2,0.4121936372928046,0.03459683370614225,0.37759680358666237,0.44679047099894686
required,6,0.4119770773888462,0.23594652658950266,0.04317951604924027,0.7162343213814953
somewhat,9,0.41133254473235503,0.1923988045731358,0.1464930843377494,0.6457797337903851
Ins,96,0.4113237555318672,0.22678887673898754,0.004532960483544076,0.8314649850156417
valuable,88,0.4105005331076406,0.18979073631720703,0.08265288725321587,0.9138555829837978
returned,1,0.40982736962691513,0.0,0.40982736962691513,0.40982736962691513
crime,6,0.4091747862032625,0.26904467546583005,0.1767695862366152,0.8764748651327229
reached,19,0.40885980150338647,0.18626286678544726,0.12833152060846487,0.8650958542031411
Re,8,0.4085862115055188,0.1672167449781806,0.07604116911201014,0.5920202910627924
makes,142,0.4077741732854844,0.24195545705069982,0.0031933332891343922,0.99309121093096
Communications,112,0.40604132835705625,0.22134234753823087,0.0009541813164061371,0.801397560606062
require,238,0.40500252744404425,0.2608976477515123,0.014728815877769072,0.9867051588455531
Swipe,418,0.40413281403111534,0.24600750998440096,0.0060442634840176535,0.9551901521474906
choosing,7,0.40385732748231157,0.15671350558563366,0.19649010592601124,0.6275440096172166
es,1,0.40323035964226034,0.0,0.40323035964226034,0.40323035964226034
clearly,1,0.4029684768312773,0.0,0.4029684768312773,0.4029684768312773
priority,346,0.40104431193265105,0.24210647153807827,0.005783895027355066,0.9559282127268319
Thus,2,0.40046751207084286,0.005751897329582728,0.39471561474126016,0.4062194094004256
long,79,0.40008965309978617,0.2243349911153169,0.03325219418634641,0.9967022066834547
and,7925,0.3999569874161871,0.33049979605984353,3.140694977318046e-05,0.9999861272839341
inefficient,3,0.3997862147778677,0.04039544761691806,0.3628120450132788,0.45598763857682983
purple,250,0.3995194466392828,0.20017890309253927,0.0326584158014947,0.9976465536633244
respective,18,0.3963012408246283,0.1753435374818698,0.09834628212104952,0.7770569581178999
theirs,1,0.39576280509408074,0.0,0.39576280509408074,0.39576280509408074
],5082,0.39566069942349186,0.13228985435164584,0.0356518122406083,0.8337452134148499
Submit,71,0.3947178555055136,0.1996284890026437,0.021828628052836228,0.852783964662955
limit,4,0.3946857614189365,0.21480579074892564,0.13302100541989734,0.6436619462751472
tackle,1,0.3934966558280826,0.0,0.3934966558280826,0.3934966558280826
give,260,0.392244755903135,0.323776800017693,0.011122206924711765,0.9857679365191724
black,285,0.3922201401707528,0.20492278358699365,0.02675501290129305,0.99603881483999
So,4,0.39173388696589845,0.22101230085600118,0.11763275812696015,0.7139239607317674
sole,1,0.3912728881404969,0.0,0.3912728881404969,0.3912728881404969
involves,26,0.3910975892667288,0.2558591016073757,0.022477621409396364,0.8778235121098612
Furthermore,2,0.39036856950414833,0.33466719784752086,0.055701371656627516,0.7250357673516692
hostile,1,0.3899136998469487,0.0,0.3899136998469487,0.3899136998469487
distance,22,0.3892815651275397,0.3600340657210813,0.03514667998029663,0.9995812389628147
possible,78,0.3883247101787953,0.3213037467766801,0.0018257146054989795,0.995029106863877
f,5,0.3877669394119164,0.1918969100701293,0.1261125253450594,0.6434731294867682
feeling,1,0.3871837686827693,0.0,0.3871837686827693,0.3871837686827693
categorized,1,0.3865649753798555,0.0,0.3865649753798555,0.3865649753798555
ier,3,0.38593724617023306,0.21638121934450377,0.19046128793765452,0.6875700767230233
solely,2,0.3858685889419028,0.19460389814443083,0.19126469079747196,0.5804724870863336
common,228,0.38471800810794454,0.2021868436732032,0.03360889742193187,0.9320832929241444
personal,4,0.3845988840614596,0.34864519008726946,0.1265787991127878,0.9853407686640704
is,3622,0.3835825364709477,0.3023463354755222,0.0003135415991189589,0.99963066770254
St,42,0.38282217664840035,0.1932618738837239,0.05532192574313639,0.7092292625479053
perform,1,0.3825917868460613,0.0,0.3825917868460613,0.3825917868460613
ably,4,0.38193485344606115,0.06592799689075136,0.275285375058598,0.43933440505070126
11,1,0.38181662715603243,0.0,0.38181662715603243,0.38181662715603243
ation,1,0.3809163493899507,0.0,0.3809163493899507,0.3809163493899507
kills,47,0.37863259243614994,0.1394936670333941,0.10953592073158613,0.7183659996648554
save,5,0.37790524238381906,0.38207518652662364,0.0547832618528154,0.8658189887412301
4,942,0.37706752089048695,0.24675302032237806,0.008766879392379938,0.9653151073051759
Therefore,52,0.3769633192180451,0.11806067847572885,0.02515275431468036,0.8068997911329671
first,895,0.3767055482647532,0.2793717381350049,0.005974288440839657,0.9962792383698236
forth,1,0.37656396973803136,0.0,0.37656396973803136,0.37656396973803136
portion,1,0.3759435257265754,0.0,0.3759435257265754,0.3759435257265754
systems,2,0.37557794046287946,0.16940687084857328,0.20617106961430617,0.5449848113114527
later,59,0.3736813086021638,0.307912617378649,0.019670266390540477,0.9900483721902875
und,23,0.37367812078047974,0.2070325261222493,0.068391731716177,0.8119918087231282
brown,341,0.373007073094986,0.1686662604199938,0.015996317901314856,0.9178413962971439
right,22,0.372802058010538,0.3405360742161933,0.00677936502061316,0.8691485102056206
setup,4,0.3722258460017492,0.14382826504217036,0.21917900932747258,0.5826758558793417
reaching,1,0.37157777344482795,0.0,0.37157777344482795,0.37157777344482795
haven,20,0.3690807046913437,0.26564159091782213,0.01789498480658774,0.9894901978612954
chosen,4,0.36865053742960385,0.3652910932269514,0.06949058187856468,0.9711061066579242
1,1577,0.3684872692759329,0.19128121389569427,0.003027598042820985,0.9683119200152059
ifying,1,0.3677744722922596,0.0,0.3677744722922596,0.3677744722922596
likelihood,2,0.3677542983368693,0.3394688216831296,0.028285476653739747,0.7072231200199989
unless,25,0.3675828512657493,0.19099197427558007,0.05922774071412061,0.9325298967725081
spreads,1,0.3655287919111786,0.0,0.3655287919111786,0.3655287919111786
implic,2,0.3652850121533562,0.33553238867721463,0.029752623476141524,0.7008174008305709
four,28,0.3651499910481308,0.19402168185842625,0.007874948219427892,0.667787624647053
parity,1,0.36482726439113317,0.0,0.36482726439113317,0.36482726439113317
self,7,0.36466003631976746,0.17561828303364768,0.132243353872175,0.6741054184637864
complete,1361,0.3642605893961361,0.26027458758200533,0.005718057709647082,0.9940127203303165
effectively,16,0.3637586072326713,0.26571564567350126,0.02629140535000139,0.8958727696501213
like,524,0.36340368191186534,0.31878194024832096,0.006591559746791515,0.9996516280189638
phase,424,0.3632375422289659,0.20266904740729816,0.025972628143353552,0.9282192414597574
multiple,495,0.3631216384462149,0.26642033503246226,0.0037715300791612,0.9562738243736446
votes,3,0.36141202029337766,0.1737681495755766,0.139901022724754,0.5643234368339294
efficient,452,0.3610287736104222,0.18454978009020653,0.008489630387175663,0.8385179822119485
having,71,0.3604887729564137,0.3069684583140456,0.02125099611477205,0.9950422301558329
duration,7,0.3604058669198852,0.1530030162516414,0.13612036755235626,0.5805120450854692
killings,9,0.3599937134351868,0.22924441145939908,0.051247002478109274,0.7053423881531804
ga,1,0.35983909121818036,0.0,0.35983909121818036,0.35983909121818036
Empty,473,0.35926750107404454,0.1822812976310338,0.002717188855253129,0.8239895047986855
tasks,3956,0.3591761290295191,0.27158731167945044,0.00048452173292101334,0.9985425246085469
central,38,0.35914735689225247,0.19354580708252667,0.08172171584955672,0.8571977947132026
hinder,1,0.35800934812348784,0.0,0.35800934812348784,0.35800934812348784
[,5082,0.35779166775027105,0.2648375944741137,0.0029467846179941372,0.8611664154597689
so,226,0.35765159536825636,0.3527632077720091,0.0001705173715654584,0.9988588749045249
until,1,0.3575844361054057,0.0,0.3575844361054057,0.3575844361054057
joined,1,0.35642420448859374,0.0,0.35642420448859374,0.35642420448859374
5,850,0.3561777576102863,0.2547318264983317,0.002863269404482831,0.9622466723179567
claimed,2,0.3549472343013665,0.34921932045454734,0.005727913846819175,0.7041665547559138
movement,174,0.35449458715530907,0.3067525339580364,0.022569461143354168,0.9986005716996758
Ch,170,0.3542621939462929,0.1556259807399588,0.010144738127551447,0.8211385717652899
blue,371,0.35406357091995966,0.21607485778132104,0.004704890873147188,0.9932697983854993
build,16,0.35388230973149015,0.24803295576055634,0.09236602176578287,0.9957477108669589
fellow,14,0.3535258457427116,0.2420202562502493,0.007586416771108318,0.9217635868014611
-connected,7,0.35291716247837174,0.12274112938898668,0.10001748016621867,0.49285934364379846
waste,22,0.35289035864977764,0.15755329934154866,0.14004196575975575,0.7941602087192928
passed,5,0.35249604960542885,0.3074402704104574,0.060807079480184933,0.9077557271442539
task,4318,0.35139314743636907,0.2819900528717666,0.0008165806611526628,0.9996751389947919
Navigation,758,0.3508458999931891,0.21317012792918602,0.002780822073261015,0.9813199520400318
accessed,4,0.34932744730223575,0.09825623674353784,0.225289784955307,0.49641113314734175
Upload,69,0.34912649118224637,0.2610021031417201,0.006148272912290485,0.9175127935588476
follows,13,0.3474076820224695,0.3619532396475204,0.018956658058700754,0.9398828992233946
bage,303,0.34664363882769883,0.17707746007114497,0.010090198883017244,0.9364946288345646
besides,9,0.3446969949016546,0.27324299252703393,0.07557428068871254,0.8264406354999897
also,1370,0.34281503652956086,0.32185658764786934,0.0002826296089792069,0.9999168459037561
impost,65,0.342443129286783,0.11479893311380651,0.038859662981466515,0.5690864044544363
joining,1,0.342197540436646,0.0,0.342197540436646,0.342197540436646
dead,79,0.3419168621476572,0.22366392793317327,0.01829363757248978,0.8694931467112259
labeled,13,0.34082792513818894,0.08423486309960351,0.23030375501653197,0.5079204572448458
allow,380,0.3406665883251733,0.30964028820316825,0.01061126714223193,0.9892415436760843
tracking,15,0.33986607957853604,0.1383339733015442,0.09128792351060822,0.5410151646223967
manner,1,0.3390325987022369,0.0,0.3390325987022369,0.3390325987022369
hub,3,0.3384562110103467,0.16528897754548677,0.19649046874509643,0.5702649667646833
particular,1,0.33817148299292304,0.0,0.33817148299292304,0.33817148299292304
ors,587,0.3380671876167461,0.170472626217555,0.008354441383300914,0.9222839884718761
corrobor,2,0.3367743081853944,0.15128119183112973,0.18549311635426466,0.48805550001652415
Caf,3094,0.3367397826880395,0.18186607505770955,0.0028643249548219456,0.9586824954428412
dev,3,0.3361122910900911,0.32481549210515276,0.030010727817825066,0.7857840945520128
changes,2,0.3360690694482962,0.01399436734600465,0.32207470210229155,0.35006343679430085
t,1,0.33578999254380004,0.0,0.33578999254380004,0.33578999254380004
as,1173,0.3342545707312128,0.3184421232664162,0.0003907954877012028,0.9995884354488223
Start,90,0.33263961170948225,0.14750603326135375,0.05767949200381991,0.6692761636670057
white,306,0.332487423285836,0.17014714664771236,0.008561309619295021,0.9476185698529928
accounted,5,0.3321051761247974,0.20808405858844445,0.10669795879091001,0.727181518375439
factor,2,0.3317265046879184,0.29201932876800984,0.03970717591990859,0.6237458334559283
longer,33,0.3313636257327909,0.2358774531248324,0.015682784981728898,0.8378883280677213
6,926,0.33043565305705536,0.23407118381117695,0.0020654349850231933,0.9894398205933393
freedom,1,0.33029576658387727,0.0,0.33029576658387727,0.33029576658387727
),454,0.33019257112882744,0.2856044827932054,0.0017812294520025006,0.9854261875752909
Sh,9,0.33001312634961816,0.20076231261953564,0.1678611157333955,0.8157421222493721
productive,17,0.32983896408871244,0.3193007317630651,0.02775402754277474,0.9198703367701149
done,34,0.329354449799879,0.2897413151692621,0.005564123928800149,0.9834284584642996
will,582,0.32814562994771135,0.36413527785550115,0.0024598501532659537,0.9998835983535894
-like,1,0.3280233823727715,0.0,0.3280233823727715,0.3280233823727715
page,3,0.3276888039173425,0.07781160540105181,0.23439827852990702,0.42487738770629185
Crew,1204,0.32759036443400463,0.15211168526546448,0.004456559287795713,0.9514125686938664
Most,1,0.32593370951782813,0.0,0.32593370951782813,0.32593370951782813
allegedly,5,0.3255245906300105,0.1446298735132894,0.07852465913204677,0.4775186122739724
centrally,2,0.3254295475800527,0.08241988147199666,0.24300966610805608,0.4078494290520494
than,44,0.3252152922598468,0.32612565170156393,0.009774802324014918,0.9907891564943782
leaving,28,0.3246649908950828,0.22641320701936807,0.02781712194051892,0.8483811953803347
easy,6,0.3238532290101593,0.35300027944412304,0.0305730334380435,0.8361655845875013
alliances,2,0.3236376339362432,0.02419890976981759,0.2994387241664256,0.34783654370606076
align,78,0.3235463134003033,0.3424512990294505,0.03764279597283531,0.9888121108680076
providing,11,0.32343647018478255,0.2837463313442013,0.01746968152827432,0.9999602764430569
red,381,0.3226021904484644,0.19367171718671702,0.006976156907595142,0.9964691866650519
due,30,0.3224082639294072,0.20369862106819614,0.019418753228585887,0.8124775517859103
maxim,6,0.3221777315659862,0.15812085044367175,0.05947400008582895,0.5310107939405783
gets,5,0.32189526444468824,0.33564110048464524,0.04634986721099496,0.9667030992721367
")""",1,0.3217532748853157,0.0,0.3217532748853157,0.3217532748853157
Comple,252,0.3207617253231254,0.21726330986111186,0.0031888673301908427,0.9632618230202705
).,124,0.3204010061951111,0.24360728225653056,0.008223642970724684,0.8752503336376332
2,1465,0.3203880491514571,0.22566245798495554,0.0013355880544839301,0.9791627703631086
back,34,0.32027482475080576,0.2456191451766952,0.048430534906538,0.9444780653461966
O,372,0.31964185844766546,0.2057858854548316,0.0024290568199817936,0.9723525604914788
misunderstand,5,0.31931349791796665,0.2852400336000132,0.09026569064075089,0.8441411426415635
advantageous,6,0.31922087590374826,0.29666522982943844,0.04124011473118924,0.9176757452835984
Lower,281,0.31881355814774415,0.17957956319111618,0.001492366207640488,0.8228718565535809
crucial,323,0.3178408095937926,0.23520859831422714,0.0007298729642821169,0.9622048493731196
With,12,0.31769887311212136,0.1672731432103121,0.05811227052776507,0.7424293588474712
via,22,0.31731165573683084,0.2700171037115705,0.013791202359471259,0.9717734245302879
ability,15,0.3159759062956512,0.24438069509104157,0.03228542885932812,0.8442325641493781
By,35,0.31572903015076703,0.2521993975109736,0.008207535667782775,0.9562158178175609
ting,252,0.31559716224527457,0.36962480281224946,0.004563736838721259,0.9931037758205153
"""",1342,0.3152868344175237,0.2698675669551795,0.001488545272275746,0.9999458973818561
appropriate,2,0.3145493317733038,0.08604455101901091,0.2285047807542929,0.4005938827923147
time,288,0.31434761574033515,0.27582834030919706,0.01746383693802597,0.9966881818274558
consensus,2,0.31413776338620997,0.04097448247094193,0.27316328091526804,0.3551122458571519
over,5,0.31406462853267214,0.2873546673759457,0.0462872840977955,0.8437314701586914
helped,1,0.3140479339064916,0.0,0.3140479339064916,0.3140479339064916
this,821,0.31357668367960817,0.2961216075286987,0.0005393573731853911,0.9985074834865855
suggestion,9,0.31334826952267925,0.2651972358595323,0.02440411660781946,0.8289489178051481
cal,3,0.31329724986064295,0.11098156858072895,0.17216358306583776,0.44333112387508183
determining,1,0.31325457926012396,0.0,0.31325457926012396,0.31325457926012396
orange,337,0.31278887574644554,0.16994912746475013,0.02197754734663209,0.9455146841072607
remains,3,0.3123414824743376,0.12713122882499547,0.14155003293640278,0.44638116460060007
Storage,254,0.3120526999531447,0.17117959590350781,0.007263463506641612,0.9329948455684488
pink,290,0.31162379232796017,0.18096877557146823,0.00667546014528679,0.978415605909322
conflict,1,0.31074795582394715,0.0,0.31074795582394715,0.31074795582394715
Player,3603,0.3100534410959224,0.22692575635265877,0.002460959337737712,0.9993051228660442
progressing,4,0.30998611801663123,0.2728213045923123,0.04667042438986269,0.6928861698815026
Power,462,0.30982152996682977,0.1485102584474452,0.007654816937233374,0.7113964966982727
Data,451,0.30855760233728147,0.22685658456464933,0.0011271143617274026,0.9137432226661293
gaining,13,0.30770805595241146,0.1005366674287061,0.07584084820482417,0.44770056670230624
clarified,2,0.307307467941505,0.04838425520145512,0.25892321274004987,0.3556917231429601
Steering,42,0.30684963662291925,0.1512841950654813,0.021151082406682765,0.6668906736730875
Action,1694,0.30674684471230335,0.108569500282607,0.08302251386411699,0.8020639746966003
though,5,0.3065732558726868,0.3505912661101239,0.036925016755001976,0.9968325688167219
since,415,0.30655436599198865,0.2795253379146692,0.002518880662213636,0.9654956708164848
Upper,849,0.30653436355420355,0.18231098442360444,0.004943804784011557,0.932997806558466
Electrical,1056,0.3061144657491901,0.21170192064467727,0.006131220517354939,0.9868940341281699
stalking,1,0.30606355691306,0.0,0.30606355691306,0.30606355691306
vital,1,0.3060500681085124,0.0,0.3060500681085124,0.3060500681085124
-risk,8,0.3058852450464724,0.19934574175320185,0.05125659860194998,0.7540086906904044
7,776,0.3057707679067766,0.2384920741696039,0.0004523712050899173,0.9886782747630954
seriousness,1,0.30517209413016516,0.0,0.30517209413016516,0.30517209413016516
oids,109,0.30479221418032265,0.18402256512056922,0.019608537839888196,0.8471156673683891
rid,1,0.30326655816060843,0.0,0.30326655816060843,0.30326655816060843
proposal,1,0.30320883419159717,0.0,0.30320883419159717,0.30320883419159717
Nonetheless,3,0.30273017207535347,0.32727823489839636,0.02505944263670025,0.7622535301263131
team,41,0.30236115244865425,0.19366700559544098,0.018649472636373458,0.7358766881941564
Weapons,1108,0.3023495148406844,0.18858785326327246,0.003065952609293074,0.9407949153707287
list,32,0.3016984795123626,0.27232698877224754,0.01647436853432844,0.9313605061007463
efficiency,29,0.3011200340593937,0.17805202719123722,0.0662247906534712,0.8652596787322049
needs,3,0.3010165270646552,0.14603662871620818,0.14278489196833552,0.49507627716800606
which,960,0.30092408102154433,0.27070852193337375,0.0007837627530069317,0.994259675075943
narrowing,1,0.30048523338053457,0.0,0.30048523338053457,0.30048523338053457
crew,39,0.3004063009963066,0.1132650455973585,0.0876533089201489,0.6007922523754682
advance,1,0.29989080566227505,0.0,0.29989080566227505,0.29989080566227505
parts,80,0.29979800065096535,0.15946741796084268,0.04736318185319268,0.8548931967460894
dealing,1,0.2997791305288248,0.0,0.2997791305288248,0.2997791305288248
Players,908,0.2984805082471469,0.20313030798794782,0.00521238520261622,0.8818328444864855
mean,3,0.2967202776032456,0.11804261877171227,0.13251042325377704,0.40485273963283
planned,20,0.29654036691021896,0.20195799056916255,0.04583591848972927,0.7885721853680616
remaining,177,0.29611422849661007,0.2130978528318118,0.016013750023125748,0.9576020476497947
event,5,0.2947154020388927,0.2138362868436022,0.0676040754011352,0.6465395688391485
Imp,1683,0.2946070947814511,0.1948903001554998,0.001007329772364527,0.99941705544385
accusation,63,0.29367110157151777,0.3057283065599786,0.014460752221582319,0.9457954915188145
hand,131,0.2929754434982592,0.2100062874476615,0.02182998839139789,0.9619977154467849
enhance,2,0.2927184014392058,0.0620042858146552,0.23071411562455063,0.354722687253861
five,46,0.2924762016284898,0.14689671318727876,0.07670947764682237,0.641677162302417
pose,3,0.2923828134860779,0.11639181606337833,0.14015731262442285,0.4227277493362727
because,102,0.29035379060441185,0.29313818378630346,0.0029242180290809864,0.9529358742624887
correct,6,0.29016122552158935,0.12374210023335198,0.13182486024733123,0.46360513275177057
benefit,8,0.2896286146708866,0.36457109310145275,0.0013975990806308226,0.9497394610416776
murder,8,0.28738809193062254,0.15248255699123198,0.07280545281645653,0.5117949084775182
per,3,0.2871811713465261,0.2622973276318325,0.02168499074418394,0.6442809179562203
collaborate,3,0.28626277966358554,0.15884354061537473,0.1425830957668527,0.5076486577324172
completing,1019,0.2861451723454245,0.2957929608161729,0.00038228476287777743,0.9986018204708181
strong,7,0.28512432185559106,0.25719687208987,0.024358768590503618,0.7284541496835827
priorit,9,0.28423269855446914,0.2670303228924091,0.05324360026228397,0.9132998445856696
committed,3,0.28402548816801576,0.30183042483776173,0.026339219837315183,0.7075731326007935
ated,4,0.282760230974276,0.12521263084216433,0.10519820231865154,0.4300844209146508
achieve,17,0.28244584342339984,0.18541829630011564,0.03814381754868293,0.5567619495724563
well,39,0.2817487483897854,0.2968192817466439,0.02288297762568213,0.998935835352263
approach,84,0.2814566946975289,0.3072029435742606,0.04261805979259026,0.9937548143541304
Man,30,0.28063295328241633,0.12496342807246955,0.08504932798658814,0.6114215251857712
progress,299,0.28058080922949147,0.1900189559105044,0.014160705617029224,0.9539240190639988
Cal,62,0.2803626598458525,0.19200476419270743,0.015594461819605028,0.6925114480816233
clar,1,0.27990164471384577,0.0,0.27990164471384577,0.27990164471384577
difficulty,2,0.27921082241579565,0.1408166164691307,0.1383942059466649,0.42002743888492633
yellow,329,0.27777463596296254,0.1706866508893368,0.0038989026820607877,0.9674761585285053
varying,1,0.2764327869023864,0.0,0.2764327869023864,0.2764327869023864
lot,2,0.2758234258814822,0.04617245717566881,0.22965096870581336,0.321995883057151
Admin,3174,0.2755902409619887,0.1960250043704817,0.0018531261345572955,0.9979489072970789
Unlock,30,0.2752331182918238,0.1491962894297895,0.047063350438213795,0.6875272077225937
specifically,7,0.2743580143421211,0.19803963102939254,0.006809377723445206,0.5095419673157819
grouped,1,0.2743268814651889,0.0,0.2743268814651889,0.2743268814651889
closer,162,0.2742832176867318,0.2714018280871387,0.013818259466743303,0.9907751766626307
've,239,0.27395180506132744,0.2934091981042576,0.003366000567277329,0.9982434555902285
Download,382,0.27246138156260513,0.18170661747448918,0.0031967243061385925,0.8844381339747108
After,40,0.27197163915393335,0.19484189507784105,0.05231740295892758,0.9790262777521684
izes,26,0.2710019490123864,0.3056750681605051,0.007826079917599147,0.9927390261226625
ations,5,0.27079149038652994,0.17422860899209242,0.0971366973189125,0.5519588721950893
roles,8,0.2703918502108459,0.16125552397109774,0.03857491822606499,0.5411260230168019
s,56,0.26912720345967867,0.3031422673860813,0.007373123521654964,0.9989231200285621
level,13,0.2687251089194038,0.19891131406663068,0.05864266211568986,0.6179506649180131
assignment,4,0.26675773755796917,0.18288330995983898,0.008614571386891357,0.5241786412379168
game,1086,0.26667845040459237,0.1345786027474616,0.010354430402887024,0.9494018917987838
quick,25,0.2655772948411785,0.29896358447228516,0.013797152135971852,0.8992222544069574
case,10,0.2654299502381477,0.24892068514188803,0.005990066519083971,0.7740329438246526
soon,27,0.26389310020776047,0.24240110021256367,0.05993761458049211,0.9812830577742607
briefly,2,0.26143072149530666,0.07824245835397294,0.1831882631413337,0.3396731798492796
optim,1,0.26070349401003223,0.0,0.26070349401003223,0.26070349401003223
harm,18,0.2602687466560101,0.13682995393799324,0.08508965745419891,0.5858620767489401
essential,67,0.26024834245039635,0.15642022857487473,0.003823795455996159,0.8822975789988199
assigned,1048,0.2600632332858851,0.19839942152171888,0.0015124362559058256,0.9873991716741509
total,1,0.259690189659761,0.0,0.259690189659761,0.259690189659761
engines,5,0.2584190064072998,0.14920477002422422,0.11375625440096591,0.49819927861550883
-s,1,0.255188355137331,0.0,0.255188355137331,0.255188355137331
several,122,0.2543157111347859,0.22675897553553473,0.001476274954701795,0.9190244528080778
est,1,0.253612460969568,0.0,0.253612460969568,0.253612460969568
Fuel,238,0.2531735632169597,0.1347073219063889,0.004376919168672837,0.8070625682271632
easier,25,0.2530248480054605,0.23626869989414356,0.017536299603000943,0.9730422557269249
minimize,43,0.25290607342203536,0.24591531976043765,0.014368271940235985,0.8702329331185203
given,36,0.2528169297112624,0.2521094150131608,0.005868590518179177,0.8943980145507882
result,9,0.2514846239208795,0.07026330229991376,0.18712066190144042,0.42503451943836856
adds,2,0.25115486346687077,0.1950525151587092,0.056102348308161576,0.44620737862557996
-path,1,0.25086510552819974,0.0,0.25086510552819974,0.25086510552819974
most,402,0.24919367144847182,0.22523175856739303,0.0010852861888305152,0.9636570524648509
Div,462,0.24788510307723177,0.1476735226675083,0.002330386141056654,0.7256488677026303
isol,22,0.2478774316169072,0.1945935607205273,0.04106616642820265,0.6440581371742479
shortest,72,0.24768488178626344,0.1722730145807075,0.011113575690802525,0.7090867768617316
complex,1,0.2475996873761939,0.0,0.2475996873761939,0.2475996873761939
requires,121,0.24623902767295597,0.2083070305237957,0.006695994653814589,0.9665106068085477
stop,1,0.2459052128563535,0.0,0.2459052128563535,0.2459052128563535
doesn,65,0.24582612341520338,0.15120360999851204,0.0414956544739498,0.7907629307155072
one,601,0.24403080925675272,0.27406805784562743,0.0002634757647352025,0.9909306974419988
completed,887,0.2429707523884048,0.22762591429082735,0.0008005374306596547,0.9060414284163416
Assigned,2,0.24260238713628313,0.020619815333105848,0.2219825718031773,0.263222202469389
complet,2,0.24228858518870305,0.08052092740022605,0.161767657788477,0.3228095125889291
scrutin,1,0.2421801102111996,0.0,0.2421801102111996,0.2421801102111996
Orange,2,0.2414189795830066,0.0069754770337240035,0.2344435025492826,0.2483944566167306
Although,1,0.24116493403635428,0.0,0.24116493403635428,0.24116493403635428
indicating,9,0.2409321312738302,0.28163715552078045,0.017916953400869684,0.8903481213107834
af,21,0.2408625244441395,0.16141090410772835,0.030996310534634714,0.650475227500103
prompting,1,0.24041764788295586,0.0,0.24041764788295586,0.24041764788295586
suggests,13,0.23921591671332637,0.18267310666324466,0.0117272949833731,0.5697273618992812
free,9,0.23908195279707523,0.1080523906752056,0.12487876358407148,0.500470672701962
puts,5,0.2389380422325297,0.19669509930285725,0.04617696445283137,0.5794216816668593
center,1,0.23889849649309672,0.0,0.23889849649309672,0.23889849649309672
logical,235,0.23871505690295583,0.18704556739125203,0.009255665624227333,0.8819940825253957
This,494,0.2382450373583028,0.2336979125187381,0.005478828014261296,0.9977735856430276
support,1,0.23723489322208707,0.0,0.23723489322208707,0.23723489322208707
addressing,1,0.2370093398368183,0.0,0.2370093398368183,0.2370093398368183
purpose,3,0.2355533199112669,0.137131017760501,0.11114809003166912,0.4265964491778861
allows,344,0.23478756716923457,0.2811735479395893,0.0042151400695591215,0.9873742777737623
power,3,0.23468928089464858,0.0442835941731203,0.1720628214243957,0.26600251062977504
mitig,1,0.23458787754240693,0.0,0.23458787754240693,0.23458787754240693
Aster,109,0.23447939764984005,0.11674368034359095,0.033861800589119834,0.6579759325734575
high,20,0.23333632708621588,0.2216518850588492,0.005728956854861599,0.6868034048418873
Gar,303,0.23311086872186476,0.14986727565394783,0.013025947906644603,0.8440400180056833
bring,41,0.23281788230096792,0.22310023995073075,0.04393924471788258,0.9684061306828723
Considering,183,0.23262411512482856,0.13616505825754235,0.05298748142341712,0.6972585712959032
ship,146,0.23164890975794203,0.12069790869836479,0.02361673487297237,0.8457100923571332
part,50,0.23065301946150402,0.14218742460345835,0.05953764914617621,0.8155170633423353
benefits,49,0.23048302227960574,0.24496084591324607,0.014040724164088346,0.9229609815681187
considering,181,0.2291566080685994,0.24662443182239274,0.0013901442069834099,0.9929321695988214
:,3831,0.22868914014884362,0.21775472621697384,0.0012511286672911514,0.996532075031131
However,601,0.22716322392786492,0.1440575230220019,0.041406707232076685,0.9990721400160428
risking,1,0.22648647948457012,0.0,0.22648647948457012,0.22648647948457012
popular,1,0.22643232378656764,0.0,0.22643232378656764,0.22643232378656764
among,56,0.2250592959711284,0.230582097837557,0.0072505411924631636,0.9537640875894394
-,585,0.22466056202663648,0.10810857344708955,0.014002315799629564,0.893708275574532
grouping,1,0.22420416070670737,0.0,0.22420416070670737,0.22420416070670737
prime,2,0.22412782134904954,0.0010815763175295312,0.22304624503152,0.22520939766657908
impact,6,0.22330282966392115,0.20143248899550734,0.009628885413092324,0.6183163229776438
->,51,0.2230831233330309,0.14857272908317123,0.026673939471796172,0.5563406942053057
actor,8,0.2224769681245965,0.14286762895847588,0.05757501645509296,0.44219864972775524
50,3,0.2211058863569909,0.011649264073340873,0.20562607987492504,0.23372838354325307
facilitate,1,0.22036291616211567,0.0,0.22036291616211567,0.22036291616211567
couple,1,0.22036254254376092,0.0,0.22036254254376092,0.22036254254376092
"""),",1,0.22004921198796012,0.0,0.22004921198796012,0.22004921198796012
helping,8,0.21903173593927835,0.18738816357564214,0.05299207675753276,0.6832021113927796
collaborating,1,0.21711491989608875,0.0,0.21711491989608875,0.21711491989608875
convenient,21,0.2156954935049949,0.23309111236061172,0.004392626166706538,0.798016197222134
proximity,32,0.2151251701423224,0.17832082496672275,0.008150517585385646,0.8433850350985144
allowing,68,0.21460790046022282,0.23841267511319444,0.0018858785823625843,0.9606683904565729
""",",21,0.21446112013951119,0.22035668109865283,0.011785624257927552,0.8271990783421299
lose,1,0.2130085224202952,0.0,0.2130085224202952,0.2130085224202952
spent,9,0.2123127629392878,0.173210084166008,0.04218455409200664,0.5220920406165782
equal,2,0.21200277853065919,0.09175354894570398,0.1202492295849552,0.30375632747636316
-consuming,1,0.21089881747898218,0.0,0.21089881747898218,0.21089881747898218
minimal,3,0.21026323967110092,0.14714868964122155,0.05541485672226893,0.4080850599356709
involving,3,0.2096876777220659,0.08146569389028255,0.10587180401860435,0.3048586148965669
sense,133,0.20959363095638261,0.12183299432952298,0.0370925553769968,0.7073707652424434
efficiently,184,0.2094394590287896,0.2199245191106356,0.0011943431950529684,0.9817683358366938
delay,19,0.2084610146545065,0.08613973619024158,0.015440500835960377,0.38886636580389383
urgently,1,0.20805520568378313,0.0,0.20805520568378313,0.20805520568378313
enable,1,0.20793407067637912,0.0,0.20793407067637912,0.20793407067637912
indicator,2,0.20772715953209347,0.16695876007827143,0.04076839945382205,0.3746859196103649
React,236,0.20625055154960528,0.13836624413761653,0.004281857274960282,0.7433419847764815
don,98,0.20510628795300098,0.13922021259219447,0.029403823295604863,0.6729720622408214
keeps,22,0.20470160106169316,0.19110856507457882,0.009327535255986693,0.783985271772062
left,14,0.2038953773696924,0.21459242398380748,0.01483167874425276,0.8523117992226571
Engines,238,0.20371102245021006,0.14425071115791332,0.0011064315181394013,0.7497063046679072
iate,1,0.20334564998538773,0.0,0.20334564998538773,0.20334564998538773
partially,1,0.2027392244942689,0.0,0.2027392244942689,0.2027392244942689
Engine,1333,0.20141900925256023,0.1478993629985397,0.00456595037359186,0.9483870300644942
direct,58,0.20062553003840367,0.2986349834399303,0.005316605449912898,0.9943512663469642
reass,13,0.20047294446780237,0.18874773919579785,0.009227606922823168,0.5303350160354785
beyond,1,0.19999411027861738,0.0,0.19999411027861738,0.19999411027861738
offering,2,0.19754554467026708,0.05412566173015605,0.14341988294011102,0.2516712064004231
compelling,1,0.1972946424665127,0.0,0.1972946424665127,0.1972946424665127
close,49,0.19717328718767746,0.25987278684157183,0.010260028032612728,0.9316013074304438
meaning,3,0.19591436879313515,0.057219854531889706,0.14321901262766001,0.2754463228220696
such,50,0.19544005575728765,0.13676261662435923,0.05725689219493988,0.7607583615805141
izing,8,0.19540209928768112,0.20878711532317312,0.005436027395216753,0.5272477720216368
number,81,0.19532082512326793,0.16428824483808815,0.016121306316670924,0.8518284324992874
against,50,0.19353736322971546,0.2730341626562082,0.0013779383706070795,0.9459475709163703
alongside,1,0.1926433117217223,0.0,0.1926433117217223,0.1926433117217223
ality,1,0.1920428479543457,0.0,0.1920428479543457,0.1920428479543457
including,209,0.19130273103121484,0.16373903352332156,0.0027813726847088637,0.9186230261651659
distances,1,0.19045736319639456,0.0,0.19045736319639456,0.19045736319639456
functionality,3,0.19026747877829128,0.018539059729265107,0.16906740705378065,0.2142265124556745
Accept,411,0.18995118689691165,0.1473606756444885,0.005639949768433159,0.8092048474239696
easiest,4,0.18970199149502998,0.0918256718864979,0.06968213611620497,0.32698141499787275
"),",332,0.18943314938817885,0.21251670666661363,0.0010011876895120698,0.9482495724082791
trans,2,0.18619270989350895,0.012427729567587337,0.1737649803259216,0.19862043946109628
initiated,8,0.18601113044967763,0.2509229864123192,0.01897134835860873,0.7965721136377013
reducing,41,0.1859259098664841,0.23366416122774183,0.001518277634412799,0.850715079252723
six,2,0.18573557126237616,0.00571661616513601,0.18001895509724014,0.19145218742751216
two,321,0.18508710924271898,0.2182212440145264,0.0003221692377353749,0.9490090104054238
linear,3,0.18470009309880844,0.09527708522425024,0.09473791834754408,0.31655286624581724
finish,4,0.18400821382235855,0.1235959735579169,0.03535591974185481,0.3258868268024178
importance,1,0.18387248379509438,0.0,0.18387248379509438,0.18387248379509438
tie,1,0.18369063285493945,0.0,0.18369063285493945,0.18369063285493945
(,911,0.18347211855510787,0.20456418511448837,0.0019608877122445196,0.9972361768087294
relatively,95,0.1827803298051642,0.20475631704671646,0.003264411236881206,0.9766692695660762
allies,5,0.18270357944438503,0.04312818880531072,0.11498754938882987,0.24174059715158888
increases,8,0.1823048909119877,0.11130460641572715,0.07075475892462386,0.4507974448239555
primary,138,0.1821985942985153,0.1722581397325426,0.009490195049418835,0.8444470002691634
progresses,11,0.18188528884447083,0.04973879477124073,0.12444513999589298,0.2791084433712881
traveling,4,0.18039518090210768,0.0645661403528135,0.0961473052718082,0.26257864153212895
clarity,1,0.18029958280217082,0.0,0.18029958280217082,0.18029958280217082
proposing,1,0.1802586314374039,0.0,0.1802586314374039,0.1802586314374039
minim,19,0.18016688873878878,0.17008921684069334,0.0031271532404520417,0.6511500861385159
Among,8,0.1797125970566377,0.10321666355427418,0.08786146388039646,0.38197326285156924
advances,1,0.17825539856405276,0.0,0.17825539856405276,0.17825539856405276
giving,13,0.17824593224184834,0.22958537797168097,0.017317230853818207,0.8660636810911053
length,2,0.17778095736776697,0.15218678960726936,0.02559416776049763,0.32996774697503634
fashion,1,0.17765689094834067,0.0,0.17765689094834067,0.17765689094834067
longest,1,0.17721206155904667,0.0,0.17721206155904667,0.17721206155904667
role,9,0.17585514101025923,0.21018023503002392,0.005516786040631571,0.5575422615532094
rical,37,0.1752858651669008,0.12110485442796137,0.01327227314726446,0.4861334827851891
aggressively,2,0.1742801014379087,0.12812812329820197,0.04615197813970675,0.3024082247361107
explanations,1,0.17424437359130013,0.0,0.17424437359130013,0.17424437359130013
collaboration,6,0.17417350687849664,0.16253021138579543,0.03603434178404805,0.5259731724885673
wanted,1,0.17386990924875192,0.0,0.17386990924875192,0.17386990924875192
accessibility,3,0.17316528366772335,0.18844882246717556,0.014465373006682306,0.43793420189317217
shorter,118,0.17302350098325758,0.12544637230364017,0.013929011837504937,0.5722641465507716
goal,501,0.17297323271914317,0.2009355789429899,0.002060195340496742,0.957260886103042
underway,1,0.1729646740955831,0.0,0.1729646740955831,0.1729646740955831
brings,10,0.17236211050503908,0.164688898298311,0.029996841352328385,0.4432573436004167
fulfilling,1,0.17137798584044042,0.0,0.17137798584044042,0.17137798584044042
means,30,0.17109733987168965,0.2207937400041204,0.003119875168108916,0.802417482509193
already,1117,0.17058488692724133,0.18008899744236675,0.001333103393317645,0.9070730367932733
isn,2,0.169871682721527,0.002460608956820931,0.16741107376470607,0.17233229167834793
sudden,1,0.16943720052898473,0.0,0.16943720052898473,0.16943720052898473
increasing,13,0.16870761369804774,0.19317544704308873,0.010020838668751272,0.6863719538742519
exclusive,2,0.16737106641493574,0.015538154143054483,0.15183291227188125,0.18290922055799022
main,6,0.1667938629345259,0.08356038817782394,0.033222904403824666,0.26336591648939384
implicated,1,0.16663694214700753,0.0,0.16663694214700753,0.16663694214700753
accordingly,2,0.1663813664554462,0.061758823318472836,0.10462254313697336,0.22814018977391903
building,1,0.1657703055673276,0.0,0.1657703055673276,0.1657703055673276
significantly,3,0.16552866004554256,0.21325137860712656,0.0037432396456131183,0.46683764465888544
",""",115,0.16527208136059063,0.14209163582038042,0.002274304895811224,0.7481653306871296
behind,2,0.16399932905930192,0.0846683579589555,0.07933097110034643,0.24866768701825742
perhaps,1,0.16397503421653517,0.0,0.16397503421653517,0.16397503421653517
marked,1,0.162291228326065,0.0,0.162291228326065,0.162291228326065
reasonable,31,0.16170838341432486,0.14892515740118684,0.014510076130784411,0.5798873990595866
rest,1,0.16109774047065603,0.0,0.16109774047065603,0.16109774047065603
""".",24,0.1608750275754546,0.18796027344646543,0.008320258213487936,0.7310386001416327
collective,1,0.15986838099531078,0.0,0.15986838099531078,0.15986838099531078
actively,2,0.15970555320339216,0.004109209659544616,0.15559634354384755,0.16381476286293678
whereas,1,0.15856851844475384,0.0,0.15856851844475384,0.15856851844475384
accomplishment,2,0.1575393659324708,0.12081883591553035,0.03672053001694046,0.27835820184800114
amount,39,0.1574158208267225,0.08589925560093013,0.042662484197755535,0.44426164158874226
-oriented,1,0.15453811603266582,0.0,0.15453811603266582,0.15453811603266582
Between,5,0.15436606606687261,0.09992889363994616,0.08178486586007462,0.34028345306783475
")"",",2,0.15274526415782202,0.07319211510400518,0.07955314905381684,0.22593737926182722
afterwards,3,0.15015890825465814,0.0719581183367686,0.07418485193406744,0.2467796576553743
finished,7,0.1498369877826404,0.1400693738160524,0.011401939324038672,0.39819738279273326
delays,3,0.14921502885442897,0.06853390165079237,0.07878869480822573,0.24209484237123757
short,116,0.14862842928510459,0.1255745809226281,0.007360389949778426,0.7634123098152082
objectives,28,0.148501360671077,0.17374466797369653,0.003695281377902299,0.5546638179576598
motives,1,0.1483102149640279,0.0,0.1483102149640279,0.1483102149640279
quickly,274,0.14757424712165687,0.24496865575449978,0.001107433758754301,0.9985878970377544
overall,69,0.14745169760306137,0.1339125602064665,0.016817504920310356,0.6742401686671968
quicker,26,0.14699887336146464,0.10608241404177063,0.02675458528274318,0.3881441384012602
arou,13,0.14593888554584117,0.07554091133153723,0.05381549413054653,0.29315380420495313
opens,1,0.145905356196981,0.0,0.145905356196981,0.145905356196981
respectively,33,0.14558392752203797,0.13609113184224367,0.010056234909602762,0.5763480709055401
-efficient,1,0.1449473637716679,0.0,0.1449473637716679,0.1449473637716679
contributes,5,0.14485992907355694,0.06915051374468639,0.025321744941910085,0.2314514816628336
Additionally,663,0.14465466218743556,0.1664866242662082,0.00795332449437122,0.9977910822667125
assuming,4,0.14445771282586575,0.1465192331860597,0.02050653901047551,0.3871481802866633
informative,1,0.14312450603741,0.0,0.14312450603741,0.14312450603741
ahead,1,0.1430843801860663,0.0,0.1430843801860663,0.1430843801860663
uen,1,0.14257737573916787,0.0,0.14257737573916787,0.14257737573916787
coordination,9,0.1424342111271707,0.06623110339033533,0.06549847942996156,0.29679920065483895
won,2,0.1421267581261335,0.009640648346012942,0.13248610978012057,0.15176740647214645
accessible,59,0.14187862323816386,0.12758433918633968,0.013041747891709407,0.6202368163675888
able,17,0.14149468150306815,0.13711684953113687,0.04259833454520536,0.6583442924371443
intelligence,1,0.14115678957517822,0.0,0.14115678957517822,0.14115678957517822
both,141,0.14014171198815648,0.17571469658199768,0.004134504514922241,0.877674606626327
Sk,57,0.1398616733184092,0.03240180912109741,0.09948048681868057,0.24441626940755273
particularly,4,0.13889212285463762,0.10015624806283244,0.012906545509591544,0.27288150398566435
killer,5,0.13790978267866566,0.05677817152063096,0.03873731219078287,0.21382181443561102
-p,3,0.13788877495128815,0.03484769174078854,0.10577927780154493,0.18632063850085304
alleged,4,0.1377819253184207,0.11601586275774793,0.05382949766962964,0.3367082752808479
eliminated,1,0.13756610835394478,0.0,0.13756610835394478,0.13756610835394478
opport,8,0.13695523804948662,0.05168714043732853,0.07434403898221892,0.2528497057109695
sooner,7,0.1366370945756749,0.1276130509744567,0.009328491306990212,0.32081363519287015
limiting,3,0.1362965681784621,0.06581281548723478,0.06915203358743405,0.2256872789263951
count,10,0.13622293334885865,0.09390942198984362,0.021247176016059178,0.3167007902816234
these,113,0.13518198286275113,0.1811327223084218,0.005491050739529542,0.9390543610707216
completion,126,0.1350536346701982,0.1799024216587362,0.0029912639141832864,0.9643507109661081
spaceship,57,0.13404247245331768,0.029766596936387175,0.10485996759042067,0.22423117039684992
serious,5,0.13212386832563067,0.14424794067390748,0.013623810918245181,0.41469308001767713
spending,1,0.13152874486390892,0.0,0.13152874486390892,0.13152874486390892
workload,9,0.13144888966075285,0.07495892385834076,0.06375870002354767,0.2847996871836822
Cond,1694,0.1309332853058982,0.01642607720886018,0.1293293092793045,0.2991502710949137
gives,15,0.13035271482710342,0.17171941031407273,0.01788087963098052,0.7457986471994461
reduce,128,0.1297978046312682,0.17238020495543616,0.009118786968650733,0.8014513287610356
requiring,10,0.12937465540108592,0.10417113200844672,0.017260682876150974,0.386943783796627
threat,5,0.12918375385401432,0.14031330003409534,0.012070386642651138,0.378643806528361
navigation,2,0.12840891514186747,0.03657464895172617,0.09183426619014132,0.16498356409359366
higher,2,0.12823361088483354,0.05383421605496372,0.07439939482986982,0.18206782693979726
urgent,6,0.12768448711429392,0.08509974646063416,0.03962604262610513,0.2978375363712664
readily,24,0.12756719150385396,0.1335847834125185,0.004959129665935067,0.46813402300596235
det,3,0.12619818563641497,0.07246990635897844,0.032033054230780685,0.20831683291292377
ded,1,0.12395981101805555,0.0,0.12395981101805555,0.12395981101805555
Elect,37,0.12326613696036742,0.10301887607249205,0.005921008783187866,0.49874378996228674
49,1,0.12301931226237853,0.0,0.12301931226237853,0.12301931226237853
Sw,2,0.12102193027031471,0.0441877060687399,0.0768342242015748,0.1652096363390546
(s,1,0.11843679979563657,0.0,0.11843679979563657,0.11843679979563657
conven,2,0.1181706164177126,0.04815597513533158,0.07001464128238102,0.1663265915530442
quickest,8,0.1142728410298755,0.10148671888070952,0.022166944125741977,0.29360195970438663
majority,7,0.11338839149245038,0.08135176444732263,0.022209242741600035,0.23241543574812118
especially,139,0.11315473202351817,0.16950697710257542,0.0004868037273696282,0.9253149495048879
straightforward,20,0.11300990040394535,0.17513967634921873,0.003019382514534692,0.839090193432027
only,113,0.11247111122273265,0.2267320443335903,0.0013749504609773444,0.9490391972762658
et,23,0.11202303000297417,0.05635562248659613,0.0538474563277482,0.22959533539867064
whose,1,0.10994853097348388,0.0,0.10994853097348388,0.10994853097348388
opposite,1,0.10844415189914905,0.0,0.10844415189914905,0.10844415189914905
according,1,0.10637428289368839,0.0,0.10637428289368839,0.10637428289368839
third,12,0.10349451314471803,0.06613679471996771,0.017615714977034097,0.22517776664237807
cooperation,4,0.10343291642560296,0.06178781992716921,0.04084364374072845,0.20016084368459697
ensuring,2,0.10328805383974544,0.047663150698375935,0.05562490314136951,0.1509512045381214
pressure,6,0.1022438253755051,0.05721865277449857,0.024213710356119293,0.21591242763117705
active,3,0.1019410248504218,0.10444343769272836,0.007164136267716284,0.24743988427976238
Communic,4,0.10130247940164944,0.014638650726656004,0.07920000022896972,0.11682845749636128
revelation,1,0.10010602940329666,0.0,0.10010602940329666,0.10010602940329666
Moreover,4,0.10008487636764385,0.05487608898862404,0.014380511134319844,0.15445702020254853
tangible,2,0.10004934631003776,0.011261085444083697,0.08878826086595407,0.11131043175412146
outnumber,1,0.0994585015790611,0.0,0.0994585015790611,0.0994585015790611
faster,3,0.09712686347903265,0.06310092500085634,0.017644917939249678,0.1720040761424269
terms,14,0.09548548808573794,0.04040232539121212,0.04278766748278594,0.2145226345183115
key,37,0.09546103786801978,0.15787776365458997,0.001156220652360038,0.6039515531380818
minimizing,8,0.09536172160913454,0.12282126974145902,0.006125317839697742,0.3088698712271754
second,6,0.09484610612226736,0.10554372907795916,0.02141247129089049,0.31731146142076916
afterward,7,0.09421933370320082,0.09985975060685491,0.0058774710661343155,0.31714757403830324
assignments,33,0.0939299067089262,0.10231311117969395,0.0023099115679511262,0.4201703159698683
serves,1,0.0937799307144273,0.0,0.0937799307144273,0.0937799307144273
win,47,0.09280580561874514,0.06071086159035281,0.025970665357656506,0.3733422368282494
shouldn,1,0.09261956518715994,0.0,0.09261956518715994,0.09261956518715994
objective,102,0.091911629663693,0.13622320791638662,0.002374953909147876,0.7761883040745758
Task,1,0.09034030892922508,0.0,0.09034030892922508,0.09034030892922508
compared,101,0.09014367524559189,0.13745660169694743,0.0029623702350021763,0.8333771418361668
v,1,0.0901360545756619,0.0,0.0901360545756619,0.0901360545756619
-only,1,0.08948088230351996,0.0,0.08948088230351996,0.08948088230351996
arous,124,0.08944962487322757,0.05841773237972564,0.01968854842990309,0.40167539939791586
")"".",1,0.08816411198565503,0.0,0.08816411198565503,0.08816411198565503
considerations,1,0.08723333890576195,0.0,0.08723333890576195,0.08723333890576195
critical,12,0.08693232206289632,0.11221082556807271,0.005204700144004998,0.39870701699461875
assistance,1,0.08691314105325806,0.0,0.08691314105325806,0.08691314105325806
ellow,3,0.08563525205482958,0.024377586001038523,0.06538250605052967,0.11992295280031827
earliest,1,0.08352337644673102,0.0,0.08352337644673102,0.08352337644673102
degree,2,0.08291634155889499,0.016085332969341122,0.06683100858955388,0.09900167452823612
recent,1,0.08064167285438885,0.0,0.08064167285438885,0.08064167285438885
Both,4,0.08022254040729958,0.03346146291311227,0.0308937619117106,0.11911568266390132
ug,1,0.07974467353228581,0.0,0.07974467353228581,0.07974467353228581
achieved,1,0.07958493587559964,0.0,0.07958493587559964,0.07958493587559964
sequence,3,0.07934797956861335,0.04678621771201156,0.013229418545118627,0.1145699361611503
winning,90,0.07857426839086665,0.06614879036691725,0.011571383830670282,0.4433578118524208
forward,1,0.0767009259227096,0.0,0.0767009259227096,0.0767009259227096
riority,3,0.07274188788595563,0.010127334514122753,0.061938983964602026,0.0862868837122302
top,1,0.07091532044930486,0.0,0.07091532044930486,0.07091532044930486
versus,7,0.0708602137138466,0.07981771552454703,0.00349723906832248,0.20136333103812687
accepting,2,0.06987707128182295,0.0,0.06987707128182295,0.06987707128182295
anyway,3,0.06890758062534627,0.028766330775755803,0.030261266172396457,0.09923525800733386
maximize,28,0.06875308293656833,0.12223430651393194,0.00780993109789516,0.6176861770802495
achievable,1,0.06805927903878643,0.0,0.06805927903878643,0.06805927903878643
contribution,2,0.06660566484207699,0.053848850775941245,0.01275681406613574,0.12045451561801823
initi,1,0.0659076416695518,0.0,0.0659076416695518,0.0659076416695518
rushed,1,0.06555913782441242,0.0,0.06555913782441242,0.06555913782441242
success,3,0.06453995685369111,0.031066692356286556,0.03930414652815697,0.10830388052365231
priorities,3,0.05934632999568513,0.02758029095468213,0.03940638562874195,0.0983474516172997
managing,3,0.05627562926476548,0.008292032037125993,0.04467803030463291,0.06357724833714307
depending,1,0.05599016637342988,0.0,0.05599016637342988,0.05599016637342988
fulfill,4,0.05503096345049548,0.012181129674882442,0.0375192895949204,0.06674007425358276
freeing,4,0.054410341407697876,0.02216394271121583,0.027087173871536505,0.08854154359080092
maximizing,1,0.05041532484442649,0.0,0.05041532484442649,0.05041532484442649
ultimate,2,0.046294318779787014,0.03819666106293676,0.008097657716850254,0.08449097984272377
requirements,1,0.04486013905030498,0.0,0.04486013905030498,0.04486013905030498
goals,6,0.04398562814780046,0.02507456608137016,0.012849886147673408,0.08672607731897812
aforementioned,1,0.041908031482687826,0.0,0.041908031482687826,0.041908031482687826
""":",1,0.04181123454963143,0.0,0.04181123454963143,0.04181123454963143
thus,2,0.04105191184674081,0.034662816904417006,0.0063890949423238055,0.07571472875115783
Firstly,1,0.03823932825262399,0.0,0.03823932825262399,0.03823932825262399
finishing,6,0.03795490762515417,0.02590926577801988,0.007916373695315984,0.08078716441707397
bringing,13,0.03786257182946884,0.012302972540295639,0.018923782632591597,0.06293605273362259
sensible,2,0.0366642570737609,0.027537986697608353,0.009126270376152547,0.06420224377136925
"(""",6,0.036332890624140565,0.05061688455571891,0.0005525629373371163,0.14696484675426116
saves,2,0.035299909682019834,0.0038841371912992466,0.031415772490720584,0.03918404687331908
decided,2,0.035254686591984274,0.01602303521965998,0.019231651372324295,0.05127772181164425
""")",2,0.03245802233561518,0.03034724704660331,0.0021107752890118675,0.06280526938221849
probable,1,0.0316130713685095,0.0,0.0316130713685095,0.0316130713685095
posed,2,0.031012247844478213,0.02683754200009481,0.004174705844383404,0.05784978984457302
preferable,1,0.02972666469105004,0.0,0.02972666469105004,0.02972666469105004
victory,1,0.028629563813746914,0.0,0.028629563813746914,0.028629563813746914
achieving,6,0.02738127312908702,0.01574144161798135,0.004464000886190012,0.056811686863671516
These,1,0.025910940988816984,0.0,0.025910940988816984,0.025910940988816984
implying,5,0.025431724549571037,0.016747551708812813,0.008190043758973907,0.04930911836805753
saving,6,0.022081623454381406,0.010871523485685765,0.006775584442668478,0.03679013803239201
itself,1,0.021136347049897433,0.0,0.021136347049897433,0.021136347049897433
inevitable,1,0.020574923736681214,0.0,0.020574923736681214,0.020574923736681214
helps,5,0.02028760658842704,0.013605560216469997,0.009855213422753787,0.04608807536355166
reduces,25,0.019692326145411977,0.026421523484565848,0.0016437924587700155,0.12405732598841791
ates,1,0.01545479935633363,0.0,0.01545479935633363,0.01545479935633363
-sensitive,2,0.015350019242778118,0.00024581436358458303,0.015104204879193535,0.015595833606362701
considers,1,0.014783029270916792,0.0,0.014783029270916792,0.014783029270916792
unfinished,2,0.011142387803509183,0.0005391180552304893,0.010603269748278693,0.011681505858739671
thereby,2,0.00916753728305908,0.0037086080972733525,0.0054589291857857275,0.012876145380332433
holding,1,0.008725027841949074,0.0,0.008725027841949074,0.008725027841949074
primarily,1,0.008460838885664889,0.0,0.008460838885664889,0.008460838885664889
despite,1,0.007944176680714845,0.0,0.007944176680714845,0.007944176680714845
impacting,1,0.00634894858140808,0.0,0.00634894858140808,0.00634894858140808
optimizing,1,0.003216543425635415,0.0,0.003216543425635415,0.003216543425635415
Secondly,1,0.0030113850996685335,0.0,0.0030113850996685335,0.0030113850996685335
