token,count,mean,std,min,max
...,1,0.9567788228534155,0.0,0.9567788228534155,0.9567788228534155
allegedly,5,0.941285294074817,0.01592793079988981,0.9138875147526359,0.9608199816606916
involvement,5,0.9388869024044861,0.05935155359249241,0.8269738804724113,0.9870564103009934
issues,1,0.9311161342215996,0.0,0.9311161342215996,0.9311161342215996
feature,4,0.9283308967626298,0.034487862983654784,0.8787623760004236,0.9618746463173985
actual,7,0.9280970932924405,0.06997584620518238,0.7769977558522689,0.9893840278856962
actually,7,0.9272956721332771,0.04572004818390076,0.8597325955498698,0.9950719139152078
control,1,0.9207272589640676,0.0,0.9207272589640676,0.9207272589640676
fake,384,0.9171207419859124,0.06387410363243874,0.4849977477827234,0.992643947664288
disappearing,1,0.9133833408310529,0.0,0.9133833408310529,0.9133833408310529
misinformation,3,0.9103228703389629,0.04792162343991661,0.8638091792298007,0.9762655495415686
KE,104,0.9073483478743827,0.07394502597489348,0.6305083585313317,0.9930482780121441
suddenly,1,0.896645359710476,0.0,0.896645359710476,0.896645359710476
thought,4,0.8947743359918056,0.055653550934828974,0.7984786663583145,0.9305433739784956
appeared,1,0.89157527719091,0.0,0.89157527719091,0.89157527719091
elsewhere,1,0.8878495613341477,0.0,0.8878495613341477,0.8878495613341477
stated,2,0.886566098429352,0.02635809809294931,0.8602080003364027,0.9129241965223013
intercept,1,0.8858156187124995,0.0,0.8858156187124995,0.8858156187124995
term,1,0.8827728860926226,0.0,0.8827728860926226,0.8827728860926226
ideas,1,0.8825339500653329,0.0,0.8825339500653329,0.8825339500653329
specifics,1,0.8804264132853293,0.0,0.8804264132853293,0.8804264132853293
unfolded,1,0.8645113319887952,0.0,0.8645113319887952,0.8645113319887952
specified,1,0.8605976855512388,0.0,0.8605976855512388,0.8605976855512388
ILL,45,0.860003334142064,0.06201886515576497,0.7332287451944228,0.9552680144616152
possibilities,1,0.8592931737011243,0.0,0.8592931737011243,0.8592931737011243
indicated,1,0.8542142498192529,0.0,0.8542142498192529,0.8542142498192529
listed,1,0.8531048124461637,0.0,0.8531048124461637,0.8531048124461637
arrival,1,0.8518103582335729,0.0,0.8518103582335729,0.8518103582335729
appearance,1,0.851314210024277,0.0,0.851314210024277,0.851314210024277
Was,1,0.8507326400859011,0.0,0.8507326400859011,0.8507326400859011
killing,326,0.8490000929917169,0.10897563296659299,0.3341851240781594,0.9894622360817139
mis,4,0.8464859878377804,0.08253410641625507,0.7088565943200124,0.9232078620635946
clarification,1,0.8437902362429232,0.0,0.8437902362429232,0.8437902362429232
Regarding,2,0.842369853581172,0.01949395510361074,0.8228758984775613,0.8618638086847827
disrupt,3,0.8399168579531223,0.0551558014452878,0.78818700216228,0.9163412574092907
related,3,0.839425966264295,0.09941412198298796,0.7636292508447342,0.9798713615869542
stating,1,0.8381806429100827,0.0,0.8381806429100827,0.8381806429100827
lucky,1,0.8364605855266658,0.0,0.8364605855266658,0.8364605855266658
advantages,1,0.835822105493762,0.0,0.835822105493762,0.835822105493762
experiences,1,0.828755587100928,0.0,0.828755587100928,0.828755587100928
perspective,4,0.8280601394022129,0.09194135297360537,0.6716147533160644,0.8943737838579453
hunt,1,0.8274384633104618,0.0,0.8274384633104618,0.8274384633104618
accidents,1,0.8265276832138396,0.0,0.8265276832138396,0.8265276832138396
cal,3,0.8252582191023997,0.07550501189325697,0.7335954624750111,0.9185233882945638
chaos,6,0.8250528814818431,0.14006985245945147,0.5422779667191203,0.9255076802016976
real,2,0.8237237371298014,0.07277666383099685,0.7509470732988045,0.8965004009607982
confusion,9,0.8227176876901865,0.04990090813825316,0.7470649242144859,0.9193031306021882
reluctance,1,0.8209695719985237,0.0,0.8209695719985237,0.8209695719985237
relocated,1,0.8203206557526294,0.0,0.8203206557526294,0.8203206557526294
proceeded,12,0.8200066822570004,0.1324017586159976,0.5344868043341461,0.982101346778189
scenario,2,0.8199591841098554,0.026303609779658177,0.7936555743301972,0.8462627938895135
accident,1,0.8179963388660348,0.0,0.8179963388660348,0.8179963388660348
distributor,3,0.8123004476408461,0.05224502539172852,0.7432635830042726,0.8696168515385764
-like,1,0.8121689101528213,0.0,0.8121689101528213,0.8121689101528213
essentially,1,0.8118169724714094,0.0,0.8118169724714094,0.8118169724714094
Specifically,1,0.8107583290002847,0.0,0.8107583290002847,0.8107583290002847
guard,30,0.8081457279280404,0.15312631278122338,0.2601210567360056,0.9235175109692504
involved,5,0.8059181093941851,0.21664910811952764,0.4020173267040695,0.9910677266876423
hostile,1,0.8034609167424636,0.0,0.8034609167424636,0.8034609167424636
Killing,71,0.8030520161095158,0.11609593833111653,0.4423326936113523,0.9420490187736257
sabotage,76,0.8015121746817574,0.0599485557181738,0.6467677391941313,0.959176725306576
instantly,1,0.8004919757695943,0.0,0.8004919757695943,0.8004919757695943
classified,2,0.7990602355671377,0.017571875496260048,0.7814883600708776,0.8166321110633977
pired,2,0.7983636443069306,0.01999537676214541,0.7783682675447853,0.8183590210690761
interrupt,2,0.7980720457020047,0.016108772321293485,0.7819632733807113,0.8141808180232982
yours,1,0.7942048048729371,0.0,0.7942048048729371,0.7942048048729371
stumble,1,0.7934338026418352,0.0,0.7934338026418352,0.7934338026418352
imply,3,0.7925854697685452,0.02581514841415387,0.7644442554846833,0.8267977470358533
meant,1,0.7922686121411002,0.0,0.7922686121411002,0.7922686121411002
correctly,5,0.7916419952093496,0.19263801374250158,0.45582231798847556,0.9529867549898032
implicated,1,0.7910342591780193,0.0,0.7910342591780193,0.7910342591780193
kill,524,0.7910163052116942,0.13045711879317565,0.22438991760230662,0.9776134232764744
frame,2,0.7889718325058258,0.03203324916122674,0.7569385833445991,0.8210050816670525
ected,23,0.7887792299039768,0.11643438149722342,0.5375121191037687,0.9565814103485533
exhibiting,2,0.7883202878744083,0.03617510384610523,0.7521451840283031,0.8244953917205136
characteristic,2,0.7858198566169762,0.05458867636500819,0.731231180251968,0.8404085329819844
indicative,3,0.7851386447512206,0.06526303422868726,0.735106834136973,0.8773223168821509
accessing,2,0.784538065029765,0.02701651088604251,0.7575215541437225,0.8115545759158075
K,45,0.7833871189972155,0.10357584098094577,0.46620755170519296,0.9771032866039528
misunderstanding,3,0.7826075967084262,0.08906653049933846,0.686866869385388,0.9013620568340049
encountering,61,0.7816486201510895,0.09027103155318124,0.5278665457751366,0.9191809341870566
Maybe,2,0.7814915700780414,0.05436293996319619,0.7271286301148452,0.8358545100412376
favor,1,0.7806031483430299,0.0,0.7806031483430299,0.7806031483430299
catch,38,0.7793723096342051,0.07199287062970988,0.6095158826918285,0.9082610634346199
connection,3,0.7791207196365567,0.1303050052228202,0.6037332098215368,0.9157890355920589
performing,1,0.7755124010535877,0.0,0.7755124010535877,0.7755124010535877
arise,1,0.7754957954032237,0.0,0.7754957954032237,0.7754957954032237
features,2,0.7749505611231902,0.09916474217010374,0.6757858189530864,0.8741153032932939
throw,3,0.7691799083772161,0.011218447568377282,0.7599801664561494,0.7849737022518118
ENT,16,0.7687483749893118,0.0554885400085544,0.5859387023590201,0.8390339971906958
trail,2,0.7682275820848659,0.059801026262196244,0.7084265558226696,0.828028608347062
interested,6,0.7676614494013565,0.1426372380242524,0.4700073998596519,0.9226796233899055
story,6,0.7668570055354267,0.2277459550977446,0.26615055785522446,0.9324120226666993
mobility,1,0.7651288132100572,0.0,0.7651288132100572,0.7651288132100572
death,23,0.7628144843053444,0.15222618239555072,0.41209145638943473,0.9392441834738201
walking,1,0.7624587099767812,0.0,0.7624587099767812,0.7624587099767812
aggressive,5,0.7623230454981597,0.11763238652668159,0.5788847307646222,0.8861031105497561
comment,2,0.7621962816988608,0.024976112657006222,0.7372201690418545,0.787172394355867
ED,2,0.7614214107853341,0.002029483541079291,0.7593919272442547,0.7634508943264133
mix,1,0.7577878100327461,0.0,0.7577878100327461,0.7577878100327461
exhibit,3,0.7575421086521038,0.07287175978587888,0.6575771219257291,0.8292200193432213
associated,2,0.7573109463345953,0.012825584467334727,0.7444853618672606,0.77013653080193
mention,1,0.7552300685383079,0.0,0.7552300685383079,0.7552300685383079
add,1,0.7542343145982539,0.0,0.7542343145982539,0.7542343145982539
unique,1,0.7532335287124323,0.0,0.7532335287124323,0.7532335287124323
vents,70,0.7527895542804063,0.09254546860686305,0.2917288038503944,0.8875893984897322
experience,1,0.7492546009781932,0.0,0.7492546009781932,0.7492546009781932
crimes,1,0.7486282137733885,0.0,0.7486282137733885,0.7486282137733885
vent,304,0.7484032138119862,0.08375871681517408,0.3560093098809889,0.9243943626352001
process,8,0.7477369052385106,0.2150738460114953,0.19562349682226288,0.8493289364511838
diversion,48,0.7470181784140694,0.08041659726536023,0.5345260943588027,0.9073713759764599
ging,1,0.7464681845992143,0.0,0.7464681845992143,0.7464681845992143
finds,1,0.7462392105857601,0.0,0.7462392105857601,0.7462392105857601
One,3,0.7442483269430286,0.03524677767235393,0.6958616273628847,0.7788122351670613
victim,2,0.7437638652880245,0.15320450578705008,0.5905593595009744,0.8969683710750745
happened,32,0.7435991524585812,0.20358862282746745,0.19734997069025428,0.973931937577809
interfere,2,0.7422723889363423,0.08929344876385659,0.6529789401724857,0.8315658377001989
claiming,4,0.7418301795613448,0.070242227396304,0.629991719172349,0.8186086417708307
entering,3,0.7403573065885619,0.15276873909311248,0.5400712897986505,0.9106541821254842
visiting,1,0.7386625442111288,0.0,0.7386625442111288,0.7386625442111288
seeing,2,0.7377337078773245,0.20656646389065192,0.5311672439866726,0.9443001717679764
vicinity,6,0.7369475940791551,0.11159660910801703,0.5595652272257474,0.8634116734230811
blame,2,0.7368511337042882,0.12938047981005157,0.6074706538942367,0.8662316135143399
Several,1,0.7366555680144345,0.0,0.7366555680144345,0.7366555680144345
foul,4,0.7342562513181041,0.09295109080630724,0.5735597177919138,0.7930317036430314
surprise,5,0.7340894434842911,0.046871791486148985,0.6500323930590971,0.7784095539831142
Vent,70,0.7334115877564418,0.0648136892388407,0.5930110377567208,0.8865209429611524
ed,491,0.7309298936948821,0.09278698359083186,0.26092934353193675,0.904278533864705
accidentally,2,0.7307269595832456,0.10073656788166452,0.6299903917015811,0.8314635274649101
download,4,0.7292849254878836,0.03960580497630988,0.6733243908731817,0.7745344527642612
hasn,1,0.7276163079916421,0.0,0.7276163079916421,0.7276163079916421
shown,4,0.7273567796781208,0.045171120998667554,0.6716139467278013,0.7738605608461218
deflect,28,0.7272160659333615,0.13010492779150784,0.4037967851700963,0.9657726412772664
develops,1,0.7259374561936544,0.0,0.7259374561936544,0.7259374561936544
unintended,1,0.725616653808572,0.0,0.725616653808572,0.725616653808572
attempting,10,0.725614354164452,0.14318786881268958,0.5028982409201784,0.9305667272533664
Three,2,0.7244427901589499,0.014036307572073192,0.7104064825868767,0.738479097731023
distractions,2,0.7243104314412914,0.19618251574887885,0.5281279156924125,0.9204929471901702
thinking,5,0.724086361326484,0.26849920428347795,0.36601386996235724,0.9855165122817091
thereof,2,0.7239230142820983,0.06386802095553462,0.6600549933265636,0.7877910352376328
seemed,6,0.7238192644256296,0.12065510583995809,0.5812145018240386,0.9281688567954316
play,4,0.7228651491303459,0.03618444929603186,0.6745103656186996,0.7679748014351309
last,1,0.7225764524762618,0.0,0.7225764524762618,0.7225764524762618
ality,1,0.7221665686374169,0.0,0.7221665686374169,0.7221665686374169
ibrate,63,0.7209446370383695,0.12037914291233778,0.16714329274959197,0.892835156582876
full,5,0.7205188791205339,0.051456250022212977,0.6422249798738613,0.7787730436049041
show,11,0.7195007005842226,0.21940658689582535,0.20986026034651567,0.8863638471641975
alleged,4,0.7192611781914692,0.17562353026389152,0.5381998698601188,0.9717249185653992
highly,13,0.7188258868069486,0.1030417759053285,0.5114068036465502,0.9180226669206831
something,27,0.7157608097905749,0.15722462268203938,0.3847863990822996,0.9355272622183173
found,15,0.7153846594548081,0.13665156078044446,0.4124472251843626,0.8694136066099452
anymore,1,0.714051955044308,0.0,0.714051955044308,0.714051955044308
exclusive,2,0.7140153312762616,0.14733832829793697,0.5666770029783246,0.8613536595741985
claim,9,0.7132852483829475,0.049998571724043185,0.6208095914014372,0.7663233933828366
sees,2,0.7130291668974005,0.042575865233401344,0.6704533016639992,0.7556050321308019
rim,2,0.7125509870828315,0.09718601817070488,0.6153649689121267,0.8097370052535364
larger,1,0.7102612150028415,0.0,0.7102612150028415,0.7102612150028415
ground,5,0.7090278292296686,0.06290566808488907,0.5932956135009233,0.785347183819709
craft,1,0.7085329753389885,0.0,0.7085329753389885,0.7085329753389885
intend,1,0.7071183406009933,0.0,0.7071183406009933,0.7071183406009933
dangers,1,0.7059973957488082,0.0,0.7059973957488082,0.7059973957488082
feel,1,0.7057817626262087,0.0,0.7057817626262087,0.7057817626262087
created,1,0.7050385784064473,0.0,0.7050385784064473,0.7050385784064473
preparing,1,0.7050276355235608,0.0,0.7050276355235608,0.7050276355235608
en,1,0.7045433688097124,0.0,0.7045433688097124,0.7045433688097124
testimony,3,0.7025396082254968,0.08228867541581429,0.6133480690136611,0.8118716980257348
unwanted,1,0.7018423875839546,0.0,0.7018423875839546,0.7018423875839546
complicated,1,0.7004197838855832,0.0,0.7004197838855832,0.7004197838855832
intel,1,0.6992998315075555,0.0,0.6992998315075555,0.6992998315075555
aked,2,0.6980213106041956,0.13253884370605373,0.5654824668981419,0.8305601543102493
mentions,1,0.697603761484559,0.0,0.697603761484559,0.697603761484559
Reporting,1,0.6970152081220159,0.0,0.6970152081220159,0.6970152081220159
vag,1,0.6964650436381051,0.0,0.6964650436381051,0.6964650436381051
trying,69,0.6960487517914792,0.2011049777519753,0.12575530428555018,0.9387404648264748
earlier,16,0.6951943729403314,0.14867986426605437,0.3594769872088037,0.8507740346958825
details,17,0.6950034109890325,0.21033212384322264,0.18910834217397576,0.9395315974621362
encounter,15,0.6948724341426504,0.11929736663640844,0.4702650515055325,0.9375761524710244
killings,9,0.6943408354020996,0.13423706113393344,0.5184992996499485,0.9209031559416747
goes,15,0.6940369123981339,0.18961467800942383,0.29912906379051774,0.8905358639948179
maybe,2,0.693940205578055,0.008742021608452666,0.6851981839696024,0.7026822271865077
Filter,62,0.6930255540237201,0.21316802254427084,0.12807887300772003,0.9022090211847971
wiring,82,0.6923849388101954,0.19691702189825025,0.06321780622437766,0.912690565722262
space,2,0.6920059929081537,0.05885540940597339,0.6331505835021802,0.750861402314127
diverted,3,0.6906284194763893,0.04830537134449729,0.6564713638309608,0.7589425307672459
seemingly,276,0.6903136164947944,0.17841397532972006,0.10326278756794191,0.9705310652084961
interruptions,1,0.6891958366131478,0.0,0.6891958366131478,0.6891958366131478
radar,1,0.6890399049955116,0.0,0.6890399049955116,0.6890399049955116
tell,10,0.6886993149673981,0.15529293721925486,0.2930864116951552,0.8514453104204378
creating,19,0.688608485711445,0.14623256124477604,0.37432465354498906,0.8918631105178826
Initially,15,0.6873104572499271,0.1400616355950682,0.3446574258945476,0.8675030991825988
discord,1,0.6860362283861478,0.0,0.6860362283861478,0.6860362283861478
lurking,10,0.6857140200194688,0.10392868239235431,0.44128012676048894,0.8460195090837024
pretending,9,0.6856446357700339,0.13209113718927626,0.44957291540471767,0.8176229410769951
sign,4,0.6852485201264444,0.196840280886315,0.36946985623226497,0.8915144087200061
saw,19,0.6841323519438237,0.19176703550779056,0.2801794820863476,0.9647886171872574
looking,18,0.6839188807864807,0.07919825605723298,0.5324181316177345,0.8836428461507863
-only,1,0.6838142639806698,0.0,0.6838142639806698,0.6838142639806698
similar,5,0.6810206175337822,0.13195432864820952,0.5480159917481364,0.9194518056091722
interfering,4,0.680684047777333,0.08486314281059047,0.5876455482131642,0.8179743153243262
secluded,11,0.6804561484581669,0.1042677929906637,0.5048838207482069,0.8675117052519713
used,19,0.6801601415396629,0.1427819098320156,0.3707299342519807,0.9040034654047508
recently,10,0.6790883672515413,0.14002590559042466,0.40757354694433995,0.8706827522143823
separation,2,0.6788722846161306,0.06931860600854867,0.6095536786075819,0.7481908906246793
way,102,0.6787576370492584,0.19189792098763025,0.27987923983316415,0.9913792309291035
transit,1,0.678472627005649,0.0,0.678472627005649,0.678472627005649
VENT,61,0.6779618682611728,0.13287928153170053,0.38491117412889037,0.935141975843499
reaction,1,0.6776907083951673,0.0,0.6776907083951673,0.6776907083951673
mimic,6,0.6775256020986681,0.15364877568499055,0.4370829682123454,0.853793057818217
description,1,0.6768684414250787,0.0,0.6768684414250787,0.6768684414250787
ibr,2,0.6767905689072589,0.1652695683757715,0.5115210005314874,0.8420601372830304
involving,3,0.6762156751429623,0.25355300883450005,0.3217551041708859,0.9003711154306022
strike,35,0.6760776376502448,0.1681270109706841,0.2043552750241228,0.9549811440461656
targeted,12,0.6760576821855216,0.10525759943988536,0.47551247100694305,0.8948436337054061
Did,4,0.6760426950844856,0.12044649727558275,0.48626247190980976,0.8092534762496427
acts,4,0.6760382993144193,0.1198956957137314,0.5096609146033539,0.848462266296716
eliminate,390,0.6758398182151726,0.09637609341462264,0.28006368731506703,0.9650160600212009
deviation,1,0.6747914478436768,0.0,0.6747914478436768,0.6747914478436768
accidental,6,0.6739473801783729,0.09567395487245371,0.5196213530072541,0.8140245409757787
topic,1,0.6736132546319317,0.0,0.6736132546319317,0.6736132546319317
act,66,0.6735122770304061,0.14460604654439585,0.3258547984538803,0.9666775694882511
killed,179,0.6734408702934906,0.1862499375537269,0.15223819037342465,0.9585157416538401
witnessed,16,0.6729653018864843,0.2817222068222099,0.21197323917253813,0.9697519203672252
test,1,0.6727877402839127,0.0,0.6727877402839127,0.6727877402839127
encounters,4,0.6726515320781685,0.04874061265254083,0.6394735174405412,0.7564876986516094
upon,3,0.6726310135905971,0.08069360966601312,0.6118253214734963,0.786665126625181
anything,80,0.6716727845816578,0.14576535590355644,0.26531426004887493,0.9394275541847306
create,131,0.6712985800420516,0.16085885000693392,0.1100988485935262,0.9275013421666363
lone,21,0.6711659826789723,0.06736154799941553,0.5457172118333161,0.8098805748125452
did,12,0.6706384780724298,0.2172528853510392,0.2730444134269203,0.967791136023378
resources,1,0.6704109592093387,0.0,0.6704109592093387,0.6704109592093387
motives,1,0.6701656443213911,0.0,0.6701656443213911,0.6701656443213911
alternative,8,0.6687294814840119,0.18143250094023222,0.3842912106695952,0.9308502606657606
higher,2,0.6686448837590487,0.0607493991000595,0.6078954846589892,0.7293942828591082
concerned,7,0.6671509087391687,0.28583579279778576,0.14657366959992454,0.9807261493906506
Then,6,0.6664412914598384,0.1121604256505003,0.4343788217068655,0.7755668748241833
coinc,1,0.6660567699341542,0.0,0.6660567699341542,0.6660567699341542
congreg,3,0.6654982468934394,0.057101938789043946,0.6051170797009158,0.7421273178310538
layer,1,0.6650305523247001,0.0,0.6650305523247001,0.6650305523247001
An,1,0.6648257120415949,0.0,0.6648257120415949,0.6648257120415949
fix,76,0.6643756046789712,0.165573499724638,0.07730809559176964,0.8772155626006922
trap,1,0.6639338017195394,0.0,0.6639338017195394,0.6639338017195394
tries,6,0.6638787718512393,0.15316340226289354,0.3988096494356141,0.8931592652760614
sow,1,0.6635058607765686,0.0,0.6635058607765686,0.6635058607765686
resource,1,0.663297698365774,0.0,0.663297698365774,0.663297698365774
mentioned,14,0.6628100841080962,0.13388629232838972,0.3956594448003344,0.8826640276895973
compromising,2,0.6627665072956082,0.017380153725739478,0.6453863535698687,0.6801466610213477
deal,1,0.6606391252145672,0.0,0.6606391252145672,0.6606391252145672
spot,4,0.6590038273671137,0.12520414418165243,0.5506544376050506,0.8616077468219198
indicates,9,0.6570024394374937,0.19609515518224124,0.2695664040445401,0.8978494185177653
convenience,1,0.6569081768193932,0.0,0.6569081768193932,0.6569081768193932
discover,1,0.6568038975598184,0.0,0.6568038975598184,0.6568038975598184
tool,1,0.6566790189838984,0.0,0.6566790189838984,0.6566790189838984
simultaneously,3,0.6563577531938344,0.10295470731336748,0.510864346422278,0.7339272230550443
crowd,1,0.6558954671586156,0.0,0.6558954671586156,0.6558954671586156
occurring,2,0.655798614999549,0.01302228512567799,0.642776329873871,0.668820900125227
uen,1,0.6556493757084706,0.0,0.6556493757084706,0.6556493757084706
discrepancies,2,0.6549478279576786,0.2198650659693594,0.4350827619883192,0.874812893927038
element,2,0.6548236689438249,0.038028558730056616,0.6167951102137683,0.6928522276738815
mate,571,0.6537917362269,0.15890987664246145,0.1190708679778154,0.9615529654436632
possibility,56,0.6537496757859592,0.15019851030396025,0.19281360543633824,0.9464225013553131
clar,1,0.6534351859019136,0.0,0.6534351859019136,0.6534351859019136
icking,2,0.6532539273568148,0.14235532553408003,0.5108986018227347,0.7956092528908948
ating,26,0.6527294916045498,0.17943528185781063,0.20095503733245113,0.9528310018097788
data,6,0.6511247512566661,0.11125200221812337,0.40379982426040206,0.7140713441182046
system,19,0.6511117174768593,0.14165528651675835,0.38434783471119094,0.8960256100389149
reacts,4,0.6506457326300239,0.11819251221059068,0.5183176583143935,0.8170898914961873
olds,30,0.6504356804529536,0.1261927884875657,0.18850410399892112,0.8304759902149643
explained,1,0.6501970656828714,0.0,0.6501970656828714,0.6501970656828714
amb,1,0.6501351294601941,0.0,0.6501351294601941,0.6501351294601941
mission,4,0.6493602687918365,0.07559920967459156,0.5734588441182369,0.727400233625845
ambush,10,0.6487214695820465,0.14054565121802995,0.40155768934714076,0.8274487119859384
find,176,0.6484022256451353,0.15727860033359561,0.24088909480153137,0.9285419036548851
lead,145,0.6464341399035708,0.16243353545799916,0.19144559713236525,0.9550169734058237
someone,77,0.6463249283986559,0.16342033243880685,0.1571183139330176,0.9447607682624544
interaction,3,0.6451382311005095,0.10153290985404302,0.5074083598119955,0.7491636501214335
behaves,4,0.6448022199346495,0.08859999900442725,0.5336156391089047,0.7510530461199156
raises,13,0.6444868233780917,0.19621940042533959,0.19253334784830964,0.8788212822626161
insight,129,0.6441803496935057,0.15535296573355323,0.22826250458346484,0.9207782393629464
enters,4,0.6438828199379497,0.06706550921349277,0.5579578289492204,0.7312035152679471
personally,1,0.6422796250955826,0.0,0.6422796250955826,0.6422796250955826
attempt,29,0.6422011554726987,0.14574841306165545,0.2679734288181028,0.8989965619344468
ost,1683,0.6402273162010628,0.06913409618377801,0.14239414177596676,0.9010269322986362
connections,6,0.6390528878792464,0.12671742482652737,0.4249199186584395,0.7764555844037028
visible,2,0.6384543341320815,0.15883078350179988,0.47962355063028167,0.7972851176338814
mean,3,0.6382447453715031,0.17339752452780255,0.41192111977014817,0.8331577944903434
Prime,34,0.6368341413079027,0.08289572686919759,0.4608419231630428,0.8111604727254336
revelation,1,0.6367102518966938,0.0,0.6367102518966938,0.6367102518966938
outdated,1,0.6360153933188507,0.0,0.6360153933188507,0.6360153933188507
empty,5,0.635980464086083,0.14345498090270442,0.44356832707444677,0.7735285000017991
occurs,8,0.6359530591117775,0.1073127405203707,0.45529584179651483,0.8115984233898696
ushed,1,0.63558719998248,0.0,0.63558719998248,0.63558719998248
ates,1,0.6353676966811084,0.0,0.6353676966811084,0.6353676966811084
body,60,0.6352180047523146,0.14194107977032625,0.2047032001152943,0.864428116272329
fulfilling,1,0.6350212368625238,0.0,0.6350212368625238,0.6350212368625238
groups,1,0.6350069597151003,0.0,0.6350069597151003,0.6350069597151003
stall,1,0.6348518015051253,0.0,0.6348518015051253,0.6348518015051253
card,57,0.6343709419707715,0.15691622336610647,0.14336110504643276,0.8880521848287801
portion,1,0.6343252748898767,0.0,0.6343252748898767,0.6343252748898767
located,350,0.6340542225731616,0.17000757323926918,0.16113207799333437,0.9375421426634889
prompting,1,0.6333582975200137,0.0,0.6333582975200137,0.6333582975200137
pivotal,2,0.6326368835340221,0.007363391331204339,0.6252734922028178,0.6400002748652265
guilty,1,0.6324825128552426,0.0,0.6324825128552426,0.6324825128552426
learning,1,0.6324044634980626,0.0,0.6324044634980626,0.6324044634980626
onto,1,0.6321514152759656,0.0,0.6321514152759656,0.6321514152759656
context,7,0.6320351183643554,0.2521275513939647,0.10293144412169955,0.8665265036048266
indeed,2,0.6319954416573794,0.2235267377842395,0.4084687038731399,0.8555221794416189
gone,14,0.6318556854951636,0.13525630838258004,0.2856602035374422,0.8204431392528513
dangerous,5,0.6317703518964918,0.07639058816351374,0.5042252311800302,0.7334505978895842
scan,3,0.6315691382702805,0.025206959344544085,0.5970452686374748,0.6565228231007584
leads,13,0.6314288720825132,0.17932390385488353,0.3032978078411817,0.9125828871290168
sw,10,0.6309659672140133,0.2805917430305847,0.10107748761164072,0.9260079533567105
submit,3,0.6306667786973187,0.13670807937525128,0.5067589166502942,0.8211461147655406
worked,2,0.6306260890468214,0.05857019600795749,0.572055893038864,0.6891962850547789
couple,1,0.6305068809194413,0.0,0.6305068809194413,0.6305068809194413
Task,1,0.6302275641497324,0.0,0.6302275641497324,0.6302275641497324
target,90,0.629992179571765,0.15027213138522372,0.18047365371041774,0.9228278066407849
chute,2,0.6284726145429304,0.0,0.6284726145429304,0.6284726145429304
downloading,1,0.6271894287121983,0.0,0.6271894287121983,0.6271894287121983
indicate,31,0.6268317809345119,0.1481032123495538,0.32389266455782384,0.8664189618812238
response,4,0.625919855736599,0.2267428307440621,0.2588043248517839,0.87845528858361
happy,1,0.625888962455721,0.0,0.625888962455721,0.625888962455721
eliminating,22,0.6255644732456241,0.17334640254404843,0.2392648425753685,0.9459148719185522
exposing,1,0.6253107088774125,0.0,0.6253107088774125,0.6253107088774125
disclose,2,0.6242813998175569,0.35035820683532876,0.27392319298222817,0.9746396066528856
working,231,0.624230366287276,0.15272138256850654,0.055968820467828105,0.9183185670873594
duration,7,0.6240355412779046,0.06486388634651942,0.5446510672628888,0.7461605444092132
Distrib,62,0.6239478404507942,0.15574684169393002,0.13232189519118012,0.8557501533479731
aggressively,2,0.6235445689187508,0.08598144994023993,0.5375631189785108,0.7095260188589907
innoc,3,0.6227880172726185,0.1472685074429805,0.4413689318554295,0.8020828663898822
grouping,1,0.6222548004098757,0.0,0.6222548004098757,0.6222548004098757
discovering,1,0.6210201603867208,0.0,0.6210201603867208,0.6210201603867208
length,2,0.6206702574267713,0.07169470831945618,0.548975549107315,0.6923649657462274
h,3,0.6194995849977626,0.16975297425135472,0.42520902590614096,0.8387615807894275
isolated,52,0.6191760126587541,0.12851190482200472,0.300684617504964,0.8300236722014325
Some,3,0.6188377343526595,0.04264745467345515,0.55852969752064,0.6496348742870788
accompanied,1,0.6183945958422891,0.0,0.6183945958422891,0.6183945958422891
speak,10,0.6182824436726443,0.1507107334442254,0.3883611138212623,0.8221002374327393
showing,3,0.617374978534333,0.12402637274711668,0.5048812872567042,0.7901666171596221
ert,462,0.6170068193324412,0.12948067487835305,0.1741836972204743,0.9221822653962819
lower,2,0.6166893999986605,0.06525045041879513,0.5514389495798654,0.6819398504174556
manipulate,1,0.6156347863074515,0.0,0.6156347863074515,0.6156347863074515
hearing,4,0.6155526278140074,0.0656595267930217,0.5674886641563441,0.7278296335512808
ability,15,0.6145095523680872,0.13675384029102217,0.4033876231603717,0.9393266461966411
starts,1,0.6135340233588595,0.0,0.6135340233588595,0.6135340233588595
occur,1,0.6131902065108488,0.0,0.6131902065108488,0.6131902065108488
Multiple,10,0.6124180758155446,0.1971929602876703,0.19214286904361919,0.8011451221420411
Sample,104,0.6117010423629563,0.19184246922955156,0.09277529232503716,0.8428796341920229
wasted,1,0.6115614720906132,0.0,0.6115614720906132,0.6115614720906132
headed,4,0.6114688167160066,0.17179521397462275,0.35204289053790017,0.7900562625946997
ipe,1,0.6107164463789321,0.0,0.6107164463789321,0.6107164463789321
stories,4,0.6103931094476203,0.15598090089419547,0.38969991298684303,0.7632449544288571
interest,8,0.609989978892586,0.21266026190914775,0.14496051186273426,0.8549018437184277
swipe,47,0.6091810273970981,0.1251632050715601,0.22069081503137175,0.9226460461658789
tactic,3,0.608766977485227,0.07215550000569838,0.5080178011632994,0.6731710657958173
Man,30,0.6082199722857242,0.17714232192246446,0.27940921784312117,0.8446506819808318
environment,4,0.6069389382606325,0.22620366151564716,0.2156806111979732,0.7503344557458029
bodies,16,0.6066982467943464,0.14128327579185923,0.20872667264731787,0.8363792198230879
intentions,164,0.6066690403348867,0.14352606955308966,0.183223657734305,0.9398664860024298
them,331,0.6060405592888758,0.19676875611314132,0.07489957084837887,0.9549121863067968
area,141,0.6053594010983847,0.1606226214945728,0.07963512268444038,0.9694179111544724
departure,1,0.6052455138489882,0.0,0.6052455138489882,0.6052455138489882
crime,6,0.6051986859467758,0.15112947019389458,0.43915477722471846,0.9075272073485079
categorized,1,0.6051054737534105,0.0,0.6051054737534105,0.6051054737534105
reflects,1,0.604646918130026,0.0,0.604646918130026,0.604646918130026
player,287,0.6045101675599871,0.20605746803006628,0.11262432029570084,0.9608780281577207
try,103,0.6041719490840994,0.1976534729052922,0.061808782048724496,0.9131685359909884
presumably,8,0.6040894858384103,0.10532106173541991,0.4312037233146446,0.7125144401181064
V,16,0.6037860875869421,0.11932753531870502,0.38561022505673065,0.8251974612153193
relocate,2,0.6035092967994402,0.18840478008095465,0.41510451671848553,0.7919140768803948
solitary,8,0.6033636010893964,0.13553184624372172,0.3595774460694065,0.8010615705149101
themselves,8,0.6023297064411907,0.19180067892342356,0.2292156474993496,0.826339192679464
mates,646,0.6018717210361498,0.14931381700549298,0.04306079942691526,0.8556966012499254
job,2,0.6012596772073555,0.28483207729583426,0.31642759991152125,0.8860917545031898
aim,9,0.6010583716358449,0.19267734406439713,0.292129401924625,0.9346979409163866
known,13,0.6010488120264144,0.20775167640624626,0.24550122373722524,0.8820904319240188
away,25,0.6001870970088113,0.14944331028546218,0.3086098188112671,0.8305341086569215
indirectly,5,0.5984737871707887,0.16632674377806042,0.2792801531330718,0.7455339065548287
manner,1,0.5982670509794635,0.0,0.5982670509794635,0.5982670509794635
pretend,26,0.5981758698539653,0.1836247829330058,0.22849467710600566,0.9005515894912366
feeling,1,0.5981155470960261,0.0,0.5981155470960261,0.5981155470960261
efforts,44,0.5980071045518845,0.17471803661402258,0.18686985289669703,0.9609181728278593
turning,1,0.5977799081298728,0.0,0.5977799081298728,0.5977799081298728
vague,2,0.5974140031618881,0.18822585495542007,0.40918814820646804,0.7856398581173082
oneself,1,0.5963007077617888,0.0,0.5963007077617888,0.5963007077617888
usage,2,0.5962045199845125,0.031227819768463727,0.5649767002160488,0.6274323397529763
incident,19,0.595797662556819,0.2566950493839771,0.09666448645932998,0.9791527832843004
cannot,4,0.5957914290478885,0.27651205347914737,0.3133369751728749,0.875911337028597
happening,2,0.5957527787311574,0.11925381159345538,0.476498967137702,0.7150065903246128
behave,5,0.5956147401201758,0.1054133661740218,0.462608518808274,0.7599895863565646
attacks,4,0.5953362809986056,0.2119644661391505,0.3802448213058757,0.8968277800321643
utor,62,0.5945964334875737,0.2456552633905644,0.055737123140829375,0.855987247284453
curious,1,0.5942181262342676,0.0,0.5942181262342676,0.5942181262342676
Unlock,30,0.5932825313394258,0.11215085287241877,0.36996595134195637,0.8555066477485719
achieved,1,0.5924298288004738,0.0,0.5924298288004738,0.5924298288004738
ga,1,0.5923504831885111,0.0,0.5923504831885111,0.5923504831885111
presents,7,0.5920281599146984,0.11336837430323454,0.3942146665583433,0.6947099387665211
ize,43,0.5919429592320176,0.13380969301770257,0.281311513004516,0.8751742358892554
serve,9,0.5912615478852816,0.1938256048454499,0.21402689798218819,0.7974171381542356
murder,8,0.5911303313453138,0.15579471208940646,0.368674785620676,0.840363715719975
seen,156,0.5910141484700273,0.15716518244893563,0.25945649844309354,0.8824334174874289
solitude,4,0.5909388724028202,0.14729165445664302,0.4455842643703815,0.8167884438203644
Also,9,0.590563636772842,0.17491176500362304,0.378985705554022,0.924489598626145
eliminated,1,0.5903761232568625,0.0,0.5903761232568625,0.5903761232568625
notices,1,0.590336169661619,0.0,0.590336169661619,0.590336169661619
Power,462,0.590172169008711,0.17512951414918118,0.04416493716607842,0.8590832241088113
nearby,22,0.5900640731894334,0.2177534339208965,0.12132644349775075,0.8586877838895021
ers,1,0.5900452354990353,0.0,0.5900452354990353,0.5900452354990353
?,71,0.5898138614998867,0.2489747938390129,0.10022959961335466,0.9845505513352814
falls,1,0.5895248582500133,0.0,0.5895248582500133,0.5895248582500133
specifically,7,0.5894667048351379,0.30743483273478595,0.16052176368311358,0.9545307028513972
ute,170,0.589433199449441,0.14682127557589653,0.056915578208617645,0.8274756218992355
At,14,0.5883425791265211,0.1508741581859698,0.29229928186219645,0.764166063647495
dispers,2,0.588066423227608,0.08179995142891255,0.5062664717986954,0.6698663746565205
difficulty,2,0.5865852020665683,0.07075104117672087,0.5158341608898473,0.6573362432432891
kills,47,0.586281064673068,0.15577141186251084,0.10175457657679533,0.8707472824593848
insights,40,0.5861787284443922,0.20731957312205512,0.14587912514456422,0.905316093311927
Samples,1,0.5860728538719706,0.0,0.5860728538719706,0.5860728538719706
signs,6,0.5858876607045506,0.15267701344113702,0.4373647498176019,0.8365403325024258
advantageous,6,0.5846305363271133,0.17667531140352055,0.3781599514564125,0.862921519384793
took,1,0.5845855881860185,0.0,0.5845855881860185,0.5845855881860185
general,8,0.5845588350800903,0.14955125715768983,0.35636232270080437,0.8539695901336393
isolate,248,0.5840102800105826,0.12725030473882282,0.2769625172256502,0.8788055016914396
flags,2,0.5837227179709008,0.04341123471968339,0.5403114832512174,0.6271339526905841
bold,1,0.5834992853607243,0.0,0.5834992853607243,0.5834992853607243
enter,3,0.5823597822784367,0.07753484116908521,0.5065703428770757,0.6888799203683225
functionality,3,0.5821379310634912,0.039944362845037294,0.5256582411643083,0.6113060304572375
stealth,20,0.5812151639724796,0.15383670074093445,0.23916548942831267,0.8067359755843756
expressed,4,0.5809673277402261,0.21861358044557,0.3000535735937416,0.8089820852805626
Re,8,0.5807646252187354,0.1499432288379063,0.22457793294610368,0.729089172784018
potential,702,0.5805313648419191,0.19366401010876869,0.09853716707360449,0.9497706207223396
Speaking,2,0.5803687240144932,0.05452906164316945,0.5258396623713238,0.6348977856576627
connects,5,0.5803172485528547,0.20203978494035366,0.30085420305434435,0.8992438091164645
systems,2,0.580008320139336,0.12704296906990545,0.45296535106943053,0.7070512892092414
disclosed,1,0.5792458721170276,0.0,0.5792458721170276,0.5792458721170276
danger,23,0.5790141578041715,0.1444707331803693,0.3076708701914765,0.8211207461304404
itate,2,0.5783715983686193,0.03866225227841741,0.5397093460902019,0.6170338506470368
various,37,0.5781650214989881,0.168685563246336,0.27096552285407294,0.8539477332524968
repercussions,9,0.5780782976937996,0.14844777002145512,0.36284126553871143,0.8721864724122691
special,6,0.578019579215233,0.14837266589582224,0.3811134357657698,0.7948157843594146
checked,1,0.5777131634080328,0.0,0.5777131634080328,0.5777131634080328
accessed,4,0.5771049342124006,0.15026193236853316,0.4026066670295772,0.8172551542426835
joining,1,0.5770767268121048,0.0,0.5770767268121048,0.5770767268121048
busy,2,0.5768952269689767,0.17432059271641315,0.40257463425256346,0.7512158196853898
indicating,9,0.576619645861443,0.21386762070834425,0.21254456990114576,0.9066652141552868
occupied,3,0.5765555406181723,0.12238434275762049,0.44927015043481155,0.7417645348091322
alongside,1,0.5764286796221728,0.0,0.5764286796221728,0.5764286796221728
guilt,3,0.5762507679428182,0.17885648389197645,0.37194297745315896,0.8075487989593753
Upload,69,0.5760131592409737,0.17907971402099213,0.07849666180717864,0.9117487229726438
imesteps,1,0.5753124264034802,0.0,0.5753124264034802,0.5753124264034802
advantage,52,0.5752584300232949,0.17630635433456396,0.15823360387526744,0.9172889204651102
identical,1,0.5752365520229491,0.0,0.5752365520229491,0.5752365520229491
anyone,264,0.5750381953583864,0.17713285711322052,0.16475560883538268,0.8868802004387233
mim,2,0.5746764194037663,0.04410490691249336,0.530571512491273,0.6187813263162597
your,25,0.5746628427402589,0.23637231009242557,0.12102564768063616,0.9587534708339367
iping,11,0.57423802855377,0.1637251519574994,0.2618002715076257,0.7180126703614407
TASK,538,0.5737024016525263,0.11930116218404317,0.2584867407998081,0.954002236680055
arrive,1,0.5734392461108322,0.0,0.5734392461108322,0.5734392461108322
access,6,0.5732299369807884,0.21695747286512584,0.2469138018223826,0.893380310040729
harm,18,0.5725359316160645,0.17671811630147305,0.2626237196085848,0.8516957689722192
accused,28,0.5725069330154826,0.1857066284614512,0.30695232099829667,0.9158205885402995
accordingly,2,0.5723604077832152,0.23768980880098273,0.3346705989822325,0.810050216584198
reasoning,2,0.5713891125728652,0.15507265770369277,0.41631645486917235,0.7264617702765579
unnecessarily,5,0.5713246068978396,0.13441619726551876,0.39280983906413214,0.7953181543878343
activities,169,0.5704440820986502,0.13629159518669248,0.22169453030787514,0.9783235036385604
commit,5,0.5701304132834181,0.26678883566522016,0.09681203861748386,0.8197824863334335
Furthermore,2,0.5694900098705395,0.06852781139890657,0.5009621984716329,0.6380178212694461
care,1,0.569244158919552,0.0,0.569244158919552,0.569244158919552
identification,1,0.5689993184085128,0.0,0.5689993184085128,0.5689993184085128
places,1,0.568650024230325,0.0,0.568650024230325,0.568650024230325
ifying,1,0.5685217007933537,0.0,0.5685217007933537,0.5685217007933537
noteworthy,1,0.5679240529938575,0.0,0.5679240529938575,0.5679240529938575
lack,5,0.5677540537426592,0.21483015617923804,0.25534827051977654,0.8897848769450987
doubt,2,0.567442018603602,0.03236831538561474,0.5350737032179873,0.5998103339892168
different,529,0.5673780503665979,0.15954883899846722,0.1580223406057295,0.9516853340184451
wis,1,0.5673352336223103,0.0,0.5673352336223103,0.5673352336223103
meet,3,0.5672293630561532,0.13281713104649653,0.45155660363550776,0.7532275350258831
Perhaps,9,0.5668292502880597,0.1324403294182908,0.41396022231799945,0.7865698018294671
hidden,1,0.5667188162086102,0.0,0.5667188162086102,0.5667188162086102
place,21,0.5666124694968719,0.1895558940661612,0.17759595820074858,0.8518870532340209
they,222,0.5665820367830064,0.2187065139601912,0.07769512828650238,0.9463486972702807
direction,17,0.5654861184816306,0.2155443457938293,0.18846741989890378,0.9438703607306096
into,189,0.5649235908449074,0.16874247772668788,0.12744403647449343,0.934233427859814
confrontation,5,0.5647212252780989,0.07751778411548356,0.42867234798950105,0.6669560925531117
end,1,0.5637450536274827,0.0,0.5637450536274827,0.5637450536274827
Div,462,0.5627412752546577,0.18546837173861977,0.06755647000299493,0.8943700194957243
integrate,1,0.5624836170186462,0.0,0.5624836170186462,0.5624836170186462
briefly,2,0.5623934480136651,0.13961017565576447,0.42278327235790064,0.7020036236694296
misunderstand,5,0.5623303503348523,0.17342903272565796,0.3976055749043877,0.874232233988727
interact,15,0.5622479480523508,0.29266310243871896,0.0660142356460729,0.8810400006894413
contributing,15,0.5618128653496306,0.17896347294292997,0.1608949335806193,0.9079134701514344
connected,54,0.5613787429670446,0.14243954696101893,0.24647605554910096,0.8347636980139097
cafeteria,2,0.5611612609968089,0.08148708911343511,0.4796741718833738,0.642648350110244
Download,382,0.5611021372688901,0.15904905732988048,0.13246957293260483,0.9135017533759678
acting,24,0.5611002975899749,0.17235693271196184,0.2372555074142238,0.8620128730182419
Ch,170,0.5610786920440345,0.16878599604311972,0.05794725495216277,0.8538964523316079
ing,306,0.560920281363681,0.20022771181135093,0.05307230747138774,0.9220523567117144
you,81,0.5607440048717548,0.2408657520975453,0.05016604517729714,0.9751266353581741
overlap,4,0.5606268549232855,0.08485444312038298,0.4207955720727926,0.6493770638685183
near,4,0.5600969023558243,0.21112481955385956,0.35415099828999874,0.8746614459453554
unusual,43,0.5594192320859156,0.21329596623716335,0.13775242614985192,0.8717545329457078
fully,2,0.5592898529157451,0.02391743866046836,0.5353724142552767,0.5832072915762134
alignment,1,0.5591252018319396,0.0,0.5591252018319396,0.5591252018319396
assumption,1,0.5588712291454561,0.0,0.5588712291454561,0.5588712291454561
There,70,0.558267661254984,0.14949349977118723,0.12490958246613167,0.8163181096256974
steering,1,0.5578765448391317,0.0,0.5578765448391317,0.5578765448391317
arises,1,0.5577484183948312,0.0,0.5577484183948312,0.5577484183948312
ourselves,12,0.5575048244084332,0.2396503551272675,0.20965912696349764,0.9196279223799411
what,65,0.5575001469882355,0.19555437432972075,0.03857563485870446,0.8470545068499604
compared,101,0.5571409134841546,0.19273613120112595,0.08039205102023016,0.8879052381364747
idea,111,0.5560508323901693,0.16183255438655716,0.12532046711634923,0.9388518293521593
look,12,0.5555222959237065,0.17827861430201358,0.3079703317126162,0.9310712350612279
option,203,0.5555081561591084,0.2125720434189278,0.1192618856447226,0.9866574294353646
worry,1,0.5554852304568014,0.0,0.5554852304568014,0.5554852304568014
noticeable,2,0.5554718549007688,0.027038705012027098,0.5284331498887417,0.5825105599127959
leading,9,0.5550998605320859,0.14639516451678278,0.27734419783528474,0.7594727377448165
hot,1,0.5546422926516519,0.0,0.5546422926516519,0.5546422926516519
conver,1,0.554571214815137,0.0,0.554571214815137,0.554571214815137
v,1,0.5526358012085679,0.0,0.5526358012085679,0.5526358012085679
indication,9,0.5500240806792964,0.18063346883672893,0.30391666598203176,0.8741029171972468
new,32,0.5497705355330803,0.24485573532832225,0.051909284898467495,0.9368793206113143
deception,1,0.5496922962825953,0.0,0.5496922962825953,0.5496922962825953
Has,15,0.5494298106098615,0.1469392760481506,0.32859830937829937,0.8280605511815828
Clean,61,0.5490183694588754,0.13384646751324702,0.25525290122677546,0.8704794820668332
beneficial,273,0.5486969605788719,0.21811930206633706,0.04796795105754381,0.9563380021896118
engaged,15,0.5485166005789698,0.2334865246403397,0.13840935577127889,0.9538687860491875
true,10,0.5483927372757157,0.14828899436531454,0.38452535399119775,0.8549220756828056
ably,4,0.547855887513202,0.12673896974911958,0.33869656490834577,0.6791361117396308
valid,2,0.5478334605183544,0.025552831971486667,0.5222806285468677,0.5733862924898411
spots,2,0.5474722327254291,0.17545306023798232,0.3720191724874468,0.7229252929634115
ings,8,0.5474288642120235,0.2229254814032288,0.0973193641752905,0.8625313801170168
abil,42,0.5470711833221844,0.09541282132658707,0.32926815858658026,0.7278007154441376
bottleneck,4,0.5469321574956266,0.061363535306716385,0.4899855142374072,0.6490738014312527
value,3,0.5465580562955744,0.09474331502809837,0.4747351047677618,0.6804263661199246
uncover,4,0.545411948071235,0.1767339169648411,0.2587510271683364,0.7053832054946895
hand,131,0.5453164031957634,0.2540864048888748,0.03563646838869688,0.9444805730403848
mistaken,1,0.5452824532465022,0.0,0.5452824532465022,0.5452824532465022
Current,3,0.545225576230569,0.1547060564779402,0.42704207614152784,0.7637708966222635
targets,19,0.5450381183969728,0.14598389151744293,0.2537024312333397,0.7447596236567728
decides,4,0.5436891699546827,0.191406700363103,0.37453110364208575,0.8636975314021702
available,132,0.5432134991175533,0.2030845855812443,0.12797445972806976,0.9446832623677035
doing,574,0.5430901171329369,0.24871427166445748,0.020082486429901025,0.9566239561160852
seriousness,1,0.5428905138277597,0.0,0.5428905138277597,0.5428905138277597
Clear,109,0.5421245487975196,0.14294684527495005,0.17612740265675503,0.8235921821185055
Our,37,0.5418915449367088,0.18760084596495358,0.08720688758075874,0.7775830639584739
parity,1,0.5410561625077933,0.0,0.5410561625077933,0.5410561625077933
isn,2,0.5409973712446774,0.06722132563499023,0.4737760456096871,0.6082186968796676
genuine,4,0.5405925995537271,0.18289353116124119,0.35042612424726555,0.8305122502717307
FA,104,0.5405186076978546,0.156564672679886,0.23272213614806378,0.9126196681189187
isolation,5,0.5403509421640272,0.17505113322863955,0.29442608614021265,0.7437670598307109
eld,57,0.5402058129697975,0.06410310598748231,0.45817119160601555,0.6230934589481236
falsely,1,0.5400177079432799,0.0,0.5400177079432799,0.5400177079432799
Sh,9,0.539862304871671,0.1477065828665676,0.3021363941093066,0.814267710424999
shift,3,0.5396595482048422,0.09481988664491499,0.45947232692243156,0.672832283854215
camera,1,0.539550811722864,0.0,0.539550811722864,0.539550811722864
shortly,1,0.5394613675167856,0.0,0.5394613675167856,0.5394613675167856
along,34,0.5387100001623157,0.2037188178116015,0.1032970848454593,0.8491837036890467
sets,4,0.538596997498126,0.1965971007450187,0.2575661723691332,0.7370931390086333
heading,64,0.5382459124816651,0.1760784824885717,0.15820424373842698,0.9303877972865349
likelihood,2,0.5375547818184045,0.2555632464064396,0.28199153541196487,0.7931180282248441
their,653,0.5368872763226569,0.20159643135605262,0.04609610844151601,0.9629037328925885
purpose,3,0.5367433379147886,0.0639344061837207,0.4469693683862233,0.5909517087031911
seeming,3,0.5365728287569821,0.02675386442383321,0.49873715084290615,0.5554906677140201
due,30,0.5364448723791406,0.14057366382466885,0.258131686474445,0.8975007467444696
points,2,0.5363430244016363,0.03690224766685543,0.4994407767347809,0.5732452720684917
Wiring,1801,0.5362511526683059,0.20827214757573068,0.03169318905635054,0.9456126972948101
opportunities,108,0.5354574865088987,0.13607900960119132,0.17499313623991072,0.8568324390123987
complications,1,0.5353781571956107,0.0,0.5353781571956107,0.5353781571956107
previously,11,0.5351474922697529,0.23283348943885612,0.16323680959780457,0.8196422380694139
labeled,13,0.5350308953398673,0.10714118659857383,0.325876253633448,0.7240734105529082
there,475,0.5347607560325649,0.18529895657319836,0.11043753743856399,0.9632613125040916
discreet,13,0.5340924474520496,0.13185167771064804,0.30426011642188916,0.8421068358020384
knowledge,1,0.5335197055859976,0.0,0.5335197055859976,0.5335197055859976
fact,48,0.5326771685790628,0.17967957337172405,0.14619736223017013,0.8713819056957584
separate,5,0.5326351626140367,0.07322890681961784,0.46993043680345864,0.6252825756227169
introduced,1,0.5323973335063321,0.0,0.5323973335063321,0.5323973335063321
stalk,1,0.532385758478153,0.0,0.532385758478153,0.532385758478153
desired,1,0.532108225417636,0.0,0.532108225417636,0.532108225417636
pick,3,0.5315372540163953,0.08390412904933427,0.4224403133587134,0.6264991807878827
Data,451,0.5314236219684431,0.17911480486593725,0.04807527774256264,0.9132658683764149
al,51,0.5311653221450799,0.16770132477718405,0.16015862037122788,0.8700160409864207
findings,2,0.5309850499104157,0.2168698747123443,0.3141151751980714,0.74785492462276
want,25,0.5304533368361127,0.1867455758261368,0.1345149219093994,0.8367776464337701
influence,4,0.5304072569528991,0.1185129202003636,0.41220485825982733,0.7278236632442877
dispersed,3,0.5303388391178472,0.07599433192669787,0.45621415251498926,0.6347944747746639
needed,23,0.5299369303639142,0.2110869454812634,0.07962794346101296,0.8261781425105221
completes,1,0.5295154025323772,0.0,0.5295154025323772,0.5295154025323772
timed,3,0.5289774848329842,0.034215617468056216,0.4831728833443584,0.5653896553002686
hotspot,2,0.5287762824369824,0.07849288772152158,0.45028339471546075,0.6072691701585039
quired,1,0.5285547921436436,0.0,0.5285547921436436,0.5285547921436436
cause,28,0.5285424479550896,0.2151092632032268,0.1584134402479894,0.8115888093873402
aid,3,0.5285364526348802,0.2894472878879903,0.12782404008277104,0.8012927315529621
areas,100,0.5284264415176093,0.19017189997020462,0.13939153135376,0.9617428195989977
shows,30,0.5284157837449028,0.216465966515784,0.08908652067087432,0.844608351193821
opportunity,518,0.5282637478649193,0.18741836523713554,0.08414456326720533,0.9372398018853094
exhibits,1,0.528179380713867,0.0,0.528179380713867,0.528179380713867
""":",1,0.5281195473385756,0.0,0.5281195473385756,0.5281195473385756
work,90,0.528046919729569,0.2015357100101413,0.049532678439565214,0.9265763066675569
genuinely,8,0.5279675669500583,0.27605170990658795,0.05329472398056773,0.9665562002631273
adjusting,1,0.5279035584040835,0.0,0.5279035584040835,0.5279035584040835
attack,2,0.5273425717867601,0.04481751371223014,0.48252505807453006,0.5721600854989903
reporting,13,0.5273103376001084,0.07603021964023846,0.36833790906209796,0.6676861604462726
let,9,0.5270312588788578,0.12622155195253124,0.3568342312902043,0.7813979810653126
disguise,3,0.526600466520695,0.12777101397185792,0.41221398412502075,0.7049339054274394
guaranteed,1,0.5262329430968394,0.0,0.5262329430968394,0.5262329430968394
suspicious,434,0.5254790920442606,0.17853782343429456,0.06861029910191045,0.9030748462994262
S,92,0.5253342996486873,0.14860545492449223,0.31629083460865137,0.8981438392451865
run,5,0.5251058239097497,0.23796550017968746,0.23765852255320702,0.7939109305641
parts,80,0.5250189584620234,0.15505479764001398,0.21352983993870972,0.8672918197666357
role,9,0.5249523691273735,0.18430959981408182,0.2897226633973743,0.789109815004527
deny,1,0.5248878040715074,0.0,0.5248878040715074,0.5248878040715074
Yet,1,0.5242637125615679,0.0,0.5242637125615679,0.5242637125615679
anonymity,1,0.5232732631243464,0.0,0.5232732631243464,0.5232732631243464
dead,79,0.522986917724077,0.15466533513147226,0.12919000800987282,0.9607275605711917
single,14,0.5228093357285128,0.05667361872576082,0.43120360319152046,0.6195844768839806
finding,24,0.5227062989392576,0.17073548382020207,0.19233842021950015,0.8286368312343558
offer,5,0.5224809596739002,0.20403640242480095,0.149092391431754,0.7269892832276124
indicator,2,0.5221667874241939,0.09106446040822017,0.4311023270159737,0.613231247832414
lot,2,0.5214975490569426,0.03498856035326184,0.4865089887036807,0.5564861094102044
activity,236,0.521289831232287,0.17657926399965201,0.11596173597994353,0.8867945598574979
iss,1,0.5210074540169297,0.0,0.5210074540169297,0.5210074540169297
agreed,1,0.5200917899235482,0.0,0.5200917899235482,0.5200917899235482
"""),",1,0.519697290075603,0.0,0.519697290075603,0.519697290075603
reports,3,0.519340842652578,0.11144620634809962,0.38034363095391144,0.6531839643449251
attract,1,0.5190014031278017,0.0,0.5190014031278017,0.5190014031278017
noticed,30,0.5189836532962075,0.15409937145089692,0.19802962068516491,0.821450735750125
level,13,0.5186886636691489,0.14095604421119048,0.2749972236123495,0.7350225969626751
detected,219,0.5185913382941941,0.11663520184148,0.08482124885169308,0.9809301377456343
front,37,0.5185580055293804,0.09806276320412535,0.3663332898352924,0.7455947200673991
und,23,0.5179690402280641,0.1885260037041303,0.17485582199917052,0.8554646063869024
vulnerable,34,0.5175934768100641,0.12145388657487477,0.28695564679544316,0.7068516391155429
stalking,1,0.5175053304553174,0.0,0.5175053304553174,0.5175053304553174
inconsistencies,9,0.5172931690338594,0.18454073484996472,0.18858774169807882,0.790995020439232
provided,30,0.5162022365087134,0.13864846095779826,0.1732291674345688,0.7449100704334856
traffic,1,0.515862216931892,0.0,0.515862216931892,0.515862216931892
won,2,0.5157964776457179,0.014644841757845306,0.5011516358878726,0.5304413194035632
noted,13,0.5157608473834867,0.15718200819708708,0.22858983539762237,0.7324493259838903
uring,5,0.5157109936193952,0.05866259270634868,0.4521467113722282,0.6104416849025501
presence,46,0.5156109358995,0.19724083445639085,0.1262105914930521,0.9365869874908402
does,131,0.5154452993121854,0.17802138418294233,0.10516796541886206,0.9706856366903098
button,97,0.5153917863367762,0.1209879154354698,0.12599098736595515,0.7487838999468964
-connected,7,0.5147725780425515,0.10996170546367665,0.29135326460348004,0.6105897382393395
(s,1,0.5142891224357019,0.0,0.5142891224357019,0.5142891224357019
lengths,5,0.5126704340017574,0.12931398960817292,0.34986305264968703,0.6634152542612303
abruptly,3,0.5125027245577772,0.1704105129776019,0.29065315233160327,0.7049547446312523
divide,1,0.5120811344415475,0.0,0.5120811344415475,0.5120811344415475
tangible,2,0.5115856348921926,0.09820493969610142,0.41338069519609116,0.609790574588294
maxim,6,0.5113656950695542,0.11979964555468343,0.3410998243135479,0.6580847657700891
result,9,0.5113105191967486,0.0884941393882068,0.39485255790142015,0.6373556008103589
coming,2,0.5110034553156679,0.2973988564286784,0.21360459888698954,0.8084023117443464
an,1465,0.5109417721567222,0.20698382182565642,0.009989768009241432,0.9470659428585522
adjacent,1,0.5106374482821279,0.0,0.5106374482821279,0.5106374482821279
unknown,5,0.5105940995828684,0.24959633247655227,0.26232212583691594,0.9201235996994592
Submit,71,0.5101708952139358,0.13655454388656657,0.11046553043397238,0.816676856572301
branches,1,0.5101153474241285,0.0,0.5101153474241285,0.5101153474241285
without,835,0.5100046516711102,0.23499776675813555,0.04084125337284607,0.9290862641192427
focused,6,0.5096472797136128,0.1601850699709044,0.2582659379847235,0.6893153096358157
out,88,0.5083043144146479,0.21806070309062703,0.14294232627957415,0.9554059323255134
witness,26,0.5073958991918252,0.15312599117596506,0.09068313969870094,0.7969406202134964
Align,202,0.5072097557084236,0.17570043878891942,0.03916822586934214,0.8024897500251787
Scan,71,0.5071735253121256,0.13585222307563208,0.08709216664702456,0.7214199252422325
plausible,10,0.5058191654578671,0.1397153106042248,0.22898939468073312,0.7063294489783956
MON,7,0.5057313148299823,0.11264603246518536,0.35538677814244246,0.7091913090103538
reactions,31,0.5056018224192207,0.1997666479476817,0.08286961325974167,0.8198021058400651
regarding,20,0.5052994304032483,0.2036529443665519,0.13905972134443878,0.9657445124826394
killer,5,0.5047795820065168,0.18820354005177733,0.2698280190635675,0.8479522131635727
suggesting,11,0.5046954009496123,0.23520741337417125,0.137247199126999,0.8426940181386929
accessibility,3,0.5046650501405721,0.1807451403918956,0.24919516222822155,0.6397865318829745
returned,1,0.5046090046979712,0.0,0.5046090046979712,0.5046090046979712
natural,11,0.5039726609272437,0.20378295545229078,0.2599212530790992,0.8236306199521559
watched,2,0.5038694698914699,0.053505552662975686,0.4503639172284942,0.5573750225544456
Ins,96,0.5038352929848788,0.19651847985563597,0.056272889569262685,0.7886407394604631
serious,5,0.503631477238954,0.07822024341042264,0.37721033863509357,0.5830146238950363
roles,8,0.5031176544831761,0.22292442662697648,0.11484964561942604,0.7734074482808048
destination,16,0.5029194237769135,0.14877218478899676,0.22692819080847737,0.6735529266784352
Start,90,0.5020834548087542,0.14317688167242573,0.203201704518143,0.7729473123358506
VIEW,7,0.5019634553895476,0.058090102966422474,0.4074136923497685,0.5885928656940119
y,16,0.5015389840476858,0.25923300381831943,0.11225020600407891,0.8770450196924662
interactions,12,0.5013262282262346,0.1705779988277164,0.16606790748074218,0.730773787482904
position,80,0.5011316731302671,0.1885656110150351,0.11400692138011767,0.8845531013540958
centered,1,0.5010077122015423,0.0,0.5010077122015423,0.5010077122015423
head,184,0.5009266639112153,0.14702042591987324,0.1217496018860516,0.8488811982094472
incidents,9,0.5004463565683597,0.0648118180183291,0.42566516305207563,0.6418610842567274
communicate,3,0.5003764880766927,0.1814123712619773,0.3413282457325712,0.7542376825457846
behavior,440,0.5002355467820135,0.18237539675184483,0.02869651653423555,0.9386182731905143
dealing,1,0.49989328248145376,0.0,0.49989328248145376,0.49989328248145376
REPORT,1,0.49859817528072,0.0,0.49859817528072,0.49859817528072
committing,1,0.49835477105526194,0.0,0.49835477105526194,0.49835477105526194
ordinary,2,0.49834551608500716,0.32804550878315025,0.17030000730185688,0.8263910248681574
event,5,0.49828428137668623,0.15556835410486036,0.28584876474755383,0.6723591153278897
assist,5,0.4982567571992302,0.20301367265478085,0.22432737250956447,0.8133211208425133
inactive,1,0.4980701192889445,0.0,0.4980701192889445,0.4980701192889445
identities,5,0.4979466588693227,0.20653463955949714,0.22618049608364904,0.8528166768633373
chance,45,0.4973560631619655,0.20368105747429932,0.18606516918991287,0.8691080189822353
joined,1,0.49696701888978295,0.0,0.49696701888978295,0.49696701888978295
exposure,4,0.4966312453325636,0.05908279641171861,0.417908127687389,0.5731010890066504
around,60,0.4962580475085513,0.1692929280331313,0.19363635679157576,0.9080367290633448
clues,10,0.4960037633229062,0.1416135255411712,0.26620373454477564,0.7348020031251591
strong,7,0.4960002096097608,0.16412123480444674,0.3420963581291129,0.8489934704125119
St,42,0.49571435344640574,0.18458725022664743,0.12065908519470182,0.8124900146117936
taking,18,0.49565833058719316,0.1627032216089875,0.1462537501453746,0.8016372782477398
accuse,7,0.4950203166829101,0.20288946553014678,0.2427447203862796,0.9004667150268788
rushing,2,0.49501941205085975,0.16665633243411573,0.328363079616744,0.6616757444849755
spreading,3,0.4948003861461909,0.03473430585978754,0.45231497719782265,0.5373960886583401
committed,3,0.49466157345492495,0.3022751812647172,0.11870171368457065,0.8588404411746364
Previously,13,0.4943669573016981,0.14728162482483023,0.2758183855042952,0.7077051842877967
They,3,0.49407773317103,0.13965892294972257,0.34305706279717474,0.6798218652584016
illusion,3,0.4939600103349116,0.12639404631514684,0.3362625645660519,0.6456909609182557
validity,4,0.49381222487300613,0.14103207687139355,0.3921108936233822,0.7371004409786591
Four,2,0.49372032050326314,0.041927475375070744,0.4517928451281924,0.5356477958783339
followed,12,0.4934160169365516,0.2218595816114662,0.2364568042636627,0.872405555000878
reference,2,0.49283626471251885,0.1552558723886097,0.3375803923239092,0.6480921371011286
Currently,67,0.4909929101854045,0.1638197858885487,0.10816066650907608,0.8712587409882238
implications,2,0.4909535005418473,0.3249851734064308,0.16596832713541648,0.815938673948278
security,14,0.49070078863006417,0.07959393841210069,0.3228709352031713,0.5996003273104076
antage,1,0.4905266325200647,0.0,0.4905266325200647,0.4905266325200647
made,546,0.4902607338971431,0.11820866397045156,0.07200444445493923,0.904601157678716
distract,3,0.4898875418808206,0.2795595144402345,0.2706379939660664,0.8844289878240109
Another,6,0.4897758700552541,0.10129822455156337,0.3316869675416909,0.5874796264558673
Imp,1683,0.489584326227582,0.19702630990283806,0.06459044011451039,0.9866727574308278
advisable,1,0.4893861397040172,0.0,0.4893861397040172,0.4893861397040172
exiting,1,0.4889284329980196,0.0,0.4889284329980196,0.4889284329980196
e,71,0.4888413565367851,0.15225764309003692,0.2371428679212332,0.9088984004361197
pressure,6,0.488751912289576,0.10207201515437496,0.3458746490158077,0.6226918822054851
bit,17,0.4886797161622023,0.23917953816387766,0.15464682930880974,0.9009379930610267
view,2,0.488389576399917,0.07195289505736926,0.4164366813425477,0.5603424714572862
emergency,100,0.4882638747761839,0.07778895687758476,0.1916264252847638,0.6645675047155896
escape,32,0.4880502908405643,0.12073035925973455,0.21799079542571242,0.7428038574844242
gained,1,0.48750104682842826,0.0,0.48750104682842826,0.48750104682842826
matter,2,0.48737256229287285,0.04435135087767114,0.44302121141520173,0.531723913170544
consequences,9,0.4867389691739841,0.2467176035440651,0.023380054386467126,0.9084102922455427
knowing,1,0.4865554673724962,0.0,0.4865554673724962,0.4865554673724962
advised,2,0.4864196700129848,0.236995769025262,0.24942390098772277,0.7234154390382468
living,1,0.4859307495484177,0.0,0.4859307495484177,0.4859307495484177
hiding,4,0.4858827367732159,0.19296260096373305,0.19187340601303163,0.7277037327452143
necess,2,0.4856301776448607,0.08264626995074423,0.40298390769411646,0.5682764475956049
would,838,0.48534290770202637,0.18558318163525409,0.0322679705457081,0.9371665630521387
surely,3,0.4850113456886644,0.09385191470254761,0.36606852262807893,0.5954898789941083
completely,2,0.48483832625100187,0.041856665124166303,0.44298166112683557,0.5266949913751682
impost,65,0.48460673352334926,0.07810130684459152,0.2526930661338619,0.6577643185509907
Empty,473,0.48357544874490793,0.17305258305526064,0.07076613429417687,0.8393203467191234
performed,3,0.48306997923246886,0.10448352837734305,0.40341077128017827,0.6306772223299962
consideration,4,0.48286161399901584,0.19351039998944936,0.26700468647373093,0.7899704898587727
mindful,60,0.4825251087596606,0.14943156928361287,0.20478028244907,0.752347430112167
identified,15,0.48242979626428995,0.18518590833351634,0.14598476660750911,0.8505987097541549
ations,5,0.4824216135003446,0.17270979213230783,0.20829264865775093,0.6618134528566373
when,48,0.4821075445523602,0.21571827200714652,0.037111352425116796,0.9069407170336473
Should,3,0.48142086486036506,0.2538854037426084,0.14379705598721804,0.7560359833871184
whom,1,0.4811071407055205,0.0,0.4811071407055205,0.4811071407055205
specific,13,0.4810783366745601,0.17336671114714533,0.15429042613780558,0.8557822748268343
identity,155,0.48078412504104107,0.14330984075613065,0.1884756944826723,0.8845738995331313
conclusive,2,0.4798227224852152,0.09556468561523046,0.3842580368699847,0.5753874081004456
deceive,2,0.4797376876931186,0.20375138705394308,0.2759863006391755,0.6834890747470617
specify,2,0.4796122889044431,0.10212581331333828,0.37748647559110476,0.5817381022177813
Viewing,9,0.4792787012179222,0.1303845309260315,0.3178851408939289,0.655978616323352
notice,22,0.47897230141223424,0.222547466579653,0.1234622284163958,0.9239873544185435
well,39,0.47883906250320424,0.2430274708569501,0.10538946552819968,0.9305406952787235
idental,1,0.47881355121651165,0.0,0.47881355121651165,0.47881355121651165
private,4,0.47872550428455757,0.11054126177629765,0.3777744649977938,0.6648903216952686
indications,4,0.4781160342827888,0.18449462798430402,0.2698926819200752,0.7625863961587687
present,113,0.477983244393289,0.18146926000568164,0.09465871088072556,0.9148404725647452
icing,6,0.4779050499546926,0.1078250990255512,0.32662453015669646,0.6236244507928602
whereas,1,0.47718557666682304,0.0,0.47718557666682304,0.47718557666682304
speaking,1,0.4769058137027399,0.0,0.4769058137027399,0.4769058137027399
planning,28,0.4768333349076728,0.2545226641660854,0.0749963662092747,0.9088809538253135
scene,3,0.47673167633552477,0.1278451720498933,0.29978346514476734,0.5973551200577384
gets,5,0.4764922311160668,0.18950640306340147,0.30166249134295503,0.7160056742829751
a,4661,0.4763665080060882,0.21996041988131237,0.007358275676615051,0.988504557846574
identifying,90,0.4757791117839856,0.11646724799615586,0.22154369043405867,0.7572560208403941
was,126,0.47548357931984647,0.20581312087369225,0.08644504495634306,0.9784096503817992
Cal,62,0.47505403655683337,0.20502555741737472,0.09048305849113385,0.8149688701832626
caught,43,0.47454574814967504,0.1197318351091653,0.22341225539187695,0.7078594669134006
prevent,7,0.474324107043342,0.09424085342856667,0.3269314382031824,0.5692386608369852
seem,181,0.474317439734913,0.18672331453320085,0.05409341490236035,0.9169691419533587
conflict,1,0.47380193247461744,0.0,0.47380193247461744,0.47380193247461744
relevant,17,0.47367510479960584,0.23236364512283417,0.11307143038441482,0.9271359204009572
seeking,2,0.47326248924934644,0.16198040228884078,0.3112820869605057,0.6352428915381872
explain,11,0.473067098979625,0.1719112372747342,0.11178357983722002,0.7604947727590387
detection,31,0.4725749854211788,0.18163153016161274,0.1876066812880239,0.7861543936042468
off,35,0.4722579385790889,0.18619285881700395,0.1782501678860357,0.8713408804683538
Communic,4,0.4722543753135563,0.07314569241856411,0.4154253890878997,0.5946821289130035
explanation,12,0.472224401633151,0.2528392514034434,0.08141866461654333,0.8078884360996001
bay,889,0.47207147248863995,0.19766111167614922,0.04811796687352502,0.933672668901781
positioning,15,0.47179679036172345,0.11582212296121612,0.3040110833542629,0.6862322827443718
safely,17,0.47112334219333685,0.14883348965733964,0.19158705504796836,0.7835037641223003
Moreover,4,0.47067774695968123,0.12181708382921345,0.344339403972424,0.6652125014285953
include,71,0.4705156616789835,0.17479193590384187,0.18289834513427214,0.9138736766208279
escapes,4,0.47006774646819305,0.06633341319204353,0.35789193227063326,0.5302511852789744
Fix,1802,0.46951615509906713,0.23082430018567393,0.02223343508052666,0.9744038548786808
10,1,0.4694517134586734,0.0,0.4694517134586734,0.4694517134586734
believe,4,0.46928376354121115,0.24592962802204815,0.1551514302615292,0.8072983736488173
Additionally,663,0.4687856665076731,0.16053947428525783,0.08530082895828299,0.9699273493119732
detrimental,2,0.46875075311952935,0.02990906232374496,0.4388416907957844,0.4986598154432743
rather,6,0.4686892867110455,0.29859054771084376,0.07491632896490606,0.9474608817198971
revealing,29,0.4683282559918811,0.09227894831776098,0.23214119870075084,0.7119752773479029
strategies,27,0.4680766055952746,0.20556204340688358,0.12185595476323571,0.8671862193191839
Output,202,0.4679725901812361,0.19183427211602502,0.02003431617268882,0.8089937255098826
occurred,237,0.46793644874997975,0.09677789490458438,0.12855556084601916,0.9112174869839248
decided,2,0.4671918332159277,0.25797569230585027,0.20921614091007742,0.725167525521778
conven,2,0.4668468886162658,0.0027098193865179865,0.4641370692297478,0.46955670800278376
Aster,109,0.4668240692210461,0.15148867031248295,0.11740773839471318,0.8460214922090578
think,57,0.4665025141544294,0.2209368326264949,0.09686130478250585,0.943604951735141
it,2342,0.46637993815764645,0.19583135069511542,0.02139356420263134,0.9795280158121935
rushed,1,0.4663429218864459,0.0,0.4663429218864459,0.4663429218864459
didn,24,0.46577478326596883,0.17947568364188163,0.14652887497385533,0.7757151465479513
divert,3,0.465278630843522,0.1527563234362371,0.25044152032567535,0.5923314287130307
appears,11,0.4647322901024419,0.302577062330467,0.0543564703687822,0.9254799583591367
asty,3,0.4644621387702837,0.026101126240728283,0.4288370717404851,0.49064390975901645
visibility,1,0.46431484439770027,0.0,0.46431484439770027,0.46431484439770027
attended,1,0.46380344058310796,0.0,0.46380344058310796,0.46380344058310796
heard,4,0.4635909837473938,0.03227062788344314,0.426850506135641,0.5122700713158513
obvious,2,0.46356609314209185,0.025771023897997875,0.437795069244094,0.48933711704008975
moves,31,0.4622764757184079,0.1854248904902403,0.06815398036294258,0.918293702315693
reach,10,0.4620817159667773,0.22483575214063306,0.1382611536333697,0.8475617736204911
On,91,0.46107411626269,0.13758585102378398,0.16621397982738534,0.7667571864635162
iating,2,0.46065309097657625,0.016105022799272145,0.4445480681773041,0.47675811377584837
went,4,0.46063444661449027,0.07766921193361201,0.34362010468789306,0.5618511822145733
ors,587,0.4606223074932149,0.13422341251194658,0.08618142577837391,0.9651693861241456
factor,2,0.460510952862778,0.04007817447432885,0.4204327783884491,0.5005891273371068
Using,3,0.46029537240257096,0.15962365329846706,0.2815476676705421,0.6690698511417221
solo,32,0.45993336060050904,0.0943019786748345,0.31171728482170324,0.7037670450618861
where,460,0.45976479419092936,0.17638039791261453,0.038714039921040035,0.8777674890081782
separated,1,0.4591110182505319,0.0,0.4591110182505319,0.4591110182505319
React,236,0.45900010032075006,0.16400527140275112,0.05949430003237237,0.8183452008562594
towards,596,0.45879212356966026,0.16202517363126503,0.05662785179021662,0.9219556798458043
Communications,112,0.45796392436631583,0.16105156157230185,0.08496625755480983,0.9301581007288366
profile,6,0.4571902289227807,0.1730598539213828,0.28842865417293795,0.8249222355793003
side,4,0.45677021576181454,0.1767134838132919,0.19281048960254407,0.6708870721295386
evolving,1,0.45597645697451267,0.0,0.45597645697451267,0.45597645697451267
opport,8,0.455383441997757,0.09805902548043124,0.3357632450353652,0.5984074769148764
wise,35,0.45532535128939333,0.15561018560926232,0.0886913619874681,0.7801153026553501
-oriented,1,0.4548119531185505,0.0,0.4548119531185505,0.4548119531185505
room,1293,0.45474392956527543,0.1612847800544182,0.037697524327992976,0.8771496060575485
spread,15,0.454697488338364,0.16440922183463164,0.19381180448717342,0.7114321994902424
suggestions,6,0.4544922198282593,0.14690151567819418,0.2745818731549819,0.7163598255179714
because,102,0.4544686639875189,0.20726809271719973,0.03780964020620853,0.9355394422352216
O,372,0.45438888954599266,0.17768723312537804,0.047558833621469475,0.8317346814009555
perceived,4,0.45370044649540814,0.20923464758445554,0.2786623950580535,0.8072417050059885
complet,2,0.4529206338950431,0.0990499720255813,0.3538706618694618,0.5519706059206244
gathered,18,0.452838679436907,0.16852484653281086,0.189457249087188,0.7316838387888533
following,25,0.4524328262598592,0.13069582067588706,0.1264061517370027,0.5969348210765636
fixing,6,0.4520075903877155,0.23105739705984277,0.059433654453651445,0.6941423161332994
pathway,1,0.4518487039806166,0.0,0.4518487039806166,0.4518487039806166
force,2,0.45179549741056546,0.14287400124592262,0.3089214961646429,0.5946694986564881
using,83,0.4515289000897341,0.13631540096819883,0.10778714868869614,0.7845382260794629
gathers,1,0.45130663272792826,0.0,0.45130663272792826,0.45130663272792826
step,582,0.45126447478166376,0.17807692114257392,0.0371245009884792,0.9418349181883591
overlaps,3,0.4511051826966019,0.2086237294468892,0.19958104996676884,0.710424348174116
trapped,2,0.45055122770312295,0.11934711355909666,0.3312041141440263,0.5698983412622196
implic,2,0.4503971666613563,0.13131305911016936,0.31908410755118694,0.5817102257715256
reported,134,0.45003404232367594,0.1273177617117339,0.1693316629804468,0.8061197049719405
figure,2,0.44991816297711473,0.09773446979387843,0.35218369318323633,0.5476526327709932
chances,33,0.44939690956593836,0.1815657196322908,0.07630927111164808,0.7602392881054068
And,7,0.4490291714915552,0.17237056623885544,0.19948980951211587,0.7224583466581774
threaten,1,0.4481938419855002,0.0,0.4481938419855002,0.4481938419855002
together,78,0.4481353835695722,0.2096560104717505,0.06716231790502304,0.9135591319264913
It,103,0.44812569700868377,0.17692056054000777,0.1112027873928157,0.8335087821933738
timestep,179,0.4481092110943931,0.11830158944760173,0.14045240293485736,0.740698168639636
flexibility,16,0.44796921149953056,0.23077623733748331,0.03718644777103142,0.8469190485916851
potentially,1007,0.4478655869772981,0.21315867679975253,0.05057585126255163,0.9623471911072612
outcome,1,0.4471890821369954,0.0,0.4471890821369954,0.4471890821369954
offers,3,0.44718860743228217,0.30153127335038493,0.05425575837105087,0.7871280095890855
rid,1,0.44705962323070186,0.0,0.44705962323070186,0.44705962323070186
lie,1,0.4458763228951686,0.0,0.4458763228951686,0.4458763228951686
proceeding,4,0.4454620394308919,0.18763386194554346,0.19235349362318274,0.6565170281071947
according,1,0.44527993629558904,0.0,0.44527993629558904,0.44527993629558904
count,10,0.44502972692468734,0.1568515069377113,0.27397812380930964,0.7557385111268702
hinder,1,0.44489443055430417,0.0,0.44489443055430417,0.44489443055430417
However,601,0.444531185347317,0.14478545458631747,0.1638875465697931,0.9609550118055517
Card,420,0.444491901153583,0.1893635934299565,0.027892304387350523,0.8452739858840053
proposal,1,0.44448994732283803,0.0,0.44448994732283803,0.44448994732283803
task,4318,0.4441566849486416,0.2203769981405981,0.01698401081235297,0.997450357229373
why,4,0.44405262446873217,0.1453496982493298,0.3004567338936897,0.6868165124267933
effectively,16,0.4440008538218094,0.20246828629254102,0.11934072629295035,0.8573565583089594
trans,2,0.44395200708140437,0.030227499627047183,0.4137245074543572,0.47417950670845155
investigation,2,0.44393136197052685,0.2853592990489995,0.15857206292152737,0.7292906610195263
myself,209,0.44390833630609783,0.23985097848468867,0.027866432495183988,0.9923843995119394
sure,5,0.4438930469948369,0.11868390416058498,0.2915306671567521,0.6438693854519371
threat,5,0.4438835396280837,0.20775293475954607,0.21235862395512206,0.7185802619267971
Electrical,1056,0.44374353533180555,0.1886823712658142,0.028364816430845582,0.9749525618364018
farther,3,0.4436182090196212,0.17739504799392364,0.2547363686137595,0.6810494867744535
Security,679,0.4434273148622948,0.175827850820403,0.03163040866358234,0.9296632555047258
travel,12,0.4432309542078548,0.24519597271449203,0.134542520595071,0.774653380526826
Accept,411,0.4425942653097059,0.1348473353013313,0.10014309646053172,0.8184086993868517
-efficient,1,0.442056610365585,0.0,0.442056610365585,0.442056610365585
linger,1,0.4413735193270077,0.0,0.4413735193270077,0.4413735193270077
Consider,1,0.4412372135386798,0.0,0.4412372135386798,0.4412372135386798
Weapons,1108,0.44085315712159356,0.18404897192406247,0.023282183381273986,0.9453508794218937
discovered,20,0.44067736245096095,0.10558671937344374,0.23385261428800533,0.6433842848298109
A,25,0.44065687831409234,0.07187397855140716,0.28015635467887373,0.6400863217498326
another,513,0.44060268762006616,0.18650376072793723,0.026054142419988914,0.9641114371930148
Gar,303,0.4400892503793313,0.1731738129625678,0.09093591683021512,0.810353668750421
deaths,18,0.43960036041825234,0.10954175076197889,0.2660728418297145,0.6310457854997088
fuel,5,0.4395742128335055,0.1512325409004226,0.2510968857374125,0.6249936370062922
slight,1,0.4394702136907751,0.0,0.4394702136907751,0.4394702136907751
imestep,67,0.4394333218594847,0.10025962845119485,0.16544632050569563,0.6389167292060607
enable,1,0.4392595040474377,0.0,0.4392595040474377,0.4392595040474377
doesn,65,0.4389627771349325,0.12369503391548876,0.21194702960276351,0.7436876347964553
perform,1,0.4389268769874542,0.0,0.4389268769874542,0.4389268769874542
Have,2,0.43850701845500994,0.18561818030004698,0.25288883815496294,0.6241251987550569
set,13,0.4379888226621642,0.16521468556454208,0.08599598397205495,0.765514042584817
harder,12,0.4379558394482474,0.11696385908295776,0.20345141972495173,0.6101513062372873
any,625,0.43740132278286764,0.17469084899421158,0.023029006083020442,0.8940354508103341
number,81,0.4371893759606108,0.1705498335341452,0.12568102205289117,0.8522075313490324
rooms,228,0.43654493544364825,0.1523075925891799,0.1037629331271734,0.7909444238054697
Chart,46,0.436486207933671,0.13393141267500103,0.07054634780533073,0.6635554787508842
operate,1,0.43641675975665295,0.0,0.43641675975665295,0.43641675975665295
witnessing,7,0.43638571001190657,0.17859641173142643,0.19076551904572486,0.8013865813834281
up,64,0.43628814870587773,0.19707844172090996,0.082389475986001,0.8694420060114939
distance,22,0.435910278771428,0.18123913189332302,0.09328774377661193,0.8412165455369762
T,67,0.435747717404241,0.12416945231130413,0.1879670553927397,0.7721821088208921
involves,26,0.43572822352863666,0.16951448668850735,0.09225173512382706,0.7903979279868456
question,9,0.4353945145619477,0.16862545527547196,0.18250528771627691,0.7138464600913712
clarified,2,0.4347315741753776,0.24770255015066217,0.1870290240247154,0.6824341243260398
respond,36,0.4337039218124786,0.19219313450445652,0.0940995115165497,0.8690016764110792
discussed,5,0.4335569765247585,0.02995375159638208,0.40128268226632274,0.47050079403822986
addition,1,0.4334924187146423,0.0,0.4334924187146423,0.4334924187146423
raising,179,0.4334778896617823,0.12988240665933562,0.07451814205654853,0.8035911887114974
patterns,2,0.43327958887968027,0.17909564195348954,0.25418394692619073,0.6123752308331698
being,724,0.4325654820736638,0.16992792811897325,0.038543175653783734,0.9497727058211298
counter,1,0.43255353840479116,0.0,0.43255353840479116,0.43255353840479116
We,138,0.43254664294797834,0.1674292201178604,0.05806401515195836,0.8721441132174871
going,47,0.43252915593301033,0.14433873902318178,0.15959038483428914,0.7615713073823683
suggests,13,0.43243545558220764,0.2438791557980541,0.046368158554798436,0.8159941137595597
explaining,2,0.43236036338840755,0.2456113974449973,0.18674896594341026,0.6779717608334048
part,50,0.43218638329696657,0.12118478254741168,0.248778148428982,0.6686153570800408
legitimate,27,0.43181309715660443,0.15598980696598067,0.1509467963796887,0.802272495477846
providing,11,0.43151184300886586,0.1875485814248265,0.17051638319823584,0.8099585880526512
But,19,0.4309366984416769,0.177445866207098,0.15659374237667276,0.8708422511228395
excuse,2,0.43093108255630996,0.1557606195642569,0.27517046299205306,0.5866917021205669
reasons,3,0.43068509656338544,0.23974906129124268,0.10108534591903445,0.6643502161415301
us,221,0.4306023758401503,0.17927928696396345,0.08583871095898103,0.9311587289609297
provides,28,0.430546186931582,0.19884923689052597,0.0730155161175884,0.836439552876305
alone,257,0.4301720220809695,0.17938198949246434,0.06147949947384511,0.9644244672604253
directions,1,0.42996438137529913,0.0,0.42996438137529913,0.42996438137529913
Does,10,0.4291842807488672,0.12512313807124736,0.2954909337533806,0.6855791745610592
eventually,13,0.4284758271047234,0.1988887255955554,0.21433580858453055,0.8571088685554894
locations,412,0.4284705013404394,0.1452677681696423,0.099097592258879,0.8366302164945364
trustworthy,1,0.4281524849085688,0.0,0.4281524849085688,0.4281524849085688
ields,9,0.427994228169604,0.18313701480621758,0.2517297194046358,0.8576681506733584
evidence,103,0.4279663802432273,0.17313604145300107,0.052152599320088755,0.8205556118170996
per,3,0.42794653591471804,0.2297841109267201,0.1866473095214963,0.7370958015197601
Calling,133,0.427660437305321,0.12367719390224634,0.18922150217060751,0.7541108724699911
might,965,0.4274987045215765,0.19883291406229392,0.026232104108658918,0.9740800909256534
information,1135,0.4273393789802107,0.1748102970108824,0.06804471503669147,0.8894107473944098
Swipe,418,0.4272442156158121,0.19596858984110807,0.03989658319701094,0.8696824925288371
I,5900,0.42709868129515677,0.19321835756947614,0.009480958450576456,0.9675331602631375
met,3,0.42693784181315175,0.16576008823437666,0.22716492383057907,0.6330443375571558
align,78,0.42689185728097473,0.18628802534732855,0.13902674111606567,0.941323439865858
limiting,3,0.42681816290987645,0.0821132441347096,0.3601581910663132,0.5424962721184164
we,446,0.42676444542927305,0.18302429855651517,0.022263180510370878,0.9646841937682817
afterwards,3,0.42660727026177386,0.2433264812067126,0.09815398697063663,0.679718641788886
threats,7,0.4265617307274611,0.07341532621604184,0.31198722075754054,0.5264220663293425
me,1974,0.42645047947830084,0.1789605155979912,0.04440980312560961,0.9574096371457946
provide,539,0.4262537865987817,0.20488578040025482,0.039697162930435244,0.9011879952662083
partially,1,0.4262498261139347,0.0,0.4262498261139347,0.4262498261139347
Most,1,0.42615462406557747,0.0,0.42615462406557747,0.42615462406557747
initially,176,0.4259891632886062,0.18530904197984885,0.09294488101338692,0.9317959822464048
posed,2,0.42553788247555935,0.06768949138348332,0.35784839109207606,0.4932273738590427
sooner,7,0.42528141522988056,0.18689508277650013,0.23317550803711345,0.670774402422374
calling,112,0.42484384339442294,0.12093300026027846,0.18285075606812673,0.8046888122392355
through,252,0.42445951149541133,0.18610600399995314,0.04635449090001162,0.8297596581519879
catching,1,0.4244020297802847,0.0,0.4244020297802847,0.4244020297802847
crowded,82,0.4235943309770985,0.17156759321609485,0.10656180414205063,0.8630918096734046
crucial,323,0.4235536851002479,0.17467643903030736,0.06332080297344353,0.8871823825282412
BODY,1,0.42330043292560837,0.0,0.42330043292560837,0.42330043292560837
reached,19,0.42287639792910237,0.1382657855711205,0.2437812339580645,0.7190595084017662
power,3,0.42263537554735636,0.0008493603924798603,0.4214341985609688,0.42323596404055014
viewing,2,0.4226133481025328,0.14046818508445116,0.2821451630180816,0.563081533186984
strongly,4,0.4225202359500684,0.20418215632247128,0.18523082811182295,0.7375146228252916
collaborate,3,0.4224788343806392,0.024447954197578736,0.39127213245924974,0.4509724922834716
numbers,16,0.42237947160893713,0.17590260337439798,0.11264803521090751,0.7800699602971238
helpful,6,0.4223419080875043,0.2492861904510546,0.10827616109177086,0.7432930824852629
valuable,88,0.4223130983422909,0.20319308202798644,0.04946669413409537,0.8787072772617232
slightly,1,0.4220698390880515,0.0,0.4220698390880515,0.4220698390880515
longest,1,0.4217631048204158,0.0,0.4217631048204158,0.4217631048204158
arous,124,0.4216438777162202,0.11303641853680219,0.17993924437854594,0.7586284233416207
the,9744,0.4214538781342163,0.17370296797243484,0.006431069336453069,0.9740839972792481
sight,1,0.42134487033887236,0.0,0.42134487033887236,0.42134487033887236
avoids,1,0.42128011481366556,0.0,0.42128011481366556,0.42128011481366556
minutes,1,0.42103397558769123,0.0,0.42103397558769123,0.42103397558769123
confront,1,0.42079572922662395,0.0,0.42079572922662395,0.42079572922662395
"""",1342,0.42071325288051925,0.20671180211409265,0.004827024542160324,0.9878388837693893
see,123,0.4203377862631347,0.19319592051638662,0.07551295622391312,0.848470995987363
accountable,1,0.41998189184211404,0.0,0.41998189184211404,0.41998189184211404
overt,1,0.41978726912660186,0.0,0.41978726912660186,0.41978726912660186
freeing,4,0.4196403217989293,0.11384839362608881,0.29957573718354336,0.5357331006536574
Now,2,0.4194917529440003,0.06371502426295947,0.3557767286810408,0.48320677720695976
here,252,0.41936322657114133,0.22249058952648113,0.0683278385277675,0.8692395514050977
raised,13,0.41885518665791427,0.19753195065164394,0.0751372574587165,0.737871334885773
route,32,0.41875039601593694,0.2023303677035986,0.046975479189689986,0.792359565439624
involve,30,0.4187179631673746,0.17516976734562376,0.10205899364662761,0.7527084538182957
det,3,0.41843500309517623,0.08106393704635359,0.309507464131463,0.5038525490132663
reactor,3,0.41788239397045146,0.03306452950504519,0.3739604078143399,0.45373723518938475
location,1031,0.4176680360121704,0.18042653855009572,0.020987870085142215,0.9877954623433768
or,4037,0.4168827895955869,0.19039857443148434,0.02218776152710604,0.9822447863331369
who,236,0.41662681549699526,0.22622364010820717,0.035615532526229156,0.8949582857680204
options,78,0.41658521327950354,0.15865578670190303,0.08172275620834464,0.7953298511045198
thanks,1,0.41624536085348024,0.0,0.41624536085348024,0.41624536085348024
Two,16,0.4161248430930786,0.21370615568162185,0.08336279273722488,0.7305333829744763
haven,20,0.4159963418233568,0.14239530811076953,0.08538061774782096,0.6332506774281657
marked,1,0.41573771931861253,0.0,0.41573771931861253,0.41573771931861253
certain,2,0.41573479053759965,0.18870946500589078,0.22702532553170887,0.6044442555434905
could,1365,0.41512433117539765,0.208007559738016,0.02475219529779951,0.9544988779534996
Still,1,0.41502417580769024,0.0,0.41502417580769024,0.41502417580769024
discussions,3,0.41410147299432754,0.06169718740687384,0.36675106092746756,0.5012453189903586
that,1950,0.4137374422776658,0.1749318482064889,0.02425231464112556,0.9785495718146265
exhibited,1,0.4135966117900673,0.0,0.4135966117900673,0.4135966117900673
navigate,5,0.41353595351877076,0.22450419966629975,0.20512556314179087,0.846394488591975
contradict,1,0.41331595557403383,0.0,0.41331595557403383,0.41331595557403383
report,32,0.41321778880049637,0.12221896390716391,0.2339497065611546,0.6679016020402629
long,79,0.41321693889348105,0.16808947157037335,0.12168851130321955,0.7898570598742101
setting,18,0.41269043347350504,0.13799516573908022,0.1483977059907215,0.6776904994732451
take,41,0.412662310267087,0.211730436286538,0.0960790226516853,0.916302836768798
promptly,2,0.41253709907048125,0.33275920599098635,0.07977789307949489,0.7452963050614676
critical,12,0.4121316390728813,0.15539708965893845,0.2032747535368329,0.7442281512026185
hopes,1,0.4121124385576137,0.0,0.4121124385576137,0.4121124385576137
encouraging,1,0.4113464439676839,0.0,0.4113464439676839,0.4113464439676839
in,7373,0.4113419199704023,0.19623856328683256,0.023080639318779433,0.9787463372810283
My,759,0.4109109000060213,0.19725504597168358,0.03184985159491479,0.957636716540627
distributed,5,0.4105780902261256,0.12246304820396811,0.30159658996464994,0.6397468010894598
then,257,0.4105305358998811,0.24381544762607918,0.08387157676317708,0.9493642612640105
Lower,281,0.4104903579799454,0.1640961662018423,0.07528626906135716,0.9033131162533125
garbage,1,0.40993940736286366,0.0,0.40993940736286366,0.40993940736286366
amount,39,0.4098314620344063,0.09389048181598095,0.2262977911926962,0.5911827695476307
calls,2,0.40978805575955146,0.006050274794886817,0.40373778096466467,0.4158383305544383
identify,181,0.40932867531402173,0.15886519546415942,0.11209549682055539,0.8745232403276312
outnumber,1,0.4092869390744669,0.0,0.4092869390744669,0.4092869390744669
although,3,0.4091553326687154,0.23582365999254454,0.10337045700749856,0.6773339590956144
sharing,62,0.40908908515417797,0.18753058009117526,0.09972606011379055,0.8205700103445962
coordination,9,0.40907827061515173,0.1808017695673513,0.1168029089469209,0.6230650029378285
action,199,0.40849568067449343,0.19981396323196526,0.050830683119810836,0.9117071729709599
blend,229,0.4081276000386612,0.1597085853015261,0.08074838842123626,0.8353261136573892
whereabouts,10,0.407315537678046,0.1456893005673737,0.20613071682586181,0.6829429420774226
how,78,0.407242218523243,0.20668808678140674,0.06172347005985644,0.9235815826060366
move,864,0.4072258257004364,0.19347531804715137,0.04050693639138388,0.9705257379085019
overlapping,1,0.4071713965478677,0.0,0.4071713965478677,0.4071713965478677
strategic,144,0.4070898404484204,0.16364000891667665,0.02264510792385239,0.7658497194179872
surrounding,6,0.406964500117812,0.16718913660591342,0.17828455683433514,0.705819649205485
Comple,252,0.40685820864685013,0.15194923149159556,0.059409422248592456,0.8123633618043149
our,435,0.40646865392342335,0.19402553658149024,0.04275845134417331,0.9588024365401341
normally,2,0.4061664748056318,0.10368064587738796,0.3024858289282438,0.5098471206830197
has,901,0.4059923449714182,0.15626430982308212,0.01681926313571407,0.9274953118175436
expose,23,0.4059460538545611,0.1310338372177866,0.2423978741321103,0.664455108519341
For,63,0.40591742847457146,0.1501452234312429,0.1188259697707042,0.7701484939321585
risking,1,0.40584653431613305,0.0,0.40584653431613305,0.40584653431613305
isol,22,0.4058459910088282,0.12360785699692518,0.25274454361120324,0.7757690294890569
safety,55,0.4056268315173902,0.1738356731929744,0.03264053684184816,0.7562144646395482
miss,24,0.4053383471958029,0.09926763406659685,0.23274687772900327,0.562967019762087
difficult,13,0.4049468161126898,0.18362257952668298,0.08274679414745896,0.6958298016975341
ly,52,0.40401843806856247,0.20147517042446234,0.10115425731859629,0.9064940797526463
getting,14,0.4035716780613158,0.18408696958089335,0.13751337412814307,0.8019004015139308
observed,424,0.4035653786075559,0.14465526520953467,0.08417722474519242,0.8373953375290704
eject,30,0.403182762620474,0.09741639109609866,0.23651018971981197,0.6631327044888793
-sensitive,2,0.4031193825807914,0.014564791553426604,0.3885545910273648,0.417684174134218
yield,1,0.4028545569010585,0.0,0.4028545569010585,0.4028545569010585
do,60,0.40217358159395883,0.22118517047348274,0.07601898104567233,0.888510852089231
impact,6,0.4020261898837778,0.2722401124273312,0.13890652208083681,0.9091363048758846
gain,64,0.40200647732583805,0.16852997934040345,0.11199604872309121,0.8109780044737754
monitor,32,0.4015163660557816,0.20204204381957117,0.06908027573704406,0.6783150110850579
accusations,18,0.40126344084387894,0.22710743630906027,0.08858362817807935,0.8583915335078962
please,15,0.40112433667550634,0.21669161546975305,0.0799186310765789,0.7264316929905185
"?""",61,0.4010661681627841,0.2559306596936915,0.05391565401459623,0.977688322927168
Med,889,0.4007898778071767,0.18346783679203485,0.05539714445893427,0.963399860868956
everyone,46,0.4005587940142538,0.1325782657844825,0.12216298940888291,0.6125673792063769
crew,39,0.4005326798112577,0.15512101923189636,0.13422796435961046,0.8012149048839273
Inspect,9,0.40003496695489804,0.11213282397834352,0.18554701603650225,0.5181481552712854
have,3603,0.40000076884300007,0.2197747079699846,0.02072948916379759,0.9475147014528136
public,6,0.3997738162519056,0.07359951273404124,0.3325177413402917,0.5506670994093101
anywhere,1,0.3995673486259405,0.0,0.3995673486259405,0.3995673486259405
quick,25,0.39871740564235414,0.228162794125244,0.08202120617875942,0.9038200276485665
entered,2,0.3982989715218631,0.23887698450747283,0.1594219870143903,0.637175956029336
movements,411,0.39806767185145575,0.1411692499384881,0.050010652453740846,0.8220104047483208
recorded,25,0.3979214551494637,0.14290930892468157,0.26228078603207283,0.5667913994456926
believable,1,0.3972860935320715,0.0,0.3972860935320715,0.3972860935320715
makes,142,0.3970938210109459,0.22110733528500243,0.012443080540035251,0.8754475577533757
leave,20,0.396750737761825,0.1835491422555883,0.17606727287153634,0.7221143372837332
confirm,17,0.3966718708147566,0.167911559277511,0.09735038042515083,0.7134508090457798
recent,1,0.3966442296704194,0.0,0.3966442296704194,0.3966442296704194
investigate,10,0.39653650861470846,0.12554048584376742,0.1687356582990946,0.6114681753204044
thoughts,6,0.3964119757407793,0.1043472611339244,0.17105737411103059,0.49810735746893575
possibly,33,0.39613240372502695,0.21454287909322411,0.1209823624375001,0.8874353801471038
""",",21,0.3956362415562937,0.22325358761162786,0.13568293626889122,0.8592808526147118
alarms,3,0.3955451534374172,0.1689595486526673,0.2312078075432356,0.6279334029373383
gathering,153,0.39534902104162045,0.17271725421199055,0.07525548535283834,0.8589082081952436
t,1,0.39500862157208305,0.0,0.39500862157208305,0.39500862157208305
choice,45,0.3948988685738284,0.20691595583866737,0.07354638124870902,0.8311559817993324
popular,1,0.3948066184258376,0.0,0.3948066184258376,0.3948066184258376
moved,1887,0.39478106334273083,0.167927678095106,0.07362983133207593,0.9585427621193052
guarantee,1,0.3946592798437578,0.0,0.3946592798437578,0.3946592798437578
express,6,0.39427109096138885,0.16500759738600365,0.18396996344902225,0.6885361962166651
facilitate,1,0.39399611058045186,0.0,0.39399611058045186,0.39399611058045186
behind,2,0.39377986835589396,0.1553179190937899,0.23846194926210407,0.5490977874496838
forward,1,0.3936789780611592,0.0,0.3936789780611592,0.3936789780611592
become,2,0.3935913536249324,0.10406226349738695,0.28952909012754546,0.49765361712231937
predictable,2,0.3935478183715827,0.06843501857701359,0.3251127997945691,0.46198283694859626
lon,1,0.3933951862137392,0.0,0.3933951862137392,0.3933951862137392
lowering,1,0.39269825593151203,0.0,0.39269825593151203,0.39269825593151203
routes,16,0.39260409000737484,0.17204238995486834,0.0686214500967582,0.7511392810088272
lay,2,0.39259940540331695,0.22789058842286666,0.16470881698045028,0.6204899938261836
bring,41,0.3925518143532364,0.09963498719874136,0.15929736838628727,0.6399122578074911
suspected,38,0.392014693286836,0.21053218398175755,0.061286709698853345,0.9240017550874757
passing,1,0.39200546985092133,0.0,0.39200546985092133,0.39200546985092133
shared,52,0.3918570483555043,0.16810691969871375,0.04012882088055684,0.751086244610119
course,52,0.39172563630065765,0.14331888479418792,0.09977397680662727,0.8606427568681001
freely,4,0.3910791246449559,0.11220669780235354,0.212771824829699,0.5232912411221374
while,412,0.39094637438610125,0.21730017706261776,0.04317863856394992,0.97738949343004
contribute,86,0.3901670633555924,0.1696377952490633,0.07849406299010418,0.925030264914302
limited,1,0.39013966901309655,0.0,0.39013966901309655,0.39013966901309655
cameras,18,0.3898393554183238,0.11023210855441229,0.16113552900552747,0.5744011376152487
with,2353,0.3896522388947515,0.1965806480161082,0.00894016380007437,0.945988763334298
sequences,5,0.3896021442883244,0.13420078827026383,0.21303313110853972,0.5728315961873514
distribution,8,0.3894510760109391,0.15723744561446723,0.17275813167665321,0.6352909359907983
unnecessary,25,0.38908854901985934,0.12232616759958197,0.16941401619826746,0.6409172090592214
decisions,9,0.3886485174136524,0.14555863894945606,0.19722997655973776,0.6270389431446471
don,98,0.3884869323656118,0.11112877788381616,0.16202161330059806,0.7434475925327813
noting,2,0.3882043181968331,0.01833288759652621,0.3698714306003069,0.40653720579335934
useful,46,0.3880782361832981,0.17512216314348888,0.1001298820486178,0.7140348712438337
though,5,0.3879820078941603,0.1245432371060355,0.25355907156225527,0.5770153095107077
theirs,1,0.38790520045481913,0.0,0.38790520045481913,0.38790520045481913
ated,4,0.387831784891875,0.1412610738999124,0.1463683115928739,0.5054269289360533
now,342,0.38707592952281,0.24628407224026858,0.022984234294673788,0.8949356626433248
credibility,7,0.3869315224619445,0.22649466439776236,0.1468167952934758,0.7040157008086018
populated,44,0.38684653271891195,0.09299490895873629,0.2151970584300756,0.6804645180205698
Course,46,0.38653596398276097,0.15349595917051564,0.09859597997428123,0.8404359425605537
pass,2,0.38625338928319763,0.2505512240558155,0.13570216522738215,0.6368046133390132
immediately,298,0.38612854203235414,0.13833781416215227,0.07550600670237413,0.827379032004492
soon,27,0.38578536633045746,0.18646219162794947,0.10095605863639819,0.9311147042393961
meaning,3,0.3853821893446327,0.036249794176181106,0.334562284182319,0.41662946119008576
serves,1,0.3853713231479049,0.0,0.3853713231479049,0.3853713231479049
Shields,136,0.3848235315365189,0.14777617630082257,0.09697223786446954,0.7811894767923238
varying,1,0.384791345639709,0.0,0.384791345639709,0.384791345639709
go,48,0.3846367261310757,0.19125780044082108,0.11030445916052707,0.892430911057299
conclusions,9,0.3845619300436787,0.2137260526481947,0.07107443866598989,0.7765905130714179
via,22,0.3844315509880371,0.1859162854437753,0.13824210763155845,0.7841427472630893
concerns,9,0.38397494702166085,0.1265817490701934,0.2058306542912665,0.6409514854391116
")""",1,0.3839480994110361,0.0,0.3839480994110361,0.3839480994110361
gather,618,0.3836344054611957,0.17012918328407742,0.026754803095653642,0.9239843317067222
ME,16,0.3831797160707583,0.08551503646087184,0.23921798841104655,0.5406069429237197
investigating,4,0.3828741219418158,0.16346820580458443,0.20877167948780334,0.6513899203029274
hide,1,0.38282687246512015,0.0,0.38282687246512015,0.38282687246512015
wanted,1,0.38270092859234356,0.0,0.38270092859234356,0.38270092859234356
inate,2,0.3826408906684301,0.11367276057846529,0.2689681300899648,0.49631365124689536
save,5,0.3823541237137368,0.3457096031882756,0.05793071863433947,0.8485429794209934
CALL,16,0.3820977361356769,0.101858293044362,0.24688172396342992,0.6633751153398333
easier,25,0.3818602497053834,0.23596610362299783,0.03816330505228676,0.8917644466687423
missing,7,0.38168879174792025,0.07540050919688764,0.29932352003712326,0.5445120158907049
conflicts,1,0.381638760363649,0.0,0.381638760363649,0.381638760363649
aside,6,0.3815724887501533,0.14633572748861973,0.15361556700185935,0.560649931255227
progression,8,0.3813811143616269,0.12811351997603504,0.16161970116776292,0.5933323234704629
observable,1,0.38129833992400364,0.0,0.38129833992400364,0.38129833992400364
->,51,0.38084806105327873,0.1990970334073789,0.07331995860216242,0.7628739409869034
ideal,48,0.38067508268055916,0.14603975550833082,0.03971092364591527,0.6593966065881065
includes,5,0.38057726518272583,0.22462404556713644,0.09747293761295654,0.6143786582447714
finally,10,0.38020549091622324,0.15259552513805824,0.1302161524754101,0.6082434665725349
utilize,13,0.3801875220900483,0.19265187317973984,0.12913283267605394,0.7322157007773639
plans,75,0.37974697219827885,0.16387458083991888,0.0703813300803013,0.7779468890096602
further,28,0.3792197705040911,0.2166313245683791,0.052941391637013,0.7828552367953283
to,14285,0.37850171791152554,0.21042172484122926,0.009903554969669201,0.9928393282169179
faster,3,0.3780687598737063,0.08785138528562524,0.27872085582459216,0.492351490834961
may,61,0.3779931847347031,0.20312390667034794,0.07282255372488268,0.8140900338609371
somewhat,9,0.37770971818568355,0.18191108905839787,0.16633117282828527,0.8258330848697705
""").",1,0.37750768691103775,0.0,0.37750768691103775,0.37750768691103775
immediate,168,0.3773884899585715,0.1384883787905558,0.05139491352848489,0.723998214570074
claimed,2,0.37733096672331023,0.06349191391199185,0.31383905281131835,0.44082288063530206
circumstances,2,0.3770303483086761,0.09476000572818744,0.28227034258048866,0.47179035403686354
others,90,0.37691805561633224,0.14039074522595252,0.1255714982153808,0.7239639778644041
During,7,0.37674635719473243,0.2759104954391246,0.14715928608140355,0.8884765577643434
likely,131,0.3767328675427647,0.20291361311861736,0.11258331601141665,0.9232718074625393
needs,3,0.37662210142500796,0.2026755208274231,0.21593638857706213,0.6625157456823323
visit,14,0.3764022422180506,0.12963784955038427,0.16056410700023754,0.6262259252344089
players,3412,0.37628948913186966,0.16032257623940294,0.010680517459888706,0.9314866173291553
significantly,3,0.3760938083241119,0.06812555596298048,0.2992877058921312,0.46486802227041696
offering,2,0.3759826156269714,0.12907362817737295,0.2469089874495984,0.5050562438043443
degree,2,0.37583998066084245,0.05193179885202606,0.3239081818088164,0.42777177951286854
active,3,0.375787148832252,0.163748308446275,0.2579022018041589,0.607349485706986
events,469,0.3754178889855072,0.09929728283624309,0.11326688560495965,0.8128817317191749
know,19,0.37541374989492143,0.12503399118342756,0.17223415925255542,0.6011691027319384
Other,228,0.37516510658703867,0.17038390022808114,0.05492849110674664,0.8496479605259117
intelligence,1,0.374800975196562,0.0,0.374800975196562,0.374800975196562
desirable,1,0.37454419433583064,0.0,0.37454419433583064,0.37454419433583064
Before,3,0.3740238489185905,0.1139383740988772,0.22714627127104714,0.5048487207829038
none,1,0.3739242608694425,0.0,0.3739242608694425,0.3739242608694425
tasks,3956,0.3736673783946597,0.1955777123789189,0.01663042837237705,0.9766064627943335
processed,6,0.37354864844031543,0.03364014853999988,0.34976147128755886,0.4211230027458288
importance,1,0.372751125881133,0.0,0.372751125881133,0.372751125881133
Let,15,0.3723183748610054,0.14013510267132995,0.16090555223076883,0.6395781652133684
COMPLETE,538,0.3722468565320076,0.10462472550901845,0.09595279597772231,0.8246057346873977
hear,15,0.3721379292648173,0.14771854334917947,0.19701111882266237,0.6881612543085122
reason,55,0.37179413476380907,0.1871302785201166,0.06673710185918887,0.8112252132790478
pect,96,0.3714772448194042,0.10013048502586369,0.1959579287220413,0.6752470882975992
whose,1,0.3713933938159215,0.0,0.3713933938159215,0.3713933938159215
responses,4,0.37127282782067644,0.08152496241476735,0.2848662756086761,0.4724955447262843
necessarily,3,0.3712114728353794,0.1514317135619385,0.15759171260097873,0.49114744667864124
possible,78,0.3709149169627442,0.219832117031675,0.02195965590480379,0.9373366788918721
statements,7,0.37081937272859716,0.14059342459965807,0.18346072299586857,0.5629424661689477
order,9,0.3708092860680819,0.20108942318716197,0.07147501190911565,0.7350308990583372
assignment,4,0.3705526986863755,0.24489564315984813,0.1311855294582327,0.7372495351738543
behaviors,114,0.37045486191690363,0.16795848595348914,0.06783106173932246,0.7744023044991047
appear,29,0.3703487632455386,0.17598813850106154,0.15078898988923542,0.8746567691442856
substantial,5,0.37015889769383326,0.06779756702709736,0.2961897868789037,0.4850572447742884
worth,9,0.37013762197644046,0.15811185174950115,0.11377411441325753,0.6066970368221885
un,2,0.37006699717305136,0.09096968954177967,0.27909730763127166,0.461036686714831
vigil,3,0.3700599961259115,0.07758808436602169,0.268313428692606,0.4565084574955038
pose,3,0.3691266874685842,0.07177197157011009,0.3079927256324939,0.46986348303123726
each,96,0.36912584580547314,0.1531549527097445,0.05192014143715334,0.9161840550818061
""".",24,0.36910100059444634,0.19560750276311856,0.06411841719290577,0.8372001125034271
Fuel,238,0.3689428265830195,0.12003886422870336,0.050572661715882185,0.8497525375757936
needing,3,0.3685597514055155,0.15596487281401875,0.16919021411856555,0.5499537791897401
ejected,67,0.3681053259497952,0.062424560573846724,0.2707844748454825,0.5628199406363017
by,338,0.36801885883548996,0.20176845353144604,0.03952381660583411,0.8764750764594663
dev,3,0.3679018800679743,0.21037073049551805,0.18394559216893894,0.6623740473382612
right,22,0.3678252979392754,0.15362939003526294,0.15568026744937513,0.6369167296036254
approach,84,0.3674778040821362,0.17241556283985116,0.041564511093109026,0.8380927165073869
fulfill,4,0.367441581700473,0.04232396567254318,0.31211985556561345,0.4295301582363812
Crew,1204,0.3670847461711145,0.14510373364451612,0.05581810787480591,0.8220422550399239
cover,68,0.36687300053469235,0.13770721537653716,0.1283460548823771,0.7381347133781743
drawing,50,0.36679247497772793,0.1711460065641066,0.1451730076735769,0.7962094191742319
strategically,6,0.36650811883210127,0.10535279711937343,0.15442504058337078,0.48034316426227025
follow,106,0.36612896238639975,0.17399533271712875,0.0681624990748612,0.7357296710265927
suspect,46,0.3660824595771764,0.17817849656697257,0.05484397318118525,0.7824855680189391
addressed,3,0.36558962356725605,0.1325154590643456,0.20228209930173466,0.5268581439126181
about,729,0.36550248520900624,0.1753051056142098,0.04610481132838899,0.9213632433170145
else,47,0.3654804739100037,0.15345145840400087,0.0851710733604598,0.7940153490285099
Although,1,0.3654116601690085,0.0,0.3654116601690085,0.3654116601690085
get,87,0.3649420041584168,0.1650935510525705,0.10180996731591972,0.8211613583291835
limit,4,0.36491118999662286,0.09834196070031542,0.2533831527516867,0.48506365183916456
raise,73,0.364597121668371,0.15126369755201388,0.1084801810949661,0.7964978247309282
status,3,0.3644399268510596,0.06167183038850056,0.3066021609937682,0.4498939017640633
suggested,22,0.3639963662065112,0.1809954581774022,0.10318948222386602,0.832305783423965
quicker,26,0.36374632814526514,0.1605364855089104,0.13778445054912297,0.7211738560460326
spoken,18,0.36372135668134803,0.11311181328575205,0.20013052199398187,0.5686061588246148
engines,5,0.36326871611518297,0.18421793997586153,0.16622712388128605,0.6462865982084604
ideally,2,0.36303167636825157,0.12689194791514502,0.23613972845310657,0.4899236242833966
if,466,0.36281135224831523,0.17200893845242005,0.025919565395360607,0.9219237722404664
communicating,1,0.3627602414469795,0.0,0.3627602414469795,0.3627602414469795
observ,3,0.3619952191853814,0.043899549812190554,0.3097683081600555,0.41717786860042183
watching,3,0.36185531703725965,0.112342332326225,0.21880625801571868,0.493245734026065
need,469,0.36179824515335757,0.18518155000572262,0.03750363060770379,0.9154424299917922
having,71,0.3614482137560209,0.1612356956910203,0.09050781222323903,0.8264591673098879
outside,1,0.3614299412672263,0.0,0.3614299412672263,0.3614299412672263
phase,424,0.3611791955689402,0.1308264584605398,0.07143418395889087,0.7606919121446762
wait,30,0.3611548463602362,0.18217544589685752,0.120631529464937,0.8245585642494612
pace,2,0.3610212119194073,0.07995948913036666,0.2810617227890406,0.44098070104977394
moving,1517,0.360684707352539,0.1610633264783075,0.04204056751217693,0.8822077530579048
is,3622,0.3606335800428663,0.23377641446746858,0.0038049031982708126,0.9825381391313087
Storage,254,0.3604485216156609,0.1290941326875018,0.060390971980787744,0.7584655354814474
such,50,0.36031894820223187,0.12755546933995437,0.14924723094867,0.7105735177406709
bage,303,0.35970139666829504,0.11912573076152848,0.08652739834999089,0.7813474464222544
Cameras,5,0.3595683105633092,0.05338612128456681,0.3100011103765413,0.43453820746256017
Given,1283,0.3592875843008879,0.09576579914787225,0.09606046713461004,0.9384076395594593
once,5,0.3590985228126796,0.17049822167853734,0.16831802713716165,0.6416760450063987
moment,53,0.35902036228052475,0.1914996050760485,0.027330967975008683,0.9347155946306006
allow,380,0.35882963229991666,0.21160021606914228,0.06862216630048934,0.9354300314610886
avoid,384,0.3588216545567409,0.16456674187147569,0.03127627271385031,0.8642326227978401
but,721,0.3588033363937025,0.22333987479356965,0.01370570796309341,0.9612225643603022
takes,6,0.358467161692404,0.10532516496222256,0.1539459491370527,0.4777657991360706
done,34,0.35818747481453883,0.17629656026080617,0.055704894902482295,0.7679181582856001
common,228,0.3574299257325448,0.1274609428951567,0.050329201273440705,0.757094061211376
even,9,0.3572838400645672,0.15223522728756997,0.165335345510786,0.6783673648272877
focus,215,0.35727408228317076,0.19433285765549643,0.020086250463652686,0.875904100871258
The,655,0.35714055810913004,0.163165027362762,0.038202408375471474,0.9000328636152366
compelling,1,0.3566638546186554,0.0,0.3566638546186554,0.3566638546186554
coordinate,40,0.35631822008990577,0.1999398891870365,0.05624971153933523,0.8362707011755751
subsequent,2,0.3558201384456201,0.05599067591902662,0.2998294625265935,0.4118108143646467
directly,180,0.355724138160511,0.21857162367955602,0.04575947410645331,0.9219263291972174
pay,3,0.35572238355000857,0.17332037641875567,0.2192121353762414,0.6002830476251781
accusation,63,0.3556243303664611,0.18399295291051102,0.05282145805057401,0.7111355920411708
opinion,1,0.3554019122434172,0.0,0.3554019122434172,0.3554019122434172
grouped,1,0.3553775093059927,0.0,0.3553775093059927,0.3553775093059927
terms,14,0.3553492838421383,0.051699739933426254,0.24998303832429292,0.466304284696756
accusing,2,0.3550456986051044,0.10490961294901605,0.2501360856560883,0.4599553115541204
understand,28,0.35502423026429775,0.17290943792607216,0.07144548853567485,0.734496179262858
intention,3,0.35484873086812724,0.06926811501871503,0.28759004671477323,0.45015715928562505
benefits,49,0.35464792766402153,0.25359595358817877,0.03443698707796522,0.830766057566402
iness,4,0.354528658949535,0.21373845368458405,0.21987233993829408,0.7244522720557593
plan,65,0.35445554042462196,0.25080197738867693,0.022601894350006528,0.9585762631044886
Hey,2,0.354374691355931,0.09069780276396958,0.2636768885919615,0.44507249411990063
connecting,2,0.35432600161220984,0.046953151758479306,0.30737284985373053,0.40127915337068915
actor,8,0.35420329052167016,0.0992255153396527,0.23190782508445698,0.5465197779182396
pointless,1,0.35408553538755194,0.0,0.35408553538755194,0.35408553538755194
urgent,6,0.3538262714248959,0.07584467250777742,0.20621422407735546,0.4196584204628057
What,6,0.3537073732330871,0.12568139134530354,0.1501001140132182,0.4713921705218468
Player,3603,0.35362739650102526,0.1810485912423513,0.015899305853874075,0.9843696079526912
.,13387,0.35361669597280604,0.18960436700362981,0.009365886168972128,0.9863698942698866
interests,1,0.35347879790748454,0.0,0.35347879790748454,0.35347879790748454
clearly,1,0.3532707092779698,0.0,0.3532707092779698,0.3532707092779698
reveal,181,0.35243665615978714,0.09304610484906262,0.13389730635714417,0.6751488385191432
same,149,0.3520717377612579,0.1834945348996799,0.027454145346797083,0.8823408216385957
",""",115,0.35196174728154045,0.17556514160852804,0.058075227040343846,0.818005299598263
much,27,0.3518798907523784,0.18183644061440518,0.060295644863209645,0.646340314904069
behaving,3,0.35132670528739923,0.06454463805764953,0.28133411892647353,0.43706542493596406
afterward,7,0.35118825923583075,0.10935455836943014,0.23436079592149509,0.5237233467341839
concern,7,0.3510852393522618,0.22419458965559172,0.10176651397170244,0.7141851202676569
easy,6,0.35039168170183893,0.245172389562276,0.03601584504820704,0.7111315031090484
proximity,32,0.35037842155962345,0.1619329124885342,0.08156975059388312,0.6693491800412206
contributes,5,0.3503576232635468,0.1221219239176265,0.22128840638902508,0.5512464374096796
high,20,0.3503107229618233,0.18520895639143706,0.09236222559155091,0.7369721391759039
re,12,0.3503100544417282,0.10278853160881976,0.12861616819529992,0.5160947160436893
mind,13,0.35019679864513836,0.1271504503154953,0.16054149295761977,0.6492909775236471
say,7,0.3499568036103914,0.21341707011478464,0.08898193035181508,0.8150653766571844
efficiency,29,0.34994732368532455,0.15066674463105123,0.10997955851327966,0.6147399984276788
pursue,3,0.34973654697297524,0.09088328599655171,0.27522167451503693,0.4776874661388645
cautious,219,0.34968978441857396,0.1607190857070619,0.055702201436001506,0.7416655010790123
join,12,0.34912583453267293,0.12775868386190958,0.19583391344271828,0.6684591373903036
initiate,3,0.3486277423582802,0.0374720968687013,0.2973216866953459,0.3857700501863319
important,74,0.3485043008020244,0.13782979284576535,0.04231327307247892,0.6821601857516717
meetings,100,0.34837422886990305,0.10285811228569591,0.14066885201490759,0.6615286744199597
manage,4,0.3482937470822892,0.22231838343357205,0.019295451961554282,0.5941941613570088
strategy,139,0.3481288467968375,0.19208944505993608,0.04589761040406612,0.8659118708585956
either,135,0.3480947998476775,0.14394353467791665,0.032782816890538864,0.7188550382117125
voted,2,0.34804904030374173,0.17458736977761327,0.17346167052612846,0.522636410081355
destinations,37,0.34743505062819185,0.09853829831201018,0.23894240829791905,0.63532811611909
ug,1,0.3473978592322963,0.0,0.3473978592322963,0.3473978592322963
future,80,0.346807278454225,0.14702729837113604,0.10088353607702358,0.7097892049397881
currently,830,0.3466573525206088,0.17641312053560448,0.06466440378652409,0.9046165275463111
be,2799,0.3464912498421302,0.19796360480272096,0.007607025050786384,0.9514500587397448
itself,1,0.34635899148161164,0.0,0.34635899148161164,0.34635899148161164
address,11,0.34617648625013886,0.16571643912519018,0.22763881005931755,0.7681300207827051
requires,121,0.3461302369406313,0.1824056025564295,0.04673269606671556,0.8248067076792867
beginning,48,0.3456322851722658,0.2193384924319366,0.07879308155366,0.9360151692248033
unfold,1,0.3455834356240117,0.0,0.3455834356240117,0.3455834356240117
SPE,1,0.3455808488336903,0.0,0.3455808488336903,0.3455808488336903
se,13,0.3451859296871204,0.13981519000416423,0.11715506426250345,0.591239127020707
actions,1473,0.3448659468443491,0.1714085433135447,0.023501077124260722,0.9463997461452385
licate,2,0.3446293156474895,0.1898121522644392,0.1548171633830503,0.5344414679119287
gaining,13,0.3439204286257498,0.1292904867989508,0.21022431422584795,0.6416457518176367
round,12,0.34388285402453556,0.09322909848916278,0.16195233183709334,0.5233755190166733
speech,1,0.3438433268930824,0.0,0.3438433268930824,0.3438433268930824
ib,12,0.3437287401502589,0.0755495673755127,0.12526079135990828,0.42234486838217106
-risk,8,0.34249195341007677,0.16487763693080246,0.10987764844442616,0.5811292071122436
longer,33,0.3424847733867714,0.16236407424886423,0.03340114678012544,0.6765411650515766
protect,1,0.3422697097274479,0.0,0.3422697097274479,0.3422697097274479
understanding,17,0.3420666447495033,0.13234015388552361,0.10807317817671658,0.6088181740744931
appealing,1,0.34205541764508524,0.0,0.34205541764508524,0.34205541764508524
shorter,118,0.3418204776828436,0.15016525507933087,0.0776051272039366,0.8685025628718526
C,21,0.34178931777847754,0.1558044690563784,0.10432676122631716,0.5923891948772195
call,108,0.34159459688417887,0.11216374672406206,0.06673329173989001,0.6740564201673009
closest,82,0.34153580869523514,0.183013681309429,0.05926725634660184,0.7065912390749658
temporary,4,0.3407322621097564,0.15019343824201414,0.16043047480061656,0.4987682289292437
arrived,23,0.34053669980037443,0.14710933246848046,0.09422711521967067,0.6697938135698843
',579,0.3399361842270902,0.14410803475504183,0.030680097904717263,0.735437513564985
Were,2,0.3394794220242583,0.004003784326646248,0.335475637697612,0.3434832063509045
Moving,585,0.3392233436991622,0.13272134914761677,0.08595019957656162,0.750111811258893
based,111,0.33898653275782015,0.19808742583355327,0.02939801143557677,0.79118325983573
",",14776,0.33887235543677025,0.2067204266620907,0.003809206493160501,0.9910945838908226
Firstly,1,0.33825225513953694,0.0,0.33825225513953694,0.33825225513953694
Engines,238,0.33823297424959076,0.12590764229179835,0.03251879005859514,0.7216771656775577
overall,69,0.3381750666329013,0.13226709194616285,0.08097058797199025,0.6545252960489432
lime,332,0.33816011261800594,0.14718078508886207,0.046173567398063234,0.9627122437855549
Navigation,758,0.3381220064719633,0.16200201828838745,0.0284555826784747,0.9368579450625784
verification,1,0.33792588063601836,0.0,0.33792588063601836,0.33792588063601836
ellow,3,0.33789377120980313,0.0950703288950555,0.23346783580445546,0.4634481948931135
given,36,0.3377489714331972,0.22524525824606517,0.020569484196328407,0.7768141505278537
attention,98,0.337644960379636,0.1766784469784831,0.05890169188206649,0.8659450290758851
surveillance,5,0.3370983218017933,0.12014349708920384,0.1938880443977799,0.5318445803917624
monitoring,6,0.3366071327451549,0.09379236898153774,0.18374098823125157,0.44134807161782286
stages,86,0.3364873752572073,0.1098948002392214,0.1109927604516515,0.5783032474639228
aware,28,0.3362440628830329,0.1694322138952963,0.061433566176205226,0.6650271457464609
far,24,0.3357753672441693,0.1701165801541804,0.08580790525505456,0.7628897013675324
validate,1,0.33543146924075373,0.0,0.33543146924075373,0.33543146924075373
rest,1,0.3353721454061953,0.0,0.3353721454061953,0.3353721454061953
after,47,0.33531335001226076,0.20362084544204287,0.05556608594133559,0.8558919401479788
those,48,0.33513115940204674,0.20943445970351812,0.08375569208686114,0.8990526388975505
rical,37,0.33462086645252465,0.13998282901030942,0.11652091473890998,0.6324383173278275
responded,1,0.3346140530563116,0.0,0.3346140530563116,0.3346140530563116
better,75,0.3345814531138923,0.18532773465051947,0.008836086084264203,0.8643996835673634
on,1243,0.33446555293110003,0.22399557523899857,0.016450160538855226,0.9612410907917937
use,107,0.3344573249336285,0.2123566308601112,0.04157267837427308,0.8426036796131283
particularly,4,0.33444931308276005,0.2887624223956889,0.049988395975867905,0.7421645210412594
collaboration,6,0.3342165056229793,0.11258599096310956,0.21101286696009572,0.5414909453425385
cyan,352,0.33400020787097556,0.14683527284243103,0.042261708167695124,0.936094215265529
my,3458,0.3336820411613119,0.21213089654891362,0.012075459241819811,0.9651250003561177
addressing,1,0.3336239210851013,0.0,0.3336239210851013,0.3336239210851013
),454,0.3334979767853493,0.17181513259322323,0.02098392545313426,0.8309482058529039
fire,1,0.33337009563455217,0.0,0.33337009563455217,0.33337009563455217
this,821,0.3329948090462063,0.1948634378706745,0.014999692900964168,0.9731023473399186
start,661,0.3329313151204923,0.17693834759570967,0.023299045876560433,0.8545460359476346
of,2625,0.33263104714900094,0.20537976542986577,0.006874687002438529,0.980974233198477
during,32,0.3325841246045095,0.15109360583112041,0.0749024797571005,0.6194842353715732
at,858,0.3321591288950843,0.17726437219748353,0.01726605835809004,0.9620456538443567
closer,162,0.3321328029912156,0.17905454090499193,0.06733479820220134,0.8526114923128328
respectively,33,0.331826317616534,0.1463083045408698,0.14080466467083538,0.6224003687365269
0,207,0.3315081933210657,0.13656316105227806,0.06786924663066944,0.9026905010048066
equal,2,0.33146590472595083,0.0454729800573834,0.2859929246685674,0.3769388847833342
jection,70,0.3312471853695361,0.057386108228607326,0.15191246559954485,0.4636572453279797
memory,3,0.3307343634747531,0.02662437936436934,0.30363773496965923,0.3669237003974332
situation,137,0.33051303754521694,0.2073680550777982,0.044454396183086976,0.9315206140941624
whether,46,0.3304130078087082,0.1480582191912058,0.07246712726925926,0.7922585123589045
should,1450,0.33036336493067603,0.2350060280325094,0.007529698590670199,0.8970904259029778
risk,274,0.3299127902012427,0.17778799150187272,0.05671272806563998,0.8746082239887608
oids,109,0.3298389985347091,0.16966743911758106,0.12108971125698736,0.8170204344465275
Elect,37,0.32981183375843254,0.15742746472758343,0.10911966095974213,0.6318576758724559
respective,18,0.32981146813975687,0.08367729246038162,0.2294911538931361,0.5470011170499613
mitig,1,0.32961964195249155,0.0,0.32961964195249155,0.32961964195249155
one,601,0.329499898681864,0.202107203442861,0.037300188752390384,0.8412238347388623
feasible,1,0.32946705253190284,0.0,0.32946705253190284,0.32946705253190284
questions,55,0.3291477036509258,0.1401145021633644,0.1126576331528153,0.6696271249074848
witnesses,90,0.32903506488652917,0.1177652426049608,0.06010500843848032,0.6615901728333364
pairs,2,0.3285212946835036,0.036850738856340326,0.2916705558271633,0.36537203353984393
compromise,1,0.3284698964739363,0.0,0.3284698964739363,0.3284698964739363
against,50,0.32809867493532663,0.177125996512078,0.06840227021085353,0.6481647706800702
comp,2,0.3280986151562753,0.06763001381352962,0.2604686013427457,0.39572862896980493
down,2,0.32761803375660514,0.15750122801256936,0.17011680574403582,0.4851192617691745
multiple,495,0.32752824582570395,0.17603449329110704,0.02718501958769786,0.8695505953768715
accessible,59,0.3267069910927178,0.1504144949954091,0.09505985749224735,0.7208436246388759
sole,1,0.3266741327645244,0.0,0.3266741327645244,0.3266741327645244
share,107,0.32656723091709805,0.18329926429159873,0.030411978065213747,0.8454720251158854
advance,1,0.3258695506255128,0.0,0.3258695506255128,0.3258695506255128
Observ,6,0.32502441017551514,0.1677513678606422,0.1542052082180114,0.6254877944228077
f,5,0.32452141226962977,0.08450423723786901,0.17178412228014595,0.4298294882343254
often,1,0.3238705551665374,0.0,0.3238705551665374,0.3238705551665374
goal,501,0.3235269861737,0.17957951990276722,0.038236522458493044,0.8079745583806099
inform,15,0.3230995498215633,0.08805884248956715,0.03723312782450832,0.36847977986366226
dynamics,1,0.32308699604713953,0.0,0.32308699604713953,0.32308699604713953
As,30,0.32273889591706684,0.22512885873271268,0.02781116709220676,0.810277857574372
several,122,0.3224241768354469,0.18690173513250516,0.037668132168075234,0.8526730306171099
were,119,0.32235645327155676,0.21542590715053933,0.060300562606526935,0.9439480400423325
facade,3,0.32230432778655854,0.08663978697766032,0.2244877106190554,0.43511577467924717
configuration,6,0.3222708161948455,0.07345670888332098,0.21672724419995712,0.4502590990547996
establish,5,0.3222696481021373,0.11874963094357391,0.18680461894733197,0.5263424369025302
drawn,1,0.32221116601566385,0.0,0.32221116601566385,0.32221116601566385
prepare,3,0.3220384762086082,0.14778051188395136,0.19766450818957276,0.5296797712522923
et,23,0.32166897761227203,0.07811476905574494,0.17137539277350358,0.4748237310850337
just,694,0.32131011094629736,0.14049427627684247,0.01603377746160034,0.8707259154860989
surroundings,19,0.3204940302479581,0.143538185875469,0.11344962774166216,0.6871292483137014
Not,15,0.32049093946778945,0.10894522884356286,0.17454894216443906,0.5226301749847672
Players,908,0.3201420559365139,0.1239567142998549,0.04886854001202719,0.7938751705867327
justify,1,0.3200539243990996,0.0,0.3200539243990996,0.3200539243990996
increase,33,0.3196718515327995,0.12701161192880658,0.07517169551518031,0.5873386438603672
quickly,274,0.31942025902487925,0.20983288832702174,0.04950894867326435,0.9630102599804066
proposing,1,0.31908922234175957,0.0,0.31908922234175957,0.31908922234175957
s,56,0.31902836027918724,0.22957242330566277,0.019678899073836822,0.7634867073516982
No,1038,0.31894483715790306,0.13109938458031792,0.1061372243040864,0.8969251091753583
legitimacy,1,0.3179978948369261,0.0,0.3179978948369261,0.3179978948369261
Hi,2,0.3178848827942791,0.009280733333581315,0.3086041494606978,0.32716561612786044
seems,634,0.3176778189630649,0.2379970944764918,0.0027652466434239784,0.9777558710706061
suggest,3,0.317585033089971,0.1323731428494999,0.17837148087870222,0.49558306152863
choose,54,0.31753986857936534,0.16394713686578744,0.07197032549689349,0.7100933849213787
for,1254,0.3173787643591544,0.1992639338244197,0.008183875157364467,0.944967658496501
Memory,1694,0.31703662602027183,0.004069687644870707,0.31663922855676935,0.3587136850050965
updated,1,0.31672794512186647,0.0,0.31672794512186647,0.31672794512186647
path,468,0.3166915839586289,0.1539734565439972,0.03653442998886372,0.820704716482333
scouting,2,0.3166056284631348,0.0033304525765075754,0.31327517588662723,0.3199360810396424
proceed,55,0.31659722817892205,0.12382827014633144,0.04878899732859517,0.6194624698706073
survival,4,0.31654288872541203,0.06816313739661191,0.22196574526141002,0.41467811268801935
perfectly,1,0.31636568397080184,0.0,0.31636568397080184,0.31636568397080184
suspects,4,0.3161878796113997,0.14176027212750425,0.16131129593840807,0.4802079175502164
ate,1,0.3160351577187517,0.0,0.3160351577187517,0.3160351577187517
benefit,8,0.31572340560090406,0.2106293492921937,0.07605187912416253,0.6528114166880435
its,191,0.31550029257420703,0.15391317315754396,0.03745106166795074,0.774101728704183
versatile,1,0.3153519320350971,0.0,0.3153519320350971,0.3153519320350971
objectives,28,0.3152568333003886,0.22271375389698853,0.027428668535955943,0.7932989520406158
concrete,35,0.3148692877747636,0.11552096028447502,0.09752773246144536,0.5977545158423055
early,211,0.31478789983021466,0.1652615670341366,0.04004452241407,0.8573576288113607
af,21,0.3142364736961364,0.132852537628891,0.037830341566929986,0.6849055032027901
ones,7,0.3138988803570394,0.1187811584311705,0.10821453525468824,0.4653257675959262
history,41,0.31382019092613167,0.13189650644184703,0.10159980248901311,0.6124687106353791
which,960,0.31306440706419314,0.23734808137535574,0.008006433546846724,0.9579075968116681
risks,62,0.3129592652772739,0.21735295247030195,0.03331889315933299,0.7953712499743361
considered,12,0.31287291255659433,0.11216589747294715,0.1943016118974799,0.5636407614976102
account,5,0.3128669263148563,0.19825628513376878,0.12504618472379705,0.6504365680272222
Admin,3174,0.31192591922601554,0.16478913848084886,0.012380752387618644,0.9347350984611291
2,1465,0.31171934866821727,0.2400568526180117,0.016441724333554477,0.9523830394868071
less,108,0.3115630616028348,0.16632497303194127,0.05655439995276938,0.9352641073297089
gauge,8,0.31080793453230215,0.15534357355673745,0.08166694675397228,0.4702541991349064
Instead,52,0.31079465992530003,0.14045910908941864,0.10405225256580124,0.6905753885985058
had,6,0.3101456664309633,0.2215537001811178,0.14321617604261072,0.7947006472035272
units,1,0.3100469219484894,0.0,0.3100469219484894,0.3100469219484894
allows,344,0.30898640184591447,0.18936463268019024,0.01574584382003188,0.9346480893908217
notable,8,0.3088067695776212,0.11923686969860425,0.17596409435161442,0.5752740271327167
red,381,0.3086664022125886,0.15840266478150394,0.04728219599719368,0.9689000791435468
urgency,1,0.30863485489811676,0.0,0.30863485489811676,0.30863485489811676
assigned,1048,0.3077244628624694,0.20851313335273242,0.02549395636870501,0.9882114737054706
closely,29,0.30762279778197343,0.1341940853807455,0.07341362640410275,0.6367589770138306
other,2353,0.30724072715141204,0.15927738561195162,0.01779249054040498,0.9851756974118654
normal,3,0.30665782604711117,0.09187411601651846,0.17819127011492594,0.3877296845922515
corridors,2,0.3066287657564486,0.02588512081022748,0.2807436449462211,0.3325138865666761
timing,3,0.30662764684173033,0.05507287338846753,0.22916147965444933,0.3523447680124058
fellow,14,0.30607206292144984,0.1403815821780523,0.15608794605843473,0.5866812538591952
helped,1,0.30579667829262785,0.0,0.30579667829262785,0.30579667829262785
react,15,0.3057744090475811,0.10025229765877502,0.16234564967514165,0.5355205529055604
becomes,3,0.30576584660434303,0.15727196741904304,0.186795952056103,0.5279970096475871
leaving,28,0.305393512219028,0.13481405205281935,0.09653684401645465,0.6476306193165831
significant,384,0.30521445616706533,0.10902387247735314,0.10145239720215567,0.817233444532277
more,757,0.3051977363342529,0.19151296197466364,0.010534155363761274,0.9378483443062033
transparency,4,0.30518700392992504,0.21249872037139725,0.10880664494963077,0.6373231790554513
been,1140,0.30509112813192335,0.20696648379133561,0.04141658603024752,0.876749554636395
ITOR,7,0.30486662370891,0.08479618484365331,0.21736828166704641,0.4745759701276416
-,585,0.3047745297939392,0.11074368044664029,0.028266783761843925,0.9451826075148948
ultimate,2,0.3047648249015849,0.056159915638650845,0.24860490926293408,0.36092474054023577
worrying,1,0.304282693521632,0.0,0.304282693521632,0.304282693521632
corrobor,2,0.3035767347563561,0.06972146899997396,0.23385526575638213,0.37329820375633005
means,30,0.3027557640806918,0.15237123356568036,0.06810700152278114,0.7205760271598849
stage,115,0.3024415654543054,0.14707086446966933,0.04547940229602956,0.6482948938436316
familiar,3,0.30233930642133916,0.10007136083827586,0.19389315879518823,0.4353087496035603
steps,35,0.30210159634132117,0.16321121448275477,0.05545560207651861,0.7855102045696795
five,46,0.3019809586835407,0.05812862248153984,0.1253798071956937,0.5173265340727642
alert,7,0.30124875570755955,0.13532667888627561,0.087196060617901,0.5319843645320406
adjustments,1,0.30093154848409515,0.0,0.30093154848409515,0.30093154848409515
discussion,75,0.3006494694524401,0.13962467695370523,0.059103447568347574,0.7452939868612765
putting,5,0.29989384379048956,0.06256606883544172,0.20926208733598903,0.3876332238190498
ongoing,6,0.2995695192534814,0.06369757084297373,0.2041633337625559,0.39210021508172205
conversation,7,0.299279742230287,0.10666653514878831,0.1388542154712932,0.4856213282590414
chosen,4,0.2992517089945296,0.1355929221713671,0.10912422805719321,0.4775691480529013
between,23,0.2989868204709727,0.17993605331383322,0.044357621632952995,0.6563493953431941
detailed,1,0.29805134728699856,0.0,0.29805134728699856,0.29805134728699856
discussing,35,0.29783136679536043,0.13609296640417143,0.057668536852355325,0.5982954203194331
prepared,9,0.29782079834291647,0.06710118538937215,0.24139568015712773,0.46233930914992
Upper,849,0.29757462954003544,0.1608334247894881,0.01838433069320491,0.8010317482403347
group,38,0.2973007120242548,0.1287800124733328,0.11757140020025925,0.628111384180644
additional,13,0.29690910057739783,0.08966623441801452,0.11418869719179148,0.4634171271760367
four,28,0.2969042402530378,0.17958912227481083,0.09672268648959281,0.7659847192989049
suspicions,35,0.2964149856220929,0.16490221922288503,0.05763697106627134,0.6330736116268613
follows,13,0.2962505830501777,0.257289638587111,0.031722194844787464,0.7913841794834874
few,5,0.2961970863517622,0.1436905538534372,0.17883898072832496,0.5236033978322843
give,260,0.29601619005779023,0.19173702650606125,0.04256032752356953,0.8629591109699241
finished,7,0.29599239326032184,0.14619040720421006,0.15012848859363725,0.5516306827237302
black,285,0.2958484637266891,0.14157503018417644,0.05582386185943025,0.8822293020836944
viable,30,0.2956560071866926,0.17662770559489152,0.07820680614231877,0.7614010807861954
across,22,0.29545443227562607,0.05113092518164791,0.1764490250864952,0.3807083063360621
workload,9,0.29517986547675584,0.08206000902694205,0.22001424629561095,0.4895402896992167
planned,20,0.29509837503659364,0.1302156613693444,0.12600279710772633,0.5487730618799432
reass,13,0.2949446996459108,0.12671324494304909,0.10344681646018812,0.5576873746850605
are,1658,0.29490709456144465,0.18665466570432868,0.004989676793587456,0.9943379579625061
these,113,0.2949001395611329,0.18559318590340843,0.018900567277621672,0.8805472000767993
purple,250,0.2946859372110496,0.15787829436800346,0.035691744607962955,0.9083743116064837
provoke,1,0.2946292369605173,0.0,0.2946292369605173,0.2946292369605173
allowing,68,0.29350870224822784,0.21047672027730718,0.03303392851357561,0.9063594327542751
promising,2,0.29342288172419934,0.0624618524437751,0.23096102928042425,0.35588473416797445
game,1086,0.2933582868160274,0.1291557053538151,0.0645582153159636,0.9180531545941848
green,303,0.293123934923022,0.17348939021705145,0.018051567884481784,0.9135196315026042
confronting,1,0.2930437925289092,0.0,0.2930437925289092,0.2930437925289092
suggestion,9,0.29284697212950883,0.17036012498501146,0.10569558132263125,0.5775207492524114
map,24,0.29282267178528243,0.12027916618315311,0.08596875898890745,0.5867610258396271
three,314,0.2927022511635201,0.1491536737998384,0.04405261708958651,0.8476289318102287
simply,1,0.2922497865951517,0.0,0.2922497865951517,0.2922497865951517
probable,1,0.29220489629388896,0.0,0.29220489629388896,0.29220489629388896
able,17,0.2916313825175166,0.0709699572233894,0.17291955992416788,0.406708652690746
In,3,0.29129370127641985,0.15562679270449756,0.07928620662034623,0.44847522276936325
stop,1,0.29109604916179804,0.0,0.29109604916179804,0.29109604916179804
can,810,0.29108906799976936,0.20501083555366678,0.016542116893695342,0.91223077810025
prior,29,0.2908431518706862,0.12221274374844361,0.22322107934370142,0.6854837107440769
wasting,5,0.2907027238896053,0.0865623545034786,0.15300371673512173,0.4262341823159951
inc,2,0.2906311799306747,0.08328690029850899,0.20734427963216573,0.3739180802291837
timelines,1,0.29059748943917263,0.0,0.29059748943917263,0.29059748943917263
paths,200,0.290596589138384,0.10082046927544067,0.06810505589145162,0.6467991370599917
second,6,0.2905518090723281,0.14209823113522793,0.1296461152177518,0.47869069226217753
).,124,0.2903843039447439,0.14655817480675232,0.06604611399862466,0.7811196481625505
taken,247,0.2901530192853073,0.14297392919091603,0.06750259060766102,0.8800311028904912
too,69,0.2899833576754999,0.13508645163157004,0.08514402257085088,0.6069887170857926
eye,129,0.2898757739843539,0.1429344158930029,0.06073256126322548,0.8175332609568262
-p,3,0.289346140537631,0.09565896507527262,0.20659263987317153,0.42340433450741594
required,6,0.2892627903595257,0.0866305386616911,0.176555265688818,0.46237114496503334
progress,299,0.28922362844383825,0.14679798789899495,0.037350428766860566,0.8976942096521888
team,41,0.288699236275959,0.10520742921523318,0.06322115146319551,0.5895480132059855
")"",",2,0.28858969078441493,0.09814971670356976,0.19043997408084518,0.3867394074879847
some,160,0.2881261065344617,0.25891145496859236,0.028663552614457077,0.964041613662204
increases,8,0.288097020190621,0.1110831518116155,0.12522454420475515,0.466566416295814
short,116,0.28720893261284763,0.14062808782921465,0.02830766571621744,0.699831954296294
caution,13,0.2870730634366337,0.18597011529029472,0.09834358012785219,0.7909102046451749
easily,7,0.2870311358685577,0.167519714289266,0.06441358443732317,0.5889866421673076
'd,35,0.28703089915280244,0.12600407454164006,0.12683528504964095,0.6244062905832101
sudden,1,0.2869757294042509,0.0,0.2869757294042509,0.2869757294042509
asking,16,0.2868210994627173,0.17713420076339112,0.0610584489405441,0.6305883947540707
unlikely,2,0.2867288526382469,0.002306089182274068,0.28442276345597284,0.289034941820521
complete,1361,0.28655625222335074,0.19955944821396054,0.02040794022924369,0.9420084257280831
".""",42,0.28639478358780146,0.20741998578775456,0.027992968266524407,0.8910522081667908
scrutin,1,0.2862359277912958,0.0,0.2862359277912958,0.2862359277912958
waiting,13,0.2851594736581211,0.21698704815958414,0.04035066216931734,0.6852189121919823
free,9,0.28487352755274964,0.1754246656818354,0.10676958943963717,0.5797151455369779
blending,31,0.2847194114981326,0.11308727636749405,0.13433164011652549,0.6128964097267809
later,59,0.2842666266674247,0.19760443904649594,0.019442689233712708,0.8581664481874327
clear,35,0.2842651007039302,0.1573306329663143,0.04445433069344172,0.619225519442906
avoiding,42,0.2842081532649997,0.16771085708908928,0.03418757074998417,0.8451797606915161
before,141,0.2841486907524936,0.1701299246132697,0.04054878841020721,0.7721894258977907
shouldn,1,0.2841060255334131,0.0,0.2841060255334131,0.2841060255334131
earliest,1,0.28405516356002425,0.0,0.28405516356002425,0.28405516356002425
ahead,1,0.28369788340916213,0.0,0.28369788340916213,0.28369788340916213
readily,24,0.2833261440739737,0.15133037319366924,0.05763970321575076,0.5508669658661353
yet,571,0.28330306233888725,0.12155626165781173,0.037591159049589554,0.8365539057683079
undertaking,2,0.28328927293995865,0.007678537947864966,0.27561073499209365,0.2909678108878236
Steering,42,0.28308635379258745,0.104198064405542,0.12710628317244024,0.5803002974473469
PE,92,0.2825343335808853,0.06456004639776818,0.16346054101799715,0.43627310156470533
efficiently,184,0.28220570658218197,0.18851912188525136,0.023897684437682754,0.9252976979772678
balances,2,0.2812529620349271,0.11572352195144117,0.1655294400834859,0.39697648398636826
assessing,4,0.28115631486042025,0.08569630388100728,0.1454290574967859,0.38061468899069667
complexity,2,0.2810429535906276,0.11507404324476579,0.16596891034586178,0.39611699683539336
11,1,0.2808492987153524,0.0,0.2808492987153524,0.2808492987153524
put,144,0.2808171127197665,0.10092364994956794,0.10540016972665096,0.6547409784403285
time,288,0.2802628205244515,0.14828438692988952,0.03195294270044906,0.8346068806392475
return,7,0.28016846322449057,0.12718506782606304,0.14783761937881684,0.49764958936147174
flexible,1,0.2795550798891864,0.0,0.2795550798891864,0.2795550798891864
giving,13,0.2792872797245725,0.16872810833158358,0.04911842169511569,0.6272329458181842
blue,371,0.27914967128201296,0.1695400107854915,0.015615337164805362,0.9667847262796039
intermediate,1,0.27912443871285014,0.0,0.27912443871285014,0.27912443871285014
remained,1,0.27892194175662127,0.0,0.27892194175662127,0.27892194175662127
already,1117,0.27883525111458324,0.16651363630507895,0.01755476762126654,0.9088278972035135
finish,4,0.27820463615257207,0.14937230606048094,0.1224577398380209,0.5056489125408465
-s,1,0.2780084714482989,0.0,0.2780084714482989,0.2780084714482989
narrowing,1,0.2779873817022211,0.0,0.2779873817022211,0.2779873817022211
point,171,0.2779507510576348,0.1719765733474425,0.025502661326946206,0.827977977291807
white,306,0.27780652951465906,0.1424343425037912,0.06766216223184392,0.8210430176431077
ized,2,0.2768167318118449,0.14665931036087795,0.13015742145096695,0.4234760421727229
unless,25,0.27650527664452385,0.1604325786986361,0.09439114344671751,0.6697011223009023
enhance,2,0.27648438655476143,0.07580114046764287,0.20068324608711854,0.3522855270224043
"(""",6,0.2763629315685665,0.17992957295861076,0.030846119432994066,0.6298361122858783
positions,48,0.2763239827329613,0.14141072123506127,0.11652192090553185,0.6797086576284799
begin,35,0.27594358262696267,0.1610914711927508,0.031956264399661496,0.6405069474882044
5,850,0.2754454085808861,0.1776175019065608,0.020675131544987943,0.9325370935852407
ibi,39,0.27538112061063447,0.14170813133802662,0.04892777303882611,0.6145978598413305
es,1,0.27530355630767256,0.0,0.27530355630767256,0.27530355630767256
safe,38,0.2744679997797612,0.14090511603597047,0.043367198334956725,0.6933249676694017
Can,32,0.2744602727919989,0.1348828695339155,0.0817030438839929,0.6491149993054213
decision,41,0.27430941606550907,0.17000374410663832,0.04806284383118052,0.8601652395455298
starting,222,0.27414906318103677,0.16585473767991218,0.028880859427773974,0.7664272957673794
contribution,2,0.2739564885199023,0.06386186406767985,0.21009462445222243,0.33781835258758214
considering,181,0.27394917805708063,0.1952182257212983,0.020695098171641866,0.8390431286717935
monitored,1,0.27367149175221667,0.0,0.27367149175221667,0.27367149175221667
thin,1,0.27339023002856594,0.0,0.27339023002856594,0.27339023002856594
Sw,2,0.2729640650463133,0.12730547421211844,0.14565859083419486,0.40026953925843173
undertake,1,0.27291802491191064,0.0,0.27291802491191064,0.27291802491191064
increasing,13,0.27271930206210737,0.1718322501962444,0.07755158584620027,0.6859693719467351
require,238,0.2726285476214706,0.16493386448473613,0.03173031169096736,0.8555981018607831
like,524,0.27250964021108187,0.21043210754704594,0.004244526206667436,0.9335537798600166
answering,1,0.2721032612647958,0.0,0.2721032612647958,0.2721032612647958
"),",332,0.27205647967681335,0.17296855756884796,0.018084585307080705,0.8347846513766162
Meanwhile,3,0.2719840828879376,0.12620007473982756,0.17443832387805966,0.4501915287609731
total,1,0.2715791524250942,0.0,0.2715791524250942,0.2715791524250942
Starting,13,0.2713201326525986,0.12546971372212481,0.10347136708545944,0.5397179761470715
Engine,1333,0.2709699362831632,0.14311416216278702,0.008381753553418393,0.9055019553733965
pink,290,0.2695269346769163,0.14473988675522273,0.045621850784751804,0.9414354255219766
ETING,16,0.26950071078132365,0.06368121903357286,0.1612223215406631,0.38538038677818065
observe,444,0.2694848827613726,0.13379425740298628,0.033428078021074385,0.7552801845529657
Initial,1,0.26927938549439256,0.0,0.26927938549439256,0.26927938549439256
ions,2,0.26916822360962883,0.06800863881279139,0.20115958479683746,0.33717686242242023
many,11,0.26888678002984445,0.15824079958301518,0.06325332808843168,0.5576502785414258
initiated,8,0.26886044459622566,0.12431657775335933,0.052756652422136924,0.4279891451155787
coordinating,9,0.26877940716729615,0.19158348130332756,0.059391902635146626,0.6354804171644791
observation,51,0.26861138808353363,0.12461194699703872,0.03567094529927953,0.5879945507553922
arou,13,0.26800138868655965,0.10651755425356828,0.145792462921579,0.547812877461636
jump,3,0.2675546589913864,0.015291691616416312,0.24720603484065645,0.2840696232506054
-up,1,0.26744042357688774,0.0,0.26744042357688774,0.26744042357688774
navigating,5,0.2671121552362562,0.14890296383758322,0.10605801815323182,0.5428394048527584
as,1173,0.26698391389019976,0.20170145312013768,0.0051779970350911645,0.9707679420806722
brings,10,0.266915378249866,0.09464079292321935,0.11209567288527855,0.3797995880966968
accepting,2,0.2664168570983592,0.0,0.2664168570983592,0.2664168570983592
discuss,107,0.26628826967957664,0.168392031147385,0.012667288886225439,0.8000255910277396
voting,13,0.2660513629220587,0.11459810277518348,0.06251661161983296,0.5615471083797704
good,311,0.2660028061455983,0.23015537126306812,0.0017028621984404285,0.8649776263848504
relocation,1,0.2659978115480795,0.0,0.2659978115480795,0.2659978115480795
assume,5,0.26598616718564605,0.09740856484855567,0.13797594137994465,0.4186899646860892
movement,174,0.2656965751925401,0.17246241334406398,0.051552609670188494,0.794360846182209
majority,7,0.26564754944403957,0.11601405604767678,0.15515663755687784,0.4580009894344924
votes,3,0.26538350404777,0.12785865876826916,0.15519270865886964,0.4446370524682283
brown,341,0.2649190955577813,0.13813073651444027,0.02629873435050745,0.8785345721291862
To,33,0.2648804779868205,0.13241753096278366,0.06875679619336368,0.6516688121943991
asked,15,0.2641390433639099,0.1969113849661592,0.0477341100117333,0.7873559747132011
suspicion,633,0.264007569513434,0.1677689698836815,0.015413720113303867,0.9271972303195313
All,187,0.2639658841942426,0.1303272565044371,0.028701033559630412,0.8372710815901147
-path,1,0.2638108848021577,0.0,0.2638108848021577,0.2638108848021577
uced,1,0.26241642719719854,0.0,0.26241642719719854,0.26241642719719854
collaborating,1,0.26169634485808696,0.0,0.26169634485808696,0.26169634485808696
7,776,0.26158856981015244,0.16483808475058775,0.04883282825718987,0.9694363292262177
thoroughly,1,0.2612437921035311,0.0,0.2612437921035311,0.2612437921035311
Caf,3094,0.26099714551613856,0.15475677884788114,0.01592815588272949,0.8757512404548963
case,10,0.26041148045278006,0.12284977478439037,0.054089887875692536,0.4103137107561123
progresses,11,0.26026624606206306,0.12546554674383184,0.12981053461649816,0.5097515952442163
distant,1,0.259452927130802,0.0,0.259452927130802,0.259452927130802
Looking,2,0.25919596137044965,0.017342518175890137,0.24185344319455954,0.2765384795463398
draw,20,0.2591660949501523,0.08490930826129325,0.16328047261425205,0.49871835775821943
4,942,0.2588316367255188,0.15418307267917988,0.023921780418223827,0.8649399373788822
quickest,8,0.25834283870086067,0.11280405186014801,0.11312561776513352,0.46650642883582893
page,3,0.25810890600369535,0.1366196608520853,0.15261468734958894,0.45103670219569403
piece,6,0.2577899757893412,0.07801030513773304,0.16620127319338135,0.3995935592279895
and,7925,0.2575006942393979,0.19387830070189524,0.0005770727639278247,0.9801679790198677
complex,1,0.2573419225576703,0.0,0.2573419225576703,0.2573419225576703
ensuring,2,0.25713560181858713,0.16558617929864988,0.09154942251993724,0.422721781117237
So,4,0.25691465864102436,0.16402274724420945,0.11476471372323573,0.5275234813413049
vote,13,0.25650532772993473,0.0854125431562881,0.11605248204614209,0.4351131779689778
correct,6,0.25622176014978265,0.14102655416479903,0.07692358385985597,0.48805426200195595
aspect,2,0.25619760687106147,0.060021712881483655,0.19617589398957783,0.31621931975254514
note,10,0.25598737929109666,0.0688787373886316,0.1665992721788705,0.3676135567815994
orange,337,0.2559420514054452,0.12438530281654339,0.03638902681500997,0.9550274614608925
yellow,329,0.25571048218136894,0.14886305021003507,0.0297940710711471,0.9415346651772947
weighed,1,0.2544220377445061,0.0,0.2544220377445061,0.2544220377445061
temporarily,2,0.25354673615371764,0.015186545554608577,0.23836019059910907,0.2687332817083262
(,911,0.25304212524959036,0.19354307907650972,0.015227616419837194,0.9810162357233878
sense,133,0.25239794336488686,0.10822117419257511,0.030904918124823363,0.6032401285778558
third,12,0.2522309675205588,0.12626791907686383,0.0892095468054624,0.42594570211586374
carefully,41,0.25218542342838673,0.14073342790123633,0.02484069109589655,0.5818339002816959
ier,3,0.2519777368850846,0.10294103602285035,0.12730383834933182,0.3794115341112859
waste,22,0.2519043649017073,0.08611369993660531,0.10560279553044942,0.45432895504050597
initial,400,0.2518830927758268,0.1673862735075907,0.03615218284720761,0.7881304540272438
stays,1,0.2514419754751583,0.0,0.2514419754751583,0.2514419754751583
make,233,0.2512835161550724,0.17550177895244445,0.023516676321816646,0.8531556391720705
not,615,0.25061390753771656,0.17229121870249986,0.025572831613056488,0.8466967520789703
avoided,1,0.2494454492103593,0.0,0.2494454492103593,0.2494454492103593
under,6,0.24908490485068258,0.05495156438391099,0.17169488173030617,0.33460394054828385
except,202,0.24836402480079428,0.08145432200261887,0.09290630408813916,0.6037464723583154
backtrack,2,0.24826847339176392,0.18809718561618982,0.06017128777557411,0.4363656590079537
layout,9,0.24821894739052638,0.0916360535651278,0.11714307322898988,0.41067580369211376
't,212,0.24770780341755583,0.17288905395201282,0.012561595763515523,0.807724945256903
transparent,3,0.24767624952172115,0.17327856167373426,0.11730993002591501,0.49255820436690706
cooperation,4,0.2475828400651214,0.06064399192739436,0.16459472669453235,0.3341122849331741
again,4,0.24749235030482825,0.043313246334656365,0.21898805409391517,0.32218871503451124
spaceship,57,0.24703261586207564,0.02521383962787136,0.2003536621901343,0.30498919864810625
completed,887,0.2466655381645671,0.1391242432460214,0.03417116750284537,0.8028341570215897
low,9,0.24659132865652567,0.07786848025336189,0.13553601076443897,0.386505222140565
:,3831,0.2463622047115718,0.16370008951946804,0.011567374540818496,0.9390695028038389
essential,67,0.24616743556853224,0.10151470609782336,0.06747664897801685,0.5484966610714465
implying,5,0.24508687061036785,0.11128487194519841,0.15071175725779085,0.4453029177588772
observing,91,0.24489346893716238,0.10235332385487379,0.022267872802132726,0.5296984501641635
completing,1019,0.24481515101131346,0.17697302225623066,0.015555813850257446,0.919570883510067
meeting,615,0.24479408574396092,0.10037255152312666,0.042401043267335604,0.8598990899747919
so,226,0.24395884252414157,0.25668159229873927,0.00462205382729793,0.9044879902889135
DEAD,1,0.2437183203613009,0.0,0.2437183203613009,0.2437183203613009
state,44,0.2434109719888812,0.14249270986923684,0.07903404550153423,0.6766499160793186
determine,5,0.24338443848656519,0.0967863289939253,0.07560730846947918,0.3744533080821622
inconsistent,1,0.2429018839291259,0.0,0.2429018839291259,0.2429018839291259
help,320,0.24167915356360475,0.1890780888603426,0.015028656675715273,0.9373663689311671
goals,6,0.24124469345581437,0.1441706970744419,0.0564798303515056,0.5277537648594802
first,895,0.2408066538898576,0.15675492966881596,0.02246948038038538,0.8749776895970841
requiring,10,0.24078365970601573,0.13593759403782885,0.055538447531867374,0.5537563294601796
clearer,1,0.2406386394163784,0.0,0.2406386394163784,0.2406386394163784
prompt,1,0.24010091156399183,0.0,0.24010091156399183,0.24010091156399183
will,582,0.2400982037904948,0.16277174369174635,0.019839838858927525,0.8713531682803127
maintaining,3,0.23954915096603538,0.09986353491980351,0.12964764186263608,0.3713135249651664
shortest,72,0.2390542772993521,0.12720728954717275,0.036290610070654,0.5324659288976922
achievable,1,0.2386602807801424,0.0,0.2386602807801424,0.2386602807801424
observations,619,0.23851542173565912,0.09822393155234743,0.04470042221466372,0.6369993845225325
emergencies,4,0.23836953472198877,0.03319309476080214,0.20611262520595275,0.28787216357693063
6,926,0.23816376378194526,0.15662136517326994,0.029605745128677776,0.9543682369757048
back,34,0.23701089632862313,0.11149187823437014,0.07954648695320186,0.5267366153483941
anyway,3,0.2366659039837693,0.06285355462863293,0.1493029121838696,0.2945472147420124
3,1068,0.23661752337856337,0.1685984282909178,0.009971001974816205,0.9554697489938082
scattered,15,0.23603945132132076,0.03226878180435252,0.1747851203501141,0.3139402037449236
safer,48,0.23572056142048003,0.1386962511030022,0.029884940349401642,0.5877339037564375
success,3,0.2348917675181402,0.0747529800276182,0.15223662320291237,0.3332991730075524
opposite,1,0.2348129816065705,0.0,0.2348129816065705,0.2348129816065705
convenient,21,0.2345132874032775,0.21929953427626023,0.011577106850231077,0.7958793479285025
since,415,0.23427709315636233,0.17765739069253514,0.017222164955852725,0.9076504057578759
least,78,0.23384379504291083,0.13913840620687348,0.026726157584689696,0.6639048022167832
efficient,452,0.23368124984792044,0.12529545323898603,0.010498614813409291,0.821337869047651
bottom,1,0.23362728901401075,0.0,0.23362728901401075,0.23362728901401075
tie,1,0.23347080862359587,0.0,0.23347080862359587,0.23347080862359587
among,56,0.23326071088067582,0.12124200814747679,0.00849203279348636,0.47126069359205935
decide,162,0.23289762367801708,0.14458255479074636,0.037001877812870336,0.8094011156255997
enough,18,0.23286845452154215,0.18703096749419737,0.06525908842097031,0.8115588186063363
risky,179,0.23240415095467906,0.1570736453621647,0.043090767752775025,0.7978262740425264
achieve,17,0.2318156043196573,0.1116094140618016,0.07963970894758203,0.42690160992793846
objective,102,0.2314292012926752,0.15476228417493565,0.039496873646780124,0.889608299524917
Asking,1,0.23094225828097031,0.0,0.23094225828097031,0.23094225828097031
decrease,1,0.23089446746826026,0.0,0.23089446746826026,0.23089446746826026
cooperative,14,0.23033530767565194,0.09104715896189648,0.07441995048738023,0.42858600672410574
trust,50,0.229881183051637,0.12893698875567763,0.053075091291790846,0.72661650519732
encourage,6,0.22980831092687215,0.15032633001855833,0.06828395695729494,0.44059002392730284
spent,9,0.22919940732808966,0.12744096321051027,0.04950304045017014,0.4637928046869556
over,5,0.22853042609549895,0.13754750867682705,0.08221126945968579,0.4752042068653544
setup,4,0.22834987630710904,0.042086944192667786,0.15718588761181695,0.2661674480318341
relatively,95,0.22789396797388076,0.1595676791159792,0.027526018825873265,0.9533884641915795
Therefore,52,0.22787089369084645,0.11462681429400837,0.029430622749621903,0.5998990921687087
fewer,14,0.22744510481306648,0.13644430777088581,0.025459085073905333,0.6155282214901837
openly,1,0.22737299187740648,0.0,0.22737299187740648,0.22737299187740648
careful,22,0.2273641680547719,0.19975191396569492,0.0393697685470067,0.7946871146165255
balance,9,0.22705274107668133,0.1194081183215881,0.07386822951999808,0.46581030053271216
convince,1,0.22690630718264576,0.0,0.22690630718264576,0.22690630718264576
win,47,0.22675622221640668,0.0685260686298455,0.09532380003006188,0.3791567090604516
],5082,0.2263419613820378,0.10785724767948525,0.031030347720675682,0.48055869531386985
eteria,3115,0.22631209205811106,0.15946932319940268,0.018358707017066205,0.9540771332140346
poses,1,0.2262689205941329,0.0,0.2262689205941329,0.2262689205941329
ting,252,0.22520819562247257,0.16391657184180622,0.026893883615659316,0.6723822573643198
Hello,23,0.22498135858253795,0.07996410394024192,0.10498014325227488,0.37921226385549645
remember,2,0.22497144454175524,0.003604466359417774,0.22136697818233747,0.22857591090117302
two,321,0.22482914001827797,0.1500759717550165,0.018385330072013484,0.9146334405041668
assuming,4,0.22450698809547182,0.11177455324270563,0.08805286084190578,0.37791476007257696
Sk,57,0.22428737312459027,0.02842241416176388,0.15991932941010473,0.26472894205681635
reaching,1,0.22424620724626784,0.0,0.22424620724626784,0.22424620724626784
inevitable,1,0.2241819752303777,0.0,0.2241819752303777,0.2241819752303777
Observation,2,0.22404631002498737,0.007006998604492692,0.21703931142049468,0.23105330862948006
iate,1,0.22329281440958348,0.0,0.22329281440958348,0.22329281440958348
left,14,0.2229170337664678,0.1305484059920411,0.06065658032720762,0.5372592007711021
Sharing,10,0.2219945113588529,0.1701291467780926,0.0794474549573887,0.5900683711459659
current,413,0.22194603977136396,0.16952481485746548,0.012465229717378389,0.8283759912121418
opens,1,0.22129760149255354,0.0,0.22129760149255354,0.22129760149255354
clarify,24,0.2208508033662092,0.21855994864215322,0.03291623100089765,0.8290568604898237
effective,10,0.22069761453154127,0.11128319115283268,0.10659194156990083,0.5221531805187886
choosing,7,0.22049846054407227,0.08595629639452874,0.08195261943022744,0.33250851809524745
continue,19,0.22042722489358718,0.10837812278849947,0.07264524410060214,0.5012370347479641
individual,1,0.22039844663758262,0.0,0.22039844663758262,0.22039844663758262
Nonetheless,3,0.21996442562114085,0.07630299319173058,0.15899768238810127,0.32755494554242803
idle,1,0.21990993158499914,0.0,0.21990993158499914,0.21990993158499914
laying,1,0.21942062040092794,0.0,0.21942062040092794,0.21942062040092794
quiring,2,0.218797757413175,0.06640922322399881,0.1523885341891762,0.2852069806371738
particular,1,0.21852608345850136,0.0,0.21852608345850136,0.21852608345850136
consider,409,0.21806955525377325,0.12719436324982233,0.021708030087788852,0.7713986650854058
finalize,1,0.21756526932077497,0.0,0.21756526932077497,0.21756526932077497
-consuming,1,0.21720425077639896,0.0,0.21720425077639896,0.21720425077639896
usp,1,0.2159857430888007,0.0,0.2159857430888007,0.2159857430888007
equally,3,0.215755367771013,0.14969886805260177,0.0466723486983306,0.41062740862256
's,1086,0.21560312972645793,0.1790026545746349,0.005191661455275478,0.9436313550680926
Cleaning,1,0.21502857499435213,0.0,0.21502857499435213,0.21502857499435213
key,37,0.21492956937149643,0.16945336180355133,0.05744688775286386,0.7164708262251845
weigh,26,0.21479129145017697,0.10214511598239592,0.07410381572137592,0.4159046017848011
impacting,1,0.2143920259656379,0.0,0.2143920259656379,0.2143920259656379
ship,146,0.21397190904223504,0.08623540369658393,0.0426019888915294,0.6323850183615296
pressing,1,0.21372609781982788,0.0,0.21372609781982788,0.21372609781982788
ask,71,0.21341157733630478,0.12609676007300755,0.037932720526543715,0.6277814078491779
close,49,0.21295759811139534,0.15846926500969385,0.036096640571453134,0.6334504807031347
staying,20,0.21258368732578892,0.13719158864490003,0.0769684234571667,0.633062668908327
all,432,0.21144881111572822,0.14540734270557648,0.009066853939331381,0.8702161995205151
necessary,58,0.21144726008379433,0.18159155397559276,0.044131816774575214,0.8258095145558181
reduce,128,0.21137162922627903,0.1108358481490427,0.07496678702908288,0.6255060764807243
also,1370,0.2110039526243574,0.17022256304280187,0.007836016221002818,0.9125611592459458
minimal,3,0.21040354998087016,0.18597904057653747,0.07838768024910826,0.47341697437655816
urgently,1,0.2103615939824081,0.0,0.2103615939824081,0.2103615939824081
stimulate,2,0.21030482304142542,0.10343759630217457,0.10686722673925085,0.3137424193436
from,1546,0.20962975618206758,0.13623566240271656,0.014883164831692818,0.9178289628282568
cooperate,1,0.20919383960290738,0.0,0.20919383960290738,0.20919383960290738
premature,55,0.20840324918776193,0.09112367244816415,0.03468994319710132,0.44816844281954454
congest,1,0.2077645416380685,0.0,0.2077645416380685,0.2077645416380685
list,32,0.20755866775794266,0.18806729297708663,0.029806274133460875,0.8986012718767367
deciding,24,0.2070258077213977,0.14260885506563017,0.06556275175163948,0.7345522827599442
ily,1,0.2067992957985724,0.0,0.2067992957985724,0.2067992957985724
prudent,22,0.2061853743226233,0.1602359321662627,0.0035890483931632225,0.6443049226883996
puts,5,0.20569823065829712,0.12716146448919033,0.06772233484017126,0.37208716738569897
self,7,0.20544650476489437,0.07676094201171504,0.12414954092336758,0.3372263567966947
making,134,0.20505250024431246,0.19256447179220476,0.0026380390546936515,0.7788334580321438
assignments,33,0.20486154075428403,0.1579986220621295,0.022328631538269972,0.7076732648774274
open,7,0.2039420290854181,0.1291123641859799,0.06292327006691716,0.49498283513039193
maintain,43,0.20381768559363483,0.16123551906145217,0.027630378343707133,0.6431491934910581
learn,3,0.2035072637824614,0.13379451012329896,0.09552419485387902,0.3920580752486527
're,19,0.20329761499850232,0.1418718136929313,0.03367385570015365,0.48021916759793504
AK,93,0.20248792571928798,0.05247071292807724,0.10942643763682287,0.45397368793510373
delays,3,0.20201407414091224,0.030497702367301274,0.16780485994035663,0.24186647283426824
whole,1,0.20196518296897184,0.0,0.20196518296897184,0.20196518296897184
agree,7,0.2013509008055864,0.10843511933232769,0.05100999197618501,0.3604580294709848
MOVE,942,0.20131058188610781,0.06604610803377733,0.08461335167164141,0.5057996050550534
remain,15,0.2008176464855724,0.0922510820394031,0.03785594047582602,0.4120498115399104
With,12,0.20073038879292512,0.11903852812160004,0.07176956453566695,0.4860686902359615
1,1577,0.20071960902321015,0.11998378337122781,0.016654752276637888,0.8280268846705973
optim,1,0.20057299298688927,0.0,0.20057299298688927,0.20057299298688927
've,239,0.20035481234178398,0.16536932760375092,0.007264875242117382,0.8537720830947784
innocent,7,0.20023355676730178,0.09216538658769238,0.08796356540826408,0.3821599974574039
minim,19,0.19998129248964402,0.1345234311842236,0.01562982935668912,0.5009155789671945
spreads,1,0.19972855389497482,0.0,0.19972855389497482,0.19972855389497482
nothing,1,0.19903557388015944,0.0,0.19903557388015944,0.19903557388015944
passed,5,0.19900330035235164,0.05985084758609395,0.1315173121388528,0.28844101407013045
gives,15,0.19895165614967264,0.1872528437588659,0.05055770716813581,0.7873990905703178
winning,90,0.19845536083426277,0.06855570132943108,0.06832652104388433,0.35759492787437946
including,209,0.19623885508318928,0.15309547494077122,0.023836950527229107,0.8475717768819466
keep,89,0.19579450488855335,0.12866559985941198,0.03999917293774463,0.6469148640681472
track,2,0.1953899981798651,0.02157360763338917,0.17381639054647594,0.21696360581325427
wisely,1,0.1952693400573145,0.0,0.1952693400573145,0.1952693400573145
progressing,4,0.1952441766358073,0.04289629413388648,0.15188967075635496,0.2579233308428986
innocence,3,0.1949189487967217,0.046290792522052794,0.1488707743733759,0.25824105621643273
finishing,6,0.1943161206645894,0.07197528442724746,0.0680630792269466,0.2650714291281093
balanced,1,0.1940733644754009,0.0,0.1940733644754009,0.1940733644754009
no,465,0.19399513423536935,0.13846645555766965,0.015852078142507556,0.7565468250989438
listen,1,0.1939721821605689,0.0,0.1939721821605689,0.1939721821605689
priorit,9,0.1939015115161537,0.2656359175518276,0.026893504539437806,0.9225377091135326
helping,8,0.1934219194052907,0.22097872041651406,0.07692282977140441,0.7747808277235234
holding,1,0.19339246696955492,0.0,0.19339246696955492,0.19339246696955492
convincing,2,0.19311940614522938,0.08662187966382638,0.106497526481403,0.2797412858090558
optimizing,1,0.19305424815676023,0.0,0.19305424815676023,0.19305424815676023
split,3,0.19247476188630516,0.030049189495831775,0.16625774306417554,0.2345475877418277
personal,4,0.19240937302502842,0.1303884881248446,0.09131036023000089,0.4137407099030285
completion,126,0.1920163747986369,0.19411190465768538,0.014331524782659465,0.9113312129049221
adds,2,0.19178063979863885,0.0852013843517621,0.10657925544687676,0.27698202415040096
initi,1,0.19175138533485758,0.0,0.19175138533485758,0.19175138533485758
-making,7,0.1913127957403324,0.07415762602124448,0.16103807169230086,0.37296114002852165
easiest,4,0.19098611998933335,0.0861991170297747,0.07460399255806885,0.3110829247986541
assessment,1,0.19083185970194985,0.0,0.19083185970194985,0.19083185970194985
By,35,0.19036723761549798,0.09845482311964959,0.026675308086527873,0.433504199975745
called,131,0.18985171568075165,0.15463314947166726,0.03728954124784112,0.6264494852173162
building,1,0.1898491015105293,0.0,0.1898491015105293,0.1898491015105293
This,494,0.18982032674641597,0.16817535689564952,0.013555839705369787,0.8572749994047468
own,30,0.18915218519926386,0.1498658845633212,0.017268470479415723,0.5213254172286315
allies,5,0.18889299908995688,0.13351025018881854,0.06591611208896973,0.40561314990737507
both,141,0.18848460607307313,0.13572112831186156,0.02685592114642369,0.7318675454590964
assess,15,0.18717193249456343,0.1082253595692104,0.046521264246377675,0.49007411667718714
maintains,1,0.18707458052294254,0.0,0.18707458052294254,0.18707458052294254
preferable,1,0.1864519915818231,0.0,0.1864519915818231,0.1864519915818231
begun,64,0.18550810237212656,0.06996443704450345,0.09936151465020662,0.4684384406387132
prime,2,0.1852713023321373,0.003589958705398563,0.1816813436267387,0.18886126103753584
reducing,41,0.1846079821125984,0.1643534580648723,0.019311723201931804,0.6619056659344985
bringing,13,0.18314222160673932,0.0789848583438487,0.10100586687671204,0.3969599966399671
Since,1405,0.1830402051312122,0.11666739917710789,0.016029231841141415,0.7668611326245959
traverse,1,0.18287776765752162,0.0,0.18287776765752162,0.18287776765752162
-term,1,0.1827256455963366,0.0,0.1827256455963366,0.1827256455963366
tracking,15,0.18207009360484086,0.08872652322667138,0.06740413674382437,0.3891168908429122
most,402,0.18201921539393276,0.1769508364761645,0.0021343957348342467,0.8614545216838845
six,2,0.18105960672207183,0.07758130254417349,0.10347830417789834,0.25864090926624533
vigilant,12,0.18098346741941626,0.15934670736064627,0.056150091512006804,0.586032252614861
Process,1694,0.1807404351841653,0.04208889854302246,0.08280252818654231,0.3980553032630824
iterate,4,0.18034296471736094,0.06340748673155869,0.11406314679168413,0.2625739425739605
direct,58,0.17961882022668124,0.14518032507248055,0.013846666044685069,0.6983257942555182
Assigned,2,0.17947735743706464,0.0933968623114084,0.08608049512565626,0.27287421974847303
stay,20,0.1789388778734277,0.08873775290731636,0.069085383939808,0.4232894899250548
solid,1,0.17876243540304088,0.0,0.17876243540304088,0.17876243540304088
am,1540,0.17851948636536577,0.1215230599429822,0.011072972978068252,0.8347345919180759
perhaps,1,0.17820052156935498,0.0,0.17820052156935498,0.17820052156935498
than,44,0.17763033240596401,0.11869308373041984,0.03823816581910364,0.4694221935046915
advances,1,0.17630823822357755,0.0,0.17630823822357755,0.17630823822357755
assistance,1,0.17590739094588048,0.0,0.17590739094588048,0.17590739094588048
next,683,0.1752780287001454,0.12205154740776557,0.012761770561512462,0.7118748782997809
ded,1,0.17378256848631846,0.0,0.17378256848631846,0.17378256848631846
listening,4,0.17372937639638855,0.0827991414389235,0.10243937439263241,0.312081676609241
words,1,0.17361091917450672,0.0,0.17361091917450672,0.17361091917450672
ensure,22,0.17137241919730184,0.10364792136345066,0.029309746516308778,0.40474322212469405
freedom,1,0.17133881236701912,0.0,0.17133881236701912,0.17133881236701912
accomplishment,2,0.17101577537112797,0.08752668902940687,0.0834890863417211,0.25854246440053485
")"".",1,0.17089997760250158,0.0,0.17089997760250158,0.17089997760250158
must,43,0.16865689284566773,0.11050346119104361,0.053787849161041644,0.5102181643447908
still,82,0.16793349161477328,0.11051045119528205,0.019527536517888057,0.6636463279061072
est,1,0.16783409692906187,0.0,0.16783409692906187,0.16783409692906187
linear,3,0.1674893592264062,0.06895585322309444,0.07664068751133817,0.2436098459223314
hub,3,0.1669004890776341,0.03534860056918823,0.12367985884426516,0.2102655320706405
main,6,0.16646443196139474,0.10390827308899456,0.04644014059327516,0.33940556368116664
warrant,5,0.16645594807317837,0.07836650551624949,0.09996375047409752,0.31650551128258664
nature,1,0.1660759371791743,0.0,0.1660759371791743,0.1660759371791743
request,1,0.16529645465660323,0.0,0.16529645465660323,0.16529645465660323
priority,346,0.16458716475346047,0.11461523321932458,0.013611914373882598,0.6880899418109581
forth,1,0.16354944352629228,0.0,0.16354944352629228,0.16354944352629228
'll,31,0.1634170519860218,0.15124436411573586,0.026901789383954457,0.6913699971009144
analyze,1,0.16339417046067437,0.0,0.16339417046067437,0.16339417046067437
""")",2,0.1626297924225461,0.09605121955295749,0.06657857286958861,0.2586810119755036
sequence,3,0.16224669919668497,0.11017518838786629,0.029671087377483984,0.2994262434650402
truth,1,0.16190908059873935,0.0,0.16190908059873935,0.16190908059873935
uous,3,0.16070500070815089,0.03336123148820678,0.1147011795716494,0.19277300085488924
urge,1,0.1598790499433986,0.0,0.1598790499433986,0.1598790499433986
besides,9,0.15975081154427107,0.07341352934937626,0.033399356440673815,0.2780401557763452
If,36,0.1596770412533543,0.0726755658907803,0.09756727708444403,0.44162898425523894
best,164,0.15847803151248693,0.11900287815450804,0.0064221702709122645,0.6679305893352045
unclear,1,0.15842634325296948,0.0,0.15842634325296948,0.15842634325296948
center,1,0.1568585338988408,0.0,0.1568585338988408,0.1568585338988408
remaining,177,0.1565362827719188,0.10152076826500259,0.029366457259498983,0.478462077365096
evaluate,5,0.1561160838288274,0.06435340056073677,0.10189868789170745,0.28177716715575035
started,618,0.15446378581347017,0.10389413937243427,0.039762616594765696,0.8996601083284019
productive,17,0.15366578953736312,0.17767403021215103,0.025670384979988168,0.7472949333909856
requested,2,0.15345485178421553,0.059291920350273954,0.09416293143394157,0.21274677213448948
minimize,43,0.15342933237110548,0.10127021013218078,0.03085264596440187,0.4455669652575565
appropriate,2,0.15313479004130398,0.09595543129144304,0.05717935874986093,0.24909022133274702
After,40,0.15169526452692977,0.12833130597092243,0.027135777148015728,0.535062898505754
focusing,50,0.1512566771930421,0.12407115544205505,0.03251407329017856,0.7401533281619879
began,3,0.15109045187996403,0.0,0.15109045187996403,0.15109045187996403
navigation,2,0.1509719855383907,0.03353383952543919,0.11743814601295152,0.1845058250638299
ation,1,0.1509039468072675,0.0,0.1509039468072675,0.1509039468072675
une,8,0.1503855117399987,0.06965864373427043,0.060959356553499794,0.2951607646686418
Thinking,1694,0.14982334187793003,0.03980916375721451,0.056214152518117226,0.34591108314024255
maximizing,1,0.14938099514883343,0.0,0.14938099514883343,0.14938099514883343
passive,1,0.14873721294491427,0.0,0.14873721294491427,0.14873721294491427
aforementioned,1,0.148421751928169,0.0,0.148421751928169,0.148421751928169
build,16,0.14835900711415437,0.10941235735326456,0.041841159445726396,0.45269099744231184
unfinished,2,0.14813352423058485,0.004220270518670202,0.14391325371191466,0.15235379474925506
managing,3,0.14808158001528157,0.04650826475675887,0.09791487405364217,0.21000247153691556
past,11,0.14712039325329043,0.13225163372689314,0.1052987545677579,0.5653367801086155
delay,19,0.1466273479760396,0.07904832226680197,0.07852235971814744,0.42713273524802287
collective,1,0.14455807467583676,0.0,0.14455807467583676,0.14455807467583676
traveling,4,0.14448855156812723,0.038076395604037826,0.1043681734503378,0.18497563692243935
Considering,183,0.14370171831329323,0.09979536011685647,0.03183913478207193,0.530705294928388
prioritize,361,0.14320380704987754,0.1050823671870405,0.007076638053616727,0.7804767142600733
increased,2,0.14268043642619244,0.0166205631067165,0.12605987331947593,0.15930099953290894
achieving,6,0.14206664601055888,0.07025481507956831,0.07809062346590814,0.2870018185035455
scrutiny,3,0.14052518803147643,0.04352222264215373,0.08256610667103148,0.18744447401256065
These,1,0.1402749564014069,0.0,0.1402749564014069,0.1402749564014069
revisit,1,0.13978915169799042,0.0,0.13978915169799042,0.13978915169799042
ess,14,0.13922738080276417,0.07916934929686853,0.06923767194880548,0.3527117258494526
cautiously,1,0.13879106005328895,0.0,0.13879106005328895,0.13879106005328895
keeps,22,0.13831058219641007,0.09293129173922565,0.04854166350196731,0.49499253990708203
lose,1,0.13738638849727727,0.0,0.13738638849727727,0.13738638849727727
'm,435,0.1369118202180977,0.12120777634037784,0.009897382558417862,0.7468737843842223
primary,138,0.1365863695800716,0.08148875393001072,0.005369298307581546,0.3756022176794216
keeping,59,0.13631560766863363,0.09132305070899431,0.050313905787932045,0.6005796075823446
aligned,1,0.13546604343101273,0.0,0.13546604343101273,0.13546604343101273
safest,45,0.13456499932837102,0.09105675473925554,0.01900476126159116,0.4460233073681306
versus,7,0.1344302400924641,0.09875263233135666,0.03915959800186706,0.2891467787817972
alive,1,0.13130588696878315,0.0,0.13130588696878315,0.13130588696878315
downfall,1,0.13092118372506087,0.0,0.13092118372506087,0.13092118372506087
remains,3,0.13036571673905714,0.052210460615813484,0.05838508034772202,0.18060346575915476
maximize,28,0.12898858680293535,0.09068374951077479,0.022836522993708787,0.4014112606506337
actively,2,0.1283459351724338,0.028986369611353917,0.0993595655610799,0.15733230478378774
communication,1,0.12768853815581704,0.0,0.12768853815581704,0.12768853815581704
informative,1,0.12730048291689725,0.0,0.12730048291689725,0.12730048291689725
previous,404,0.12689004423289982,0.08146254689531703,0.10239327988932995,0.7109120893127086
inquire,2,0.12649780974246322,0.019557134385556424,0.1069406753569068,0.14605494412801964
publicly,1,0.1263385854270975,0.0,0.1263385854270975,0.1263385854270975
Both,4,0.12451928000080278,0.05990780429765742,0.06398586279529855,0.19903154742635185
centrally,2,0.12418108903842057,0.022681367396664313,0.10149972164175626,0.1468624564350849
central,38,0.12394721004843923,0.07943607512883044,0.02315562077433763,0.3998161376255283
support,1,0.12289134575275455,0.0,0.12289134575275455,0.12289134575275455
underway,1,0.1227690241935134,0.0,0.1227690241935134,0.1227690241935134
great,1,0.12174484074517596,0.0,0.12174484074517596,0.12174484074517596
form,1,0.12115177093390166,0.0,0.12115177093390166,0.12115177093390166
only,113,0.12085937420781791,0.1484136068521395,0.01649845948811605,0.7172108142405161
Do,2,0.1196456748739361,0.025802192200168966,0.09384348267376713,0.14544786707410506
Thus,2,0.11763538400271034,0.04954241754204719,0.06809296646066317,0.16717780154475753
collectively,3,0.11462281424322651,0.01310688755508489,0.09610726252826071,0.12463325907860015
priorities,3,0.11444009982419762,0.07607782080268889,0.059693993265128226,0.22202474883400267
victory,1,0.11432969990647748,0.0,0.11432969990647748,0.11432969990647748
primarily,1,0.11406639701790477,0.0,0.11406639701790477,0.11406639701790477
spending,1,0.1137240616983104,0.0,0.1137240616983104,0.1137240616983104
ance,3,0.11343649152073539,0.056560080745857264,0.06253359224398239,0.19232234238980217
despite,1,0.11194253568974018,0.0,0.11194253568974018,0.11194253568974018
solely,2,0.11175773136247037,0.037411600252253555,0.07434613111021682,0.14916933161472393
until,1,0.11156680105174578,0.0,0.11156680105174578,0.11156680105174578
inefficient,3,0.11111172505908362,0.02503343856367927,0.08462673965427686,0.14469921052537454
izing,8,0.11072909972925846,0.10487297374077839,0.012175409215279685,0.32824334991621223
reduces,25,0.10941563366413487,0.06520694089446814,0.027406550248478906,0.26951185573980524
fashion,1,0.10870756034523148,0.0,0.10870756034523148,0.10870756034523148
tackle,1,0.10803176837882607,0.0,0.10803176837882607,0.10803176837882607
affect,1,0.107760606221538,0.0,0.107760606221538,0.107760606221538
considers,1,0.10772597201512774,0.0,0.10772597201512774,0.10772597201512774
considerations,1,0.10768277885768668,0.0,0.10768277885768668,0.10768277885768668
izes,26,0.10721399874736777,0.08829931766920265,0.013947324975723764,0.3860169280918073
saves,2,0.10626325234020378,0.004635593954974891,0.10162765838522889,0.11089884629517867
vital,1,0.10478935866842724,0.0,0.10478935866842724,0.10478935866842724
distances,1,0.10472997782954292,0.0,0.10472997782954292,0.10472997782954292
explanations,1,0.10444483502316279,0.0,0.10444483502316279,0.10444483502316279
Orange,2,0.1039872121100536,0.01899385181220043,0.08499336029785316,0.12298106392225402
50,3,0.1030355872383285,0.04336361354999777,0.06399228017818741,0.16351233325426676
straightforward,20,0.10189257749927527,0.08809010951970025,0.016655158934828777,0.3449027589695576
alliances,2,0.10012531832219365,0.04410209210049906,0.05602322622169458,0.14422741042269271
helps,5,0.09726224429641608,0.06818336320766187,0.03956872742306429,0.20111939967768758
neutral,1,0.0934055547587391,0.0,0.0934055547587391,0.0934055547587391
changes,2,0.0930870634484217,0.021678056727332834,0.07140900672108887,0.11476512017575453
Among,8,0.09289482826376257,0.04476481575459573,0.05013585112523504,0.1877782176111277
riority,3,0.09223262957489327,0.0066841852235097875,0.08310097486545284,0.09891438695065524
especially,139,0.09062933509443279,0.0839648720816904,0.011195810142356962,0.7215885818950943
ensed,1694,0.09044849818150545,0.009532189048691036,0.0895176975697311,0.18806621234133927
reasonable,31,0.08676688577299789,0.09891339484759631,0.007758649204731694,0.4764094324518251
beyond,1,0.08576263429863702,0.0,0.08576263429863702,0.08576263429863702
informed,8,0.08261090634084033,0.08421788280420418,0.017548484615633787,0.2666046965963666
Secondly,1,0.08114943198851066,0.0,0.08114943198851066,0.08114943198851066
[,5082,0.08035573257998245,0.07507001842425763,3.59131006387249e-05,0.4531827325955892
clarity,1,0.08013448273598638,0.0,0.08013448273598638,0.08013448273598638
rely,1,0.07989937704881757,0.0,0.07989937704881757,0.07989937704881757
requirements,1,0.07869437960143658,0.0,0.07869437960143658,0.07869437960143658
logical,235,0.07720870818120311,0.07732638199645389,0.004526028130787842,0.42608357218282056
non,1,0.07649411119758574,0.0,0.07649411119758574,0.07649411119758574
Between,5,0.07279873857417361,0.03248218481867788,0.0373480935618677,0.12215449881050834
sides,1,0.07114478585010911,0.0,0.07114478585010911,0.07114478585010911
minimizing,8,0.0648154034363143,0.031460901237670064,0.02259758947965796,0.12516685031959443
ant,3,0.06121299915952714,0.02686206632741511,0.03298443496362922,0.09734357144556695
consensus,2,0.059249002831672615,0.030432044767730298,0.02881695806394232,0.08968104759940292
accounted,5,0.057968745558229305,0.02030821320546647,0.0418034248330464,0.095198203483074
saving,6,0.05508609688535784,0.020339383100394643,0.032884671730448005,0.09162989485871684
preferably,1,0.053067066067083286,0.0,0.053067066067083286,0.053067066067083286
Action,1694,0.05053151112803942,0.01711856439111539,0.017288518789332654,0.17062369514395426
49,1,0.049210619091696724,0.0,0.049210619091696724,0.049210619091696724
Everyone,1,0.048957581947464184,0.0,0.048957581947464184,0.048957581947464184
depending,1,0.04792890111815786,0.0,0.04792890111815786,0.04792890111815786
determining,1,0.04730324869949304,0.0,0.04730324869949304,0.04730324869949304
tone,1,0.043504029840645005,0.0,0.043504029840645005,0.043504029840645005
Cond,1694,0.041041997856546025,0.012062069893687381,0.039864159064327484,0.1645678411904651
thus,2,0.03913811910427098,0.008482356278232515,0.030655762826038466,0.0476204753825035
thereby,2,0.03852457051086566,0.007122258191341862,0.0314023123195238,0.04564682870220752
sensible,2,0.017985259746492597,0.012330301495187275,0.00565495825130532,0.030315561241679872
top,1,0.01713896221676143,0.0,0.01713896221676143,0.01713896221676143
icious,1,0.014341206282313824,0.0,0.014341206282313824,0.014341206282313824
<|begin_of_text|>,1694,3.060391653337147e-22,9.4039548065783e-38,3.060391653337148e-22,3.060391653337148e-22
