token,count,mean,std,min,max
<|begin_of_text|>,1694,1.0,0.0,1.0,1.0
uced,1,0.982001988688638,0.0,0.982001988688638,0.982001988688638
drawn,1,0.9551434685251498,0.0,0.9551434685251498,0.9551434685251498
ordinary,2,0.94797564958087,0.015764828785478968,0.9322108207953911,0.963740478366349
exhibited,1,0.9362942948939604,0.0,0.9362942948939604,0.9362942948939604
sides,1,0.9311811154820692,0.0,0.9311811154820692,0.9311811154820692
truth,1,0.930449518173838,0.0,0.930449518173838,0.930449518173838
analyze,1,0.9188992372426801,0.0,0.9188992372426801,0.9188992372426801
doubt,2,0.9165741901779317,0.011143095745549836,0.9054310944323819,0.9277172859234816
neutral,1,0.9144374621778784,0.0,0.9144374621778784,0.9144374621778784
bottom,1,0.914398698484027,0.0,0.914398698484027,0.914398698484027
indications,4,0.913116561749006,0.060829924856092406,0.8127707189999522,0.9679244947677743
possibilities,1,0.9042550651477977,0.0,0.9042550651477977,0.9042550651477977
conclusions,9,0.9032885494903596,0.04324401690068327,0.8288254482117209,0.9535776371056461
unclear,1,0.8977998423340836,0.0,0.8977998423340836,0.8977998423340836
unusual,43,0.8966161594683492,0.12078814035206659,0.5206667924626481,0.9834273035802092
timelines,1,0.8962230730134614,0.0,0.8962230730134614,0.8962230730134614
ideas,1,0.8917008980416178,0.0,0.8917008980416178,0.8917008980416178
fire,1,0.8896613335765291,0.0,0.8896613335765291,0.8896613335765291
curious,1,0.8852676551130332,0.0,0.8852676551130332,0.8852676551130332
sudden,1,0.884651407259521,0.0,0.884651407259521,0.884651407259521
surrounding,6,0.8836869457592859,0.029190501807101327,0.8524662529663734,0.9319619304274624
evaluate,5,0.8832464780904706,0.027950359024576522,0.8541456769813938,0.918858148789802
limited,1,0.8823413813713316,0.0,0.8823413813713316,0.8823413813713316
detailed,1,0.8803849811373519,0.0,0.8803849811373519,0.8803849811373519
adjusting,1,0.8789507743238373,0.0,0.8789507743238373,0.8789507743238373
rely,1,0.8746705526551923,0.0,0.8746705526551923,0.8746705526551923
anywhere,1,0.8745412199034366,0.0,0.8745412199034366,0.8745412199034366
overt,1,0.8741960117405225,0.0,0.8741960117405225,0.8741960117405225
ess,14,0.8734810816049672,0.053825453458157896,0.7498757618969758,0.9493072026559588
dangers,1,0.8707701732265335,0.0,0.8707701732265335,0.8707701732265335
concerns,9,0.8698540039799643,0.07727341280162879,0.725886408486193,0.9494744262043575
informed,8,0.8669286505619795,0.0738264089757989,0.7212105830335485,0.9421067583811551
pressing,1,0.8667382754188799,0.0,0.8667382754188799,0.8667382754188799
heard,4,0.866144097920437,0.04966767285062594,0.7913818415829691,0.9212919332635011
ized,2,0.8661201752445946,0.042465651854028674,0.823654523390566,0.9085858270986233
knowledge,1,0.8652779917771029,0.0,0.8652779917771029,0.8652779917771029
risks,62,0.8638375012896308,0.14039205673379,0.35353910193553817,0.9680802662216953
clarify,24,0.8627042173134806,0.1445829474289914,0.4430465736383023,0.9806041492900631
aspect,2,0.8616664258872516,0.010590654909642838,0.8510757709776088,0.8722570807968945
assess,15,0.8610023523465701,0.09997998101277698,0.6415283073593759,0.9679390691090882
prioritize,361,0.8609131708774181,0.06956135064798406,0.3316850235402877,0.949910061559405
concrete,35,0.8596943169478051,0.06691244664773471,0.6289519591388816,0.9410284934291343
knowing,1,0.859389229266081,0.0,0.859389229266081,0.859389229266081
believable,1,0.8591443433421196,0.0,0.8591443433421196,0.8591443433421196
individual,1,0.8579669981592359,0.0,0.8579669981592359,0.8579669981592359
cautious,219,0.8559135037222552,0.06809243268794567,0.5336766170003994,0.9742137612490944
clarification,1,0.8540484005329964,0.0,0.8540484005329964,0.8540484005329964
nothing,1,0.8536097499872268,0.0,0.8536097499872268,0.8536097499872268
ily,1,0.8511347082197721,0.0,0.8511347082197721,0.8511347082197721
ier,3,0.8509329358165272,0.05529283813281282,0.7751161395476347,0.9054186369829235
words,1,0.8498057676065295,0.0,0.8498057676065295,0.8498057676065295
circumstances,2,0.8486927821472267,0.05436874224528854,0.7943240399019381,0.9030615243925152
yet,571,0.8479754331923391,0.10205858450222803,0.23138098687245873,0.9937571802400883
threaten,1,0.847744068119568,0.0,0.847744068119568,0.847744068119568
threats,7,0.8475798027475603,0.10756823522087464,0.6449675552399246,0.945772684157223
assessment,1,0.8464252852116534,0.0,0.8464252852116534,0.8464252852116534
request,1,0.8462297651255806,0.0,0.8462297651255806,0.8462297651255806
assessing,4,0.8460407631725756,0.015416038876202397,0.8203787092808161,0.8594630110105074
hear,15,0.8458967950314177,0.04855121202305408,0.7481292904812776,0.9329367434470882
confusion,9,0.8450336757726763,0.06680547004583501,0.7176160624408282,0.9276755388675844
determining,1,0.8434578090118084,0.0,0.8434578090118084,0.8434578090118084
implications,2,0.8417654909447767,0.055250267433105515,0.7865152235116711,0.8970157583778822
careful,22,0.8386993994720668,0.17022527080178215,0.230661974180131,0.9619219729515754
risky,179,0.8380198412397681,0.07126817582214649,0.570233646693625,0.9684846516962637
warrant,5,0.8362040092179839,0.03277431055148718,0.8018885683690058,0.8960086795472038
ushed,1,0.8358978182381158,0.0,0.8358978182381158,0.8358978182381158
-making,7,0.8358594753061476,0.025704283089679626,0.7728970975323822,0.8463532049351085
urgency,1,0.8354128973970055,0.0,0.8354128973970055,0.8354128973970055
understand,28,0.8346742272891985,0.13955039299140715,0.4792490734364599,0.9621580350412147
scouting,2,0.8243340844306174,0.0054022446971983,0.8189318397334191,0.8297363291278157
temporary,4,0.823879593972344,0.04245275386559372,0.7798145770951679,0.8782607529555279
figure,2,0.8236977937649866,0.035229544555488546,0.7884682492094981,0.8589273383204752
conclusive,2,0.8212825122680418,0.04858920820722312,0.7726933040608187,0.869871720475265
vague,2,0.820897291624584,0.0058551772395094015,0.8150421143850746,0.8267524688640934
clarity,1,0.820233846114592,0.0,0.820233846114592,0.820233846114592
caution,13,0.8200771316652415,0.06464669980454617,0.7353576621201428,0.9295454676901398
discord,1,0.8195661281793292,0.0,0.8195661281793292,0.8195661281793292
investigate,10,0.8195532730804258,0.06581520645168791,0.6709414012895648,0.8984283587551622
justify,1,0.8192273798045139,0.0,0.8192273798045139,0.8192273798045139
validity,4,0.8189991813430074,0.08461534903769244,0.6747981831292789,0.886424028678622
communication,1,0.8177593631225542,0.0,0.8177593631225542,0.8177593631225542
affect,1,0.8166609696702853,0.0,0.8166609696702853,0.8166609696702853
occurred,237,0.8165023631381981,0.11995879199689577,0.08602746828791433,0.9837356003479842
inconsistencies,9,0.8147430984156423,0.06354739018515422,0.6843512841674351,0.9104543889748853
safest,45,0.8142085884413208,0.04161297317764506,0.737849746114353,0.8924227696338077
unknown,5,0.8138678522742548,0.14684166552347488,0.530676400483924,0.94536761140678
stages,86,0.8119913727815832,0.10262767198831471,0.5035011062422708,0.9499849605588864
downfall,1,0.8110411608116339,0.0,0.8110411608116339,0.8110411608116339
accidents,1,0.8109060150715983,0.0,0.8109060150715983,0.8109060150715983
suggestions,6,0.8091241519402638,0.08022215972714053,0.6994022490193983,0.9008820733738601
manipulate,1,0.8087539590821622,0.0,0.8087539590821622,0.8087539590821622
weigh,26,0.8077218781420403,0.07075750085482817,0.6343324332404372,0.9104459982247581
danger,23,0.807476703516237,0.08188793735559982,0.6185127286392812,0.9163183054646651
benefits,49,0.804367688402444,0.07737224549384622,0.5577820417951199,0.9125947290847335
concerned,7,0.8028811459203266,0.08298005378231196,0.6367047240320031,0.9113120268280582
unfolded,1,0.8017347360083266,0.0,0.8017347360083266,0.8017347360083266
concern,7,0.8013761965914666,0.08164424366950723,0.6826645021110325,0.9116051640647164
hearing,4,0.7963343961658398,0.04173496962062897,0.7241514055251235,0.8235420082412978
clues,10,0.7946765324956637,0.15924805861217226,0.40898957318038065,0.9928589094515382
updated,1,0.7926788570533899,0.0,0.7926788570533899,0.7926788570533899
recorded,25,0.7925416713612432,0.0794846991699162,0.6833999151636443,0.8689676540986399
y,16,0.7910759923020417,0.06681241717270471,0.628836078497158,0.8729222472066689
explain,11,0.7909016403075103,0.07637944388435727,0.6174982132340057,0.8999183981103834
consider,409,0.7905539881217947,0.10300118995874276,0.21771171748318896,0.9353175634368132
inefficient,3,0.7897861586372366,0.03295740211238257,0.7458563744367858,0.8252386775143373
icious,1,0.7887629204144772,0.0,0.7887629204144772,0.7887629204144772
ate,1,0.788548599982551,0.0,0.788548599982551,0.788548599982551
piece,6,0.7879294591958818,0.32474350865850476,0.06337615679155047,0.9692595459062049
dangerous,5,0.7877661360505034,0.07530431899241392,0.6833364688889981,0.8658039968462674
made,546,0.787477148127414,0.157491069201416,0.11497498252963317,0.9516561256472356
anything,80,0.7872281796610467,0.15191184652298786,0.41818170081488343,0.9655290374591677
incident,19,0.7860067260448789,0.15336897419847248,0.332695679693778,0.9407150666579281
surroundings,19,0.7853799340675909,0.11126640761850368,0.4701389262662878,0.9487695271281231
suspicions,35,0.783823869830233,0.10906485586916473,0.5423778364926721,0.9666101669971601
minutes,1,0.7835750601661781,0.0,0.7835750601661781,0.7835750601661781
questions,55,0.7832628884426641,0.13559498140059442,0.4279638622107644,0.9605171290350265
solely,2,0.7820794309585044,0.013453309357420618,0.7686261216010838,0.795532740315925
ected,23,0.7804886497423102,0.07326577269212488,0.560148331240874,0.9098884773683126
discrepancies,2,0.7799565730886988,0.1810535727391222,0.5989030003495766,0.961010145827821
discussions,3,0.7789955221323764,0.020116584726680486,0.755458287638744,0.8046030127398529
inquire,2,0.7787646044375539,0.0946279189568342,0.6841366854807197,0.8733925233943881
discuss,107,0.7772088024734041,0.10612753192583022,0.447894859892887,0.9465782466922111
chaos,6,0.777125505390524,0.045594497166075776,0.708352134920572,0.8514593958881648
transparency,4,0.7765699321911538,0.04176063434562959,0.7314934024038715,0.8447414919978332
profile,6,0.7760941648228946,0.05595738418584334,0.7157166469702965,0.864742025370023
substantial,5,0.7753592926371013,0.07237719703000281,0.6880172234764343,0.8681477434896937
learn,3,0.7744409898083742,0.15650085242644143,0.5545364266731934,0.9060788091730348
begun,64,0.7739694282185524,0.13271345411337548,0.24088026029565437,0.9187982815432783
observable,1,0.7735063119554393,0.0,0.7735063119554393,0.7735063119554393
distances,1,0.7720847146413653,0.0,0.7720847146413653,0.7720847146413653
traverse,1,0.7712447821649379,0.0,0.7712447821649379,0.7712447821649379
details,17,0.7704673805532524,0.09380553776607163,0.6206372834404333,0.9410938587036117
uncover,4,0.7682145047948443,0.15492216923401633,0.5745294135088157,0.9798257132484742
perspective,4,0.7678360436585392,0.08876516909058171,0.649521182488971,0.8715820117941254
-term,1,0.7678270763626377,0.0,0.7678270763626377,0.7678270763626377
hidden,1,0.7677998757239234,0.0,0.7677998757239234,0.7677998757239234
evidence,103,0.7663573685730222,0.14891477300632103,0.25537915084634505,0.9859175987069551
activity,236,0.7659991551799793,0.13743636766950315,0.2842650502727551,0.9778395793086616
traffic,1,0.7656570383139817,0.0,0.7656570383139817,0.7656570383139817
despite,1,0.7656021006364966,0.0,0.7656021006364966,0.7656021006364966
information,1135,0.765286493375986,0.13580779509441074,0.17773437568302825,0.9941607358115433
happened,32,0.7639628543545156,0.15946121428450222,0.3990932305847657,0.9517697107759925
note,10,0.7636361566809736,0.1707923312633459,0.36046020592192785,0.9243813082101405
publicly,1,0.7635805025811654,0.0,0.7635805025811654,0.7635805025811654
identify,181,0.7634799626611131,0.12871675357999604,0.21573201166376937,0.9658872166088927
motives,1,0.7630237574230384,0.0,0.7630237574230384,0.7630237574230384
validate,1,0.7623091727760603,0.0,0.7623091727760603,0.7623091727760603
populated,44,0.7621563878842168,0.099863884121586,0.42790559124298677,0.8751725621586977
thoughts,6,0.7604176905705279,0.09659046741066192,0.6473585786539333,0.9390850384991439
carefully,41,0.760373459858432,0.1721790108560486,0.19395851794112387,0.9527222538091675
pose,3,0.7592764624990984,0.009861523493293774,0.7456276985394522,0.7685823561540047
unfold,1,0.7587823487120428,0.0,0.7587823487120428,0.7587823487120428
distant,1,0.7581829058746151,0.0,0.7581829058746151,0.7581829058746151
diversion,48,0.7569584114035779,0.06017347749200974,0.5623784505894855,0.8796537852163904
attempt,29,0.7567782196541354,0.11599076095749065,0.48163791502016495,0.9343178599596558
productive,17,0.7567574283200695,0.1084161670052924,0.4688314114742291,0.9092111947820394
must,43,0.7566566612983463,0.10980737744844138,0.35712091797473405,0.8859939324443995
inactive,1,0.7564697828449964,0.0,0.7564697828449964,0.7564697828449964
whereabouts,10,0.7559370762113246,0.1393582931172561,0.5699815228282636,0.9285339286507684
risk,274,0.7559286555508272,0.13064503652865916,0.23290366196999865,0.9452944056348915
investigating,4,0.7549390200643461,0.05831509166145079,0.6901211741788726,0.8468739668717631
premature,55,0.7547286658436133,0.06359503380066407,0.5319554911960052,0.873446250872835
situation,137,0.7540686562352461,0.1525967033137932,0.22446746877598697,0.9836919041821189
guarantee,1,0.7539808172467198,0.0,0.7539808172467198,0.7539808172467198
innocent,7,0.7534593728403374,0.09065294678636393,0.5944624869681465,0.9072607340017278
complexity,2,0.7522177106440278,0.007810249104672151,0.7444074615393556,0.7600279597486999
signs,6,0.7494377034319498,0.1828876838635976,0.38820410838905733,0.9250939094238153
tone,1,0.7487344078899775,0.0,0.7487344078899775,0.7487344078899775
incidents,9,0.7483239559186925,0.1708198914251464,0.30290896725286787,0.8932982766360386
enough,18,0.7482164479624713,0.32225359110965524,0.1288410189817251,0.985626432015264
trapped,2,0.7471073093784695,0.003444557109480828,0.7436627522689887,0.7505518664879504
sight,1,0.7468609890502891,0.0,0.7468609890502891,0.7468609890502891
determine,5,0.7454927401505232,0.13984198164731926,0.6241864630536166,0.916843866995603
safety,55,0.7452820528312158,0.11068060563301813,0.4579614229335504,0.9327297317205085
observe,444,0.7447982505968193,0.09237976702835851,0.3999628243071004,0.9488166430554562
decisions,9,0.7447776277788126,0.10807324367577453,0.5278456252809134,0.9477875835234618
finding,24,0.7443244752339288,0.11265097877980104,0.5676439430901573,0.9219267007891576
accusations,18,0.7441673791222962,0.11309073255340482,0.554010603505941,0.9035349848470334
trap,1,0.744113904225823,0.0,0.744113904225823,0.744113904225823
investigation,2,0.743871713887028,0.0231969248074424,0.7206747890795856,0.7670686386944704
prompt,1,0.7432061276361329,0.0,0.7432061276361329,0.7432061276361329
safer,48,0.7425677674319161,0.09795676448619402,0.4608068480386577,0.8745116908823318
ant,3,0.7423189313827399,0.12351720323334532,0.6506668675387951,0.9169264590125211
no,465,0.7421005252672233,0.17988540881764348,0.04530717229147363,0.9847900194967945
notable,8,0.7412734805701173,0.12226214301544029,0.5499121242954539,0.8586950550409518
find,176,0.7409780085835952,0.08371623271770053,0.5020871930083335,0.9525182324714303
actively,2,0.7400364873033827,0.013094121834180739,0.7269423654692019,0.7531306091375634
arises,1,0.7397028458828079,0.0,0.7397028458828079,0.7397028458828079
patterns,2,0.7395356820588463,0.018429674115088113,0.7211060079437582,0.7579653561739345
asty,3,0.7354068488423661,0.12627649297662474,0.5882412221544632,0.8965986671965386
falsely,1,0.7352819984282172,0.0,0.7352819984282172,0.7352819984282172
detected,219,0.7337868450591721,0.11470835235942956,0.2287301222908661,0.9496712201007967
balance,9,0.7334995308980664,0.08636520648957513,0.6051470185931547,0.8665882940901172
identical,1,0.7326588836194475,0.0,0.7326588836194475,0.7326588836194475
hopes,1,0.7322749727684212,0.0,0.7322749727684212,0.7322749727684212
wisely,1,0.7307267457550846,0.0,0.7307267457550846,0.7307267457550846
?,71,0.7303249392662997,0.14671567141455574,0.17940582266733063,0.9362994205904561
't,212,0.7301000008349907,0.18066786640062188,0.1773521905469971,0.968147998262352
preferably,1,0.7298097738105916,0.0,0.7298097738105916,0.7298097738105916
outcome,1,0.7287895683986412,0.0,0.7287895683986412,0.7287895683986412
effective,10,0.728644011274938,0.11250224822894571,0.4596973111449598,0.8541118751885997
experiences,1,0.728631774539472,0.0,0.728631774539472,0.728631774539472
vigilant,12,0.728080608724251,0.07433483014910713,0.5930457107358478,0.8529739773723457
complex,1,0.7273245023372581,0.0,0.7273245023372581,0.7273245023372581
cautiously,1,0.7271256394583796,0.0,0.7271256394583796,0.7271256394583796
riority,3,0.7270918705215227,0.10388748905932146,0.6191963697288038,0.8673983857081005
oneself,1,0.7263493486337648,0.0,0.7263493486337648,0.7263493486337648
state,44,0.7257795792235696,0.08899726807482065,0.3829769446356308,0.8917727119571517
setup,4,0.7256997103826973,0.09928624021991309,0.5548537694513621,0.7935407484007667
ask,71,0.7248293788192685,0.12387127204361788,0.3488634807901549,0.937439616422842
impact,6,0.7246506911134212,0.15915609706318262,0.45567463230665667,0.8807775208784651
urgent,6,0.724473554477797,0.17884996563694858,0.3286798146781427,0.8476814248938996
far,24,0.7236495894383079,0.19318020374100098,0.338577810781381,0.9527501091479237
vulnerable,34,0.7227430806599647,0.08086267143101568,0.5581168233199213,0.8530379627244089
fully,2,0.7225637435427754,0.007122647126761528,0.7154410964160138,0.7296863906695369
pace,2,0.7219436243249601,0.03350294964656053,0.6884406746783995,0.7554465739715206
survival,4,0.7216778492112124,0.07430365344263004,0.599292047668731,0.7921386848974126
processed,6,0.7209397026173555,0.004466257482099359,0.7146234607131203,0.7240978235694732
alternative,8,0.7204852081608544,0.10993187322927557,0.484101566510727,0.8553588841882538
observed,424,0.7196641131443975,0.213745972982476,0.12049111033424059,0.9708627657036234
routes,16,0.7186981129191568,0.17484428538169153,0.3653695381478539,0.9168713295038259
influence,4,0.7186928074511565,0.1432076034049302,0.5594817766982318,0.8716637344093422
form,1,0.7186121970576699,0.0,0.7186121970576699,0.7186121970576699
responded,1,0.7183421091970755,0.0,0.7183421091970755,0.7183421091970755
isolated,52,0.718226725796719,0.08420996776285689,0.5134596056024799,0.9073954578701754
indication,9,0.7181610100498435,0.25921416182402995,0.12261156040207297,0.959372667698894
izing,8,0.716726685460336,0.11831194726165442,0.5298681026446587,0.8334699181407658
ibi,39,0.7143658337040378,0.09890891690708241,0.5136492242288461,0.8843686217695966
informative,1,0.7141752184893442,0.0,0.7141752184893442,0.7141752184893442
inform,15,0.7134223772794915,0.10305484980811729,0.4124854466084523,0.7992503241243849
disclosed,1,0.7131435204028145,0.0,0.7131435204028145,0.7131435204028145
progression,8,0.7124918596703551,0.18121352855354622,0.26751149131226015,0.8491548164717112
suspicious,434,0.7120438471368791,0.15801071397687105,0.10001463277794041,0.9690366946521302
exhibits,1,0.7117987238456033,0.0,0.7117987238456033,0.7117987238456033
support,1,0.7117172836534175,0.0,0.7117172836534175,0.7117172836534175
about,729,0.7101423080226642,0.14325490477102082,0.20194092562312552,0.9774024371275291
logical,235,0.7099564768037495,0.14332616086694577,0.2582416081472129,0.9294675988488726
events,469,0.7078697087207954,0.09881328622078948,0.27310675395943523,0.9649274350037919
clearer,1,0.7068731515266736,0.0,0.7068731515266736,0.7068731515266736
unlikely,2,0.7067974214409901,0.0426020181666491,0.664195403274341,0.7493994396076392
bottleneck,4,0.7062710520514224,0.07254261091236873,0.581611982607338,0.7625679759220406
please,15,0.7053911941004714,0.1329948945258554,0.4905743324131196,0.8989760609367761
evolving,1,0.7047549695208426,0.0,0.7047549695208426,0.7047549695208426
strategies,27,0.7045285504129849,0.16766328686056883,0.15896152934726943,0.9098916336928593
started,618,0.7042685872600468,0.16165056178338066,0.14117087106184736,0.9559139988628648
offer,5,0.7041685240786453,0.08454780182639715,0.6178771355064977,0.847230526076686
primary,138,0.7041055166821031,0.11724912276159447,0.1463176500952508,0.8958506835351776
scrutiny,3,0.7040237495897319,0.06587950620618219,0.612740219486742,0.7658102306779984
protect,1,0.7036858069976836,0.0,0.7036858069976836,0.7036858069976836
attempting,10,0.703607389742888,0.14315419050218053,0.40966145575695545,0.8948790937455576
insights,40,0.7028588995073344,0.12188744170720281,0.381149752803842,0.9331579349106379
thoroughly,1,0.7027523793524316,0.0,0.7027523793524316,0.7027523793524316
changes,2,0.701900117263438,0.07869752297634408,0.6232025942870939,0.7805976402397821
behaviors,114,0.7016100088764686,0.08902247224763632,0.5021688885484987,0.9212105699320228
progressing,4,0.7015002016681471,0.05317452467975827,0.6165960475028511,0.7627402556355602
easiest,4,0.7010852843740005,0.03616607516500463,0.6619083084633814,0.7505925250424919
feasible,1,0.6989779285484105,0.0,0.6989779285484105,0.6989779285484105
context,7,0.6972788302844587,0.14443578907318205,0.465736861661153,0.8819399901223718
cooperate,1,0.6971216875665417,0.0,0.6971216875665417,0.6971216875665417
accident,1,0.6969108559806497,0.0,0.6969108559806497,0.6969108559806497
progress,299,0.6964640264910523,0.12031384742223789,0.18961474576735105,0.9075315975522008
uous,3,0.6960709633188743,0.03773309724876329,0.6487879473051985,0.7411348250587827
-up,1,0.6957043150425959,0.0,0.6957043150425959,0.6957043150425959
behavior,440,0.6948949626792105,0.12189051923998234,0.1006358499620491,0.9662234239421019
dynamics,1,0.6942008051209652,0.0,0.6942008051209652,0.6942008051209652
avoid,384,0.6928653016874993,0.14700810297042716,0.20532249169421846,0.9245622977886241
ance,3,0.6918550885421655,0.05673658604086468,0.6124854576927927,0.7417333610587509
noticed,30,0.6912069446145159,0.2068176843551847,0.1959127709470008,0.9217194228622677
speech,1,0.6906555001685705,0.0,0.6906555001685705,0.6906555001685705
compromise,1,0.690631228374012,0.0,0.690631228374012,0.690631228374012
listening,4,0.6905117122432944,0.0512613773089648,0.604316021142824,0.7354453587536421
risking,1,0.6895069875657589,0.0,0.6895069875657589,0.6895069875657589
deception,1,0.6892983390875924,0.0,0.6892983390875924,0.6892983390875924
misinformation,3,0.688462088349464,0.049768353902660836,0.6299595513314038,0.7516017537976917
additional,13,0.6881939263798158,0.13466843691613603,0.5046147825025882,0.9201478842765062
opinion,1,0.6880668808083249,0.0,0.6880668808083249,0.6880668808083249
difficulty,2,0.6877072816613854,0.036261503587254496,0.6514457780741308,0.7239687852486398
matter,2,0.6865267284107434,0.03030432269367478,0.6562224057170686,0.7168310511044181
attention,98,0.6864466373782692,0.10450578596565314,0.11117188100154504,0.8593962004751706
any,625,0.6857130484318069,0.1766355860425764,0.06194570348879652,0.956749044579743
radar,1,0.6856202240793235,0.0,0.6856202240793235,0.6856202240793235
se,13,0.685445330093724,0.0768732268815448,0.4828749658440042,0.784009082193749
best,164,0.6848679539984915,0.16729714182092587,0.2220020165812,0.919297212050546
notice,22,0.6846720144309348,0.13293733450402778,0.36529106519040155,0.9346467225802766
intel,1,0.6844793669324256,0.0,0.6844793669324256,0.6844793669324256
findings,2,0.6842992713338112,0.18898996406651586,0.4953093072672954,0.8732892354003271
potential,702,0.6842778011906108,0.13586335886750267,0.2894617085370404,0.9402858469551038
topic,1,0.6841095705219848,0.0,0.6841095705219848,0.6841095705219848
ings,8,0.6832192126922749,0.13227154458749507,0.5016884123351383,0.8994058103282658
undertaking,2,0.683141257426265,0.0321370007184672,0.6510042567077978,0.7152782581447322
decision,41,0.6831015695792113,0.19675445796842508,0.19777094073343823,0.9048262257986667
poses,1,0.6829630005530816,0.0,0.6829630005530816,0.6829630005530816
avoiding,42,0.6823148752366839,0.17832776965172298,0.3305531272642056,0.918886571895969
suspects,4,0.6816297466872357,0.10077626115297929,0.5711445799539424,0.8113021908398093
lurking,10,0.6813829247895837,0.11916565454362578,0.5572536607214876,0.8574039667332659
much,27,0.681201248907703,0.21575128614915548,0.18052994109640794,0.9837967691414071
pursue,3,0.679950206925468,0.08457883500989477,0.5754140582593898,0.7825622403200887
focused,6,0.679331247319464,0.1161167132507139,0.49226601732136926,0.7997566746268785
further,28,0.6791943887481487,0.11334008289342172,0.4121137544395844,0.8648394508562159
safely,17,0.6787636681896745,0.16695116732118379,0.328055498341494,0.8566106148398548
collaborating,1,0.6767061986102517,0.0,0.6767061986102517,0.6767061986102517
solitude,4,0.6762122050353995,0.02916311319355363,0.642832427617368,0.7146464301458367
-consuming,1,0.6754065350369015,0.0,0.6754065350369015,0.6754065350369015
delay,19,0.6751685351591897,0.19437376896698946,0.12471994928201552,0.8517801725819051
potentially,1007,0.6749825768296127,0.13739174830149808,0.14526609355201428,0.9322958519186638
ly,52,0.6748800679371783,0.13494782874758376,0.2344148349794487,0.8880811891654984
interested,6,0.674521419111905,0.11095188648519733,0.5073881647966638,0.8805797845111409
plausible,10,0.6742964553154167,0.1003794666612226,0.5118452551717814,0.8132027125527623
achievable,1,0.6742258237939659,0.0,0.6742258237939659,0.6742258237939659
safe,38,0.6740781841353476,0.1311089391341009,0.4559119229735416,0.9153824372287936
stall,1,0.6729119851948399,0.0,0.6729119851948399,0.6729119851948399
innocence,3,0.6728035364420705,0.05828322593612888,0.6066362554671849,0.7484526539569786
izes,26,0.671777553556878,0.15509595250762612,0.39589380013589626,0.8675521170648945
explanations,1,0.6716797481102098,0.0,0.6716797481102098,0.6716797481102098
isolation,5,0.6716333392191253,0.10199459910760104,0.5217699352057235,0.805574630911206
isolate,248,0.6715686453210344,0.09489287583825917,0.30710866172120654,0.8393511874934783
layout,9,0.6711589037616472,0.1052918028881726,0.49934694605056856,0.8798241192124113
exhibiting,2,0.6707615211461976,0.08293668898814921,0.5878248321580484,0.7536982101343468
monitored,1,0.6705610373259777,0.0,0.6705610373259777,0.6705610373259777
perceived,4,0.6697486206333847,0.1687129360577392,0.3808847520633159,0.8041362139091002
down,2,0.6688249095870076,0.1423714311522412,0.5264534784347663,0.8111963407392487
-risk,8,0.6687635103013514,0.15195330088970307,0.4266011072444592,0.8520429953174392
utilize,13,0.6687298708104643,0.11632503590979189,0.4855980027524881,0.8478669959697931
begin,35,0.6682280554704748,0.11979695776038703,0.3298784274954874,0.7980958287943328
asking,16,0.6681724556635376,0.14855410767528282,0.42593034446415,0.9277757560964582
quiring,2,0.6678330505116028,0.102388252950321,0.5654447975612819,0.7702213034619239
tackle,1,0.6675252493502097,0.0,0.6675252493502097,0.6675252493502097
still,82,0.6646349856640676,0.17745164987596038,0.12767790754946623,0.9072750431261084
promising,2,0.6644721383329715,0.08624984838963651,0.5782222899433349,0.7507219867226079
witnessing,7,0.6644012353768237,0.08429595290930073,0.4705917403602624,0.7601291871291593
disrupt,3,0.6639299750738141,0.07640284568122567,0.5558811136048796,0.7183726087901183
provide,539,0.6637573463048183,0.1436255108816296,0.1347396428877956,0.9474405341178662
seriousness,1,0.6635381668117001,0.0,0.6635381668117001,0.6635381668117001
low,9,0.6632808763322362,0.11378759549619806,0.5332252903128831,0.842475917301605
suspicion,633,0.6628514848277253,0.1270268517162243,0.14617627294893817,0.9302497267624436
intercept,1,0.6622010496369742,0.0,0.6622010496369742,0.6622010496369742
track,2,0.661743798489412,0.01380174582065341,0.6479420526687586,0.6755455443100654
clear,35,0.661561583816942,0.30003939967582455,0.08573110703797956,0.9801288194674183
plan,65,0.6591596523236785,0.17613687018362603,0.18146918493891742,0.9471098387746787
craft,1,0.6589210002305259,0.0,0.6589210002305259,0.6589210002305259
say,7,0.6581941714224798,0.2170144560247612,0.19453489552273634,0.9245552848286079
navigate,5,0.6570094664511038,0.11359801383659861,0.48580239015650845,0.8264917451460185
delays,3,0.6562748500915363,0.03002123660853828,0.6268598972978086,0.69749614147919
identifying,90,0.6560817530484024,0.18118223373395506,0.21470041580690466,0.8765543331618415
complications,1,0.6557320146902162,0.0,0.6557320146902162,0.6557320146902162
earliest,1,0.6549763329397096,0.0,0.6549763329397096,0.6549763329397096
mobility,1,0.6545163859849429,0.0,0.6545163859849429,0.6545163859849429
licate,2,0.6543743385900328,0.07175573116674894,0.5826186074232839,0.7261300697567817
helping,8,0.6538743098865694,0.10302932264906309,0.4109790658594908,0.7601592243979663
confronting,1,0.6535980354709144,0.0,0.6535980354709144,0.6535980354709144
wait,30,0.6532794026038412,0.06309952881203673,0.5366937113486998,0.7556174557380977
threat,5,0.6529545994517045,0.06632969331547098,0.5906483084606394,0.7606778436927008
play,4,0.6524704145099166,0.0353130750759529,0.6018530189464569,0.6918386122932776
environment,4,0.6524459887611406,0.11708509445352136,0.4925166351627688,0.823302600499498
idental,1,0.6515756264265317,0.0,0.6515756264265317,0.6515756264265317
iness,4,0.6510931294062519,0.05733109881898252,0.5937931402396303,0.7380292756291669
observations,619,0.6510135255228571,0.11494051624621612,0.24137490216822993,0.9730078754734864
priority,346,0.650973512054061,0.11928148748173159,0.1994731080745724,0.8620915818350421
Samples,1,0.6509681461509811,0.0,0.6509681461509811,0.6509681461509811
hostile,1,0.6509644196241663,0.0,0.6509644196241663,0.6509644196241663
benefit,8,0.6509574812870581,0.13985679412405488,0.3300388883700027,0.7933067700774351
iterate,4,0.6505762169268618,0.10901961194449347,0.5151484316415663,0.8175746702759318
statements,7,0.6505142818636472,0.08706596640116206,0.5190637399927117,0.7820554384350527
visible,2,0.6501714488964783,0.10203329776527643,0.5481381511312018,0.7522047466617546
raised,13,0.6488810616584071,0.21026403975434357,0.23183618564614186,0.8706297608712039
compelling,1,0.6488530581875669,0.0,0.6488530581875669,0.6488530581875669
systems,2,0.6483360474889663,0.054675378650403894,0.5936606688385624,0.7030114261393702
opportunities,108,0.6477439925328791,0.12269671144830722,0.284790687388644,0.8632759309867283
early,211,0.6470367419585618,0.208141679952733,0.20779296728712252,0.9425949568218499
waiting,13,0.6468689776834022,0.10570375834717168,0.491934765321661,0.8209592654418805
interest,8,0.6464430224432108,0.19078543535987924,0.3109891190218264,0.8728508270452794
specify,2,0.6464067960388872,0.0859325756374999,0.5604742204013873,0.7323393716763871
pointless,1,0.6457980458725597,0.0,0.6457980458725597,0.6457980458725597
waste,22,0.6456098672503475,0.0915622066042589,0.32791673392047005,0.783219023338535
understanding,17,0.6448992783194123,0.08803377819771331,0.5291854624674748,0.7982537119025607
encountering,61,0.6446638811910483,0.0801381809393716,0.42630765224940564,0.7838936813936236
interactions,12,0.6445519549213378,0.09831027555221103,0.5023839707215344,0.8456677178875505
possibility,56,0.6442495148675735,0.11328127485391482,0.2302546385351732,0.8007328942252404
imesteps,1,0.6439167249663283,0.0,0.6439167249663283,0.6439167249663283
gathering,153,0.6431597111430672,0.13527633471485878,0.2897250769444479,0.9700168307430808
fewer,14,0.6431349449044605,0.09997834031102515,0.4282171937074603,0.8217688180992011
had,6,0.6428991331534322,0.2192929558588692,0.16353886586175198,0.8229945889327633
distractions,2,0.6427625773377791,0.0891976298395627,0.5535649474982164,0.7319602071773418
sure,5,0.6425976426298472,0.23187656330127682,0.3263472156397943,0.9337503282371151
inconsistent,1,0.6425913022720189,0.0,0.6425913022720189,0.6425913022720189
assist,5,0.6425680920521141,0.13045274319913377,0.42243460904713986,0.806841021304885
consequences,9,0.6422407549791461,0.255650778366089,0.36812052419202274,0.9704199760443848
requirements,1,0.6410051538329761,0.0,0.6410051538329761,0.6410051538329761
stage,115,0.6409419151366242,0.16061441306479077,0.1587376719593278,0.9408815795992069
deny,1,0.6407025695998642,0.0,0.6407025695998642,0.6407025695998642
discussing,35,0.640049526102764,0.15602046051534316,0.18926202203476583,0.9252030861431986
interfere,2,0.6399880752500173,0.06545077111012904,0.5745373041398883,0.7054388463601464
assumption,1,0.6393977819787,0.0,0.6393977819787,0.6393977819787
stalk,1,0.639078032225131,0.0,0.639078032225131,0.639078032225131
stimulate,2,0.6388542152543997,0.06511607904453015,0.5737381362098696,0.7039702942989299
consensus,2,0.638591900088934,0.11298632649635787,0.5256055735925761,0.7515782265852918
alert,7,0.6384979846220987,0.12165765569739158,0.4462134263394988,0.8302871337257977
gauge,8,0.6371009097363085,0.05168460487173094,0.5459516278692493,0.7088860489093918
temporarily,2,0.6361313569032886,0.011170354451430109,0.6249610024518585,0.6473017113547187
collectively,3,0.6360572034244311,0.1996492100657547,0.4518390825353562,0.9134699971608086
avoided,1,0.6360256868661318,0.0,0.6360256868661318,0.6360256868661318
detection,31,0.6350186692520402,0.17779496805056372,0.1782498895926894,0.939059907615726
With,12,0.633730286753243,0.11233135695304114,0.4052640675053001,0.8199149403797914
focus,215,0.6336429653961606,0.168983957083985,0.1742481121185377,0.9179681612405532
detrimental,2,0.6334603605123488,0.0208320815025132,0.6126282790098355,0.6542924420148619
taken,247,0.6332743546788682,0.18371446924779872,0.13505104581126232,0.9556104045856676
Perhaps,9,0.6330345983812724,0.11523782607306601,0.44095700865533105,0.8467483033864831
seeking,2,0.6325782159278384,0.1086003477585567,0.5239778681692816,0.741178563686395
current,413,0.6323985402918454,0.23913454921320276,0.08372260445851319,0.9685679109632245
exhibit,3,0.6323959027714691,0.054491320996725094,0.558286748845557,0.6877488696701899
spots,2,0.6309994111372886,0.057303890299890914,0.5736955208373977,0.6883033014371795
balances,2,0.6307215852161124,0.1889154352319725,0.44180614998414,0.819637020448085
prime,2,0.6303442791821252,0.011927298202101422,0.6184169809800237,0.6422715773842266
vicinity,6,0.6299287555756726,0.15571705286374804,0.3476272050923923,0.8640357603883164
gather,618,0.6297505493642378,0.14791509021473945,0.1631187784451919,0.9637964908376058
linger,1,0.6290496444793262,0.0,0.6290496444793262,0.6290496444793262
deflect,28,0.628950566593916,0.1670839341044667,0.060624257237639485,0.8460200041579644
try,103,0.6276689880053311,0.16799513332966495,0.12751786332385814,0.919152019974363
coordinating,9,0.6272745981447074,0.22584771108354584,0.22514765355233843,0.8702900164240233
encounter,15,0.626723760053912,0.12966758475231951,0.3809657797206336,0.8207543744893022
sensible,2,0.6267051402473349,0.00371466940281312,0.6229904708445217,0.630419809650148
deceive,2,0.6266971149308016,0.15094355017451594,0.4757535647562856,0.7776406651053175
moves,31,0.6266401142588387,0.1852689382199462,0.23230741553739007,0.8945055198923261
helpful,6,0.6266369825945542,0.05678969036425498,0.5511445721603812,0.7195649934170348
avoids,1,0.6265253679577415,0.0,0.6265253679577415,0.6265253679577415
operate,1,0.6263797459607926,0.0,0.6263797459607926,0.6263797459607926
strategically,6,0.6255699891754142,0.14922668041449233,0.37452102095501605,0.8412250364153016
difficult,13,0.6253392203816267,0.30382938524907804,0.1750704380627853,0.9568135315046935
weighed,1,0.625126657573506,0.0,0.625126657573506,0.625126657573506
urge,1,0.6242543469710328,0.0,0.6242543469710328,0.6242543469710328
regarding,20,0.6237236652494704,0.2070296448067043,0.21572934012625755,0.8653576630205714
iating,2,0.6229104873719533,0.04430757407671588,0.5786029132952374,0.6672180614486691
immediate,168,0.6227840527840365,0.21514752350268335,0.15665667702032976,0.9557265056210924
desirable,1,0.6224900071979292,0.0,0.6224900071979292,0.6224900071979292
resources,1,0.6221796897502027,0.0,0.6221796897502027,0.6221796897502027
Asking,1,0.6221363564663757,0.0,0.6221363564663757,0.6221363564663757
discovered,20,0.6220938546463255,0.1559922717508706,0.27080647912936545,0.8291471827769166
uring,5,0.6219471773722106,0.07904860231721375,0.5242183561591006,0.7118761655967508
maximize,28,0.6215383725796186,0.09624990155561923,0.3535442805371899,0.8331977339852211
process,8,0.6213004712217274,0.11125991147933789,0.4196353993768463,0.6854824474276449
less,108,0.6208130189316966,0.15067911399836345,0.15071534907881096,0.854505863787805
idle,1,0.6202603976426052,0.0,0.6202603976426052,0.6202603976426052
usage,2,0.6198232836252465,0.02933195006491962,0.5904913335603269,0.6491552336901661
varying,1,0.6197018030950471,0.0,0.6197018030950471,0.6197018030950471
pairs,2,0.6196171331807864,0.12232747701138721,0.4972896561693992,0.7419446101921736
future,80,0.6189722269660303,0.1082355901056373,0.3471226520492173,0.813791906678451
until,1,0.618940163458947,0.0,0.618940163458947,0.618940163458947
proximity,32,0.6187204089344034,0.10827908285832673,0.29628011335978927,0.790966389217814
learning,1,0.6182969872290658,0.0,0.6182969872290658,0.6182969872290658
remain,15,0.6182435772988495,0.09216500949749269,0.4273158977895276,0.7657903113411456
notices,1,0.6180663565483054,0.0,0.6180663565483054,0.6180663565483054
ideal,48,0.6175508039317172,0.15013582792790697,0.31774845046785005,0.9245678981097809
else,47,0.617513734826204,0.10913971563568806,0.41179720564020983,0.7880458633489746
allies,5,0.6174851260082181,0.11414126262345946,0.4436211671430263,0.782154531338441
ambush,10,0.616909159674513,0.09571612062637837,0.4663875243075146,0.7526904854150765
navigating,5,0.6169032161324368,0.08536971693382095,0.49974906193301605,0.7152373362785748
importance,1,0.6163734055211695,0.0,0.6163734055211695,0.6163734055211695
interrupt,2,0.6148129032781997,7.964841067509276e-05,0.6147332548675246,0.6148925516888748
overlapping,1,0.6146067415591334,0.0,0.6146067415591334,0.6146067415591334
secluded,11,0.614408268694982,0.11187556089497518,0.43578151738834653,0.7444541092739893
primarily,1,0.6143093924435086,0.0,0.6143093924435086,0.6143093924435086
advantage,52,0.6130961991444384,0.1474842785349984,0.302277075715577,0.8723093069645829
visibility,1,0.6130482048632344,0.0,0.6130482048632344,0.6130482048632344
interests,1,0.6127132994465462,0.0,0.6127132994465462,0.6127132994465462
ions,2,0.6120659519229538,0.16670348694703432,0.4453624649759194,0.7787694388699881
Maybe,2,0.6119494188060001,0.08300575357110052,0.5289436652348996,0.6949551723771006
specific,13,0.6116695359448961,0.2013683567791778,0.1645868943146252,0.9009050253177623
assistance,1,0.6113636157258184,0.0,0.6113636157258184,0.6113636157258184
anyone,264,0.611132212676559,0.1294989983835465,0.27486615836855305,0.9170805530347665
adjustments,1,0.6110082940374572,0.0,0.6110082940374572,0.6110082940374572
versus,7,0.6105419506222729,0.04527932082080983,0.5523406129135437,0.6775900644209442
hotspot,2,0.609146286673357,0.14172754439542595,0.4674187422779311,0.750873831068783
interruptions,1,0.608792605614484,0.0,0.608792605614484,0.608792605614484
increased,2,0.6086880643378434,0.013379152098580094,0.5953089122392633,0.6220672164364235
initiate,3,0.6084683656495355,0.17848522221231802,0.36442601571672045,0.7863282404729678
observing,91,0.6083921181828517,0.12519262448194762,0.2827131825102831,0.9029110666435101
minimize,43,0.608268289539032,0.11358196540217592,0.41231621963735127,0.8572614506977173
own,30,0.6074386712403391,0.11747403625440477,0.21380398775723033,0.8316508524226931
bit,17,0.6074014514018706,0.18645478142748237,0.26589915334602504,0.8914239681386915
solid,1,0.6070916190875274,0.0,0.6070916190875274,0.6070916190875274
initial,400,0.6067786667087309,0.17513720060670374,0.10751841781227509,0.9390535664456212
nature,1,0.6065478875326871,0.0,0.6065478875326871,0.6065478875326871
better,75,0.60638215765318,0.1505378317643045,0.14893167427858015,0.879555899269339
onto,1,0.6060259083838319,0.0,0.6060259083838319,0.6060259083838319
wasted,1,0.6055326737217689,0.0,0.6055326737217689,0.6055326737217689
distance,22,0.605434637407766,0.13185128037885013,0.2743584156216022,0.7815281850290786
beginning,48,0.6048146622437837,0.2362202345031021,0.17830382590146962,0.9207329367008517
activities,169,0.603979790386248,0.17225740333487555,0.2149614518744764,0.9636555937071204
personal,4,0.603756442123408,0.13895367286113794,0.5085354762336586,0.8438923723591538
serious,5,0.6027282434565029,0.22944146538139165,0.16681729524147598,0.782471457961208
spaceship,57,0.6018438628656352,0.03574447729256688,0.5532146253164483,0.6809507626347786
passive,1,0.6011904664694129,0.0,0.6011904664694129,0.6011904664694129
blame,2,0.6008874876239886,0.021350378975350526,0.579537108648638,0.6222378665993391
aid,3,0.6005012034339957,0.16233721815583046,0.4585168569195561,0.8277316325906948
mind,13,0.6004117047388113,0.09869740869193852,0.37289980321398447,0.7450549917027065
resource,1,0.6002176495068053,0.0,0.6002176495068053,0.6002176495068053
cannot,4,0.6001403226619898,0.1749623566435871,0.415869763028159,0.8300762675904566
watched,2,0.600059528722771,0.1373944944327094,0.46266503429006167,0.7374540231554805
backtrack,2,0.5988402206840611,0.01764477113235191,0.5811954495517091,0.6164849918164129
frame,2,0.5976449264632633,0.013098301922493227,0.58454662454077,0.6107432283857565
steps,35,0.5976015101952029,0.17923851400701368,0.27378159387929224,0.8730964732724693
together,78,0.5971825597834687,0.23955981362329254,0.10809498207838167,0.9836032456110452
valuable,88,0.5966506176212433,0.1462176084958446,0.2949249620918853,0.8655277890403097
timing,3,0.5951681539668559,0.020139659733469716,0.570910975826555,0.6202234913818994
adds,2,0.5951078642072205,0.1551378556677468,0.43997000853947366,0.7502457198749672
tool,1,0.5950450259387619,0.0,0.5950450259387619,0.5950450259387619
movements,411,0.5949340365503873,0.15057973911818043,0.12225273454087235,0.9336050162114145
view,2,0.5948632157944467,0.08717852735216763,0.5076846884422791,0.6820417431466144
noteworthy,1,0.5946037317445841,0.0,0.5946037317445841,0.5946037317445841
trustworthy,1,0.5944379251007025,0.0,0.5944379251007025,0.5944379251007025
yield,1,0.5944252847385145,0.0,0.5944252847385145,0.5944252847385145
interact,15,0.5938095502257498,0.2251843992651544,0.09791299432432524,0.8883801993415722
advances,1,0.5936777646754273,0.0,0.5936777646754273,0.5936777646754273
reasonable,31,0.5935208900698592,0.21641529888133829,0.14966787611506419,0.8694808287436752
viable,30,0.5933179076656927,0.1517802905439864,0.24178379509954623,0.860420095726676
minimizing,8,0.5930126578949723,0.14230126740515583,0.35268226834211114,0.8668752276875394
monitoring,6,0.5927659064297793,0.11496628959493228,0.4707100013606604,0.7954977726343976
not,615,0.5927513939517955,0.22104052225427318,0.023612435320807826,0.9680660869338878
what,65,0.5926866672952519,0.16012940097831668,0.078754970830364,0.9268400370846087
accusation,63,0.5925442414269199,0.21502099551703538,0.09956175729707342,0.8895954308176792
beneficial,273,0.5909012956860132,0.13079032146464156,0.2485337094270319,0.9223946203298059
verification,1,0.590900832830239,0.0,0.590900832830239,0.590900832830239
simply,1,0.5905090311890238,0.0,0.5905090311890238,0.5905090311890238
appear,29,0.5902009326087149,0.16658211628287664,0.1853133971527757,0.8026313645594733
caught,43,0.5900802214974294,0.11451456034284388,0.3366810741916102,0.8023243805269942
transparent,3,0.5897413169964278,0.07593302173584307,0.5222890311697745,0.6958302786599498
une,8,0.5897044188445717,0.053040331866663466,0.5089017855656714,0.679212388334809
considers,1,0.5895315992247875,0.0,0.5895315992247875,0.5895315992247875
suspect,46,0.5894809198865057,0.13426939847959332,0.35172995844303995,0.9216076467248889
noticeable,2,0.5894592274050605,0.1305730367707925,0.458886190634268,0.720032264175853
look,12,0.5893074378899269,0.10029667103670457,0.43871041454010756,0.7767389149829509
continue,19,0.5891482305260504,0.13307574817205453,0.3073696134007731,0.8899413008435076
jump,3,0.5891329636862529,0.0933355647994023,0.4620590743212897,0.6835966195724974
lower,2,0.5887617777913828,0.16043828979883543,0.42832348799254744,0.7492000675902183
necessary,58,0.5871989797901824,0.19977365908213351,0.09816362190542122,0.8310008378786382
few,5,0.5870919270951365,0.14072455488377897,0.4467480557270124,0.8143258311121955
explanation,12,0.5863672799072221,0.18000897749117287,0.20180193957276987,0.9077030719871375
es,1,0.5862700422304042,0.0,0.5862700422304042,0.5862700422304042
achieve,17,0.5861763197558969,0.09924105642892679,0.41305785723410726,0.7125831504492164
establish,5,0.5860358280503652,0.1309362536300387,0.4716778706897988,0.8136716150211865
Since,1405,0.5852363844433912,0.15819412436764402,0.10439631921268269,0.902214114890003
',579,0.5852317668571493,0.12289700088257559,0.13833915042316652,0.9225599473688735
blending,31,0.5851736109021172,0.07317695089121115,0.3842320141100462,0.7124164094621875
discussion,75,0.5850267545648741,0.16246819594246992,0.22851617097632454,0.8557680752117015
surveillance,5,0.5845760177844042,0.08146135193055314,0.4840498971415815,0.7071009164877207
lose,1,0.5845367711108216,0.0,0.5845367711108216,0.5845367711108216
listen,1,0.5845290393567273,0.0,0.5845290393567273,0.5845290393567273
completely,2,0.5843744534090927,0.007854168562331065,0.5765202848467617,0.5922286219714238
seemingly,276,0.5842492255778333,0.16082976610076852,0.08901431319447674,0.8864412442037933
confront,1,0.5839628139144811,0.0,0.5839628139144811,0.5839628139144811
Cleaning,1,0.583297996130086,0.0,0.583297996130086,0.583297996130086
trail,2,0.5830042539612166,0.05951914275510767,0.5234851112061089,0.6425233967163242
show,11,0.5826515347629898,0.1660643248994733,0.2998864044811929,0.8141471724992555
witnessed,16,0.582176674755488,0.21986646569954774,0.30217955461932333,0.8945165442017073
stay,20,0.5819464211868499,0.10628245017466008,0.3894895484132417,0.7586002429184037
possibly,33,0.5819399673800936,0.1440600516423211,0.16325442724377015,0.8544600694925836
story,6,0.5816294098308603,0.19507510835375916,0.22936065408223888,0.8518458126873706
react,15,0.5815722778162109,0.09838027591968353,0.3335403519776409,0.745701989277862
intentions,164,0.5809393964430059,0.11527681678957995,0.25405272520766464,0.9453912755089398
freely,4,0.5806063018790916,0.029809282643493244,0.5346181463472189,0.6167739688423776
non,1,0.5801452210895005,0.0,0.5801452210895005,0.5801452210895005
more,757,0.5800054719535089,0.18476590621310962,0.06281915609289426,0.9353260502936146
sequences,5,0.5794053142185291,0.18877571725787656,0.32916385119312924,0.8214288329938839
reason,55,0.5786734377412617,0.22220610758515424,0.21767363968294573,0.9215101967194584
area,141,0.5786194037539958,0.16417486936155332,0.10435471837209251,0.8783750870832794
lucky,1,0.5784168448342464,0.0,0.5784168448342464,0.5784168448342464
distract,3,0.5779751865969713,0.10069668434341046,0.49857959603369456,0.7200545647241883
stealth,20,0.5775140203146649,0.11826548900094835,0.3425491716655285,0.8180678413639172
raises,13,0.5773927463022294,0.20177568281840227,0.19524534084869807,0.9226158221975805
These,1,0.5769226882145847,0.0,0.5769226882145847,0.5769226882145847
around,60,0.5762901263785613,0.15365989960630136,0.17856503825399625,0.8688443070536972
see,123,0.5762452944441034,0.1658544575333937,0.19802050319106274,0.9296794310320841
behaving,3,0.5757432535636166,0.13627157633653336,0.3852570615151181,0.6963077191205825
address,11,0.5757238253892204,0.1684095617559723,0.15070568842856602,0.7952374339403852
tactic,3,0.5755603408340395,0.03285380994251496,0.5291045284729285,0.5994608278723975
insight,129,0.5754763364344573,0.14700431302544803,0.23586293174934872,0.8510721185800547
navigation,2,0.5754624145185065,0.0695601393629876,0.5059022751555189,0.6450225538814941
gaining,13,0.5754033453862001,0.1210529450005055,0.3846935877519287,0.7780412302805362
guilt,3,0.5745522602548502,0.14509262588708316,0.42790756732730745,0.7721698425780608
straightforward,20,0.5738136227436119,0.18947385543289294,0.15930447135227804,0.8701832349695068
require,238,0.5736617865646566,0.16035145507272758,0.16530953518405098,0.8581991911509629
especially,139,0.5734848008351573,0.14901756972680846,0.2688523155556118,0.8979731810350849
may,61,0.5733367340416414,0.15891010178796441,0.25193176231767545,0.8400599603265599
indicate,31,0.5731799084776759,0.14537079745516357,0.3343709876372693,0.8171704710618226
mistaken,1,0.5727411548178017,0.0,0.5727411548178017,0.5727411548178017
Can,32,0.5725693611438148,0.0884005032495515,0.41320862721324086,0.7423271824704367
maintain,43,0.5724327320019118,0.09009786504749621,0.3819695267842891,0.7445994248872115
reported,134,0.5718419017605463,0.2648622554873713,0.167145118103717,0.9546134064433159
deaths,18,0.5717246003261658,0.10066077874916843,0.36789891996887203,0.7205079067530582
involving,3,0.5716596637552802,0.12860374851758832,0.3903834203698184,0.6750484280672577
harm,18,0.5715420277360258,0.12723247514650135,0.38943039909206767,0.7920623227042913
spot,4,0.5714939345771075,0.07749195109552624,0.48504757425804423,0.669559851257298
scattered,15,0.5710512834945708,0.06081175746086861,0.4920861556519422,0.6674424625526403
coordinate,40,0.5708657245114888,0.21789364357859267,0.21304279307346627,0.9252070454634036
credibility,7,0.5708168620596329,0.21384336893934244,0.24870124630135113,0.8446623835235749
Although,1,0.5706960312164598,0.0,0.5706960312164598,0.5706960312164598
genuine,4,0.5705063102853855,0.08089817933444615,0.4547784440222959,0.656978911875202
crowded,82,0.5688396277699493,0.13128762359655297,0.2477651071048223,0.8899403559643754
alliances,2,0.5683893280667373,0.11524514528948507,0.45314418277725216,0.6836344733562223
alleged,4,0.5679961765486459,0.1796153491651734,0.29333994307706057,0.7286436622635584
blend,229,0.5676766510407251,0.11608607547377692,0.2124049737711955,0.8462306581402012
goals,6,0.56695552491591,0.2511157427272077,0.2559423323709964,0.8638654620301115
enhance,2,0.5669419809392515,0.12834863944696698,0.4385933414922845,0.6952906203862185
distribution,8,0.5665339096317922,0.1478393968768014,0.24610311228928614,0.6946123649611602
appealing,1,0.5657733715026029,0.0,0.5657733715026029,0.5657733715026029
targeted,12,0.5654608628642167,0.11658807174423882,0.4070788258413931,0.7444896228723764
finds,1,0.5653520885997542,0.0,0.5653520885997542,0.5653520885997542
planned,20,0.5653187383495036,0.17716440049736148,0.2750901447819671,0.8643649651588017
functionality,3,0.5652902617072882,0.08408735294620806,0.48530290600558607,0.6814911674577111
monitor,32,0.5649849329022526,0.22053038704174882,0.23377703001211375,0.8940086885753454
side,4,0.5642329797293196,0.18326440800859561,0.39849459732231285,0.860390021277426
ors,587,0.5641808125055866,0.14334524448015484,0.07020631946577081,0.9201160421089207
great,1,0.5639735276056543,0.0,0.5639735276056543,0.5639735276056543
flags,2,0.5639386200444776,0.15975424918548098,0.4041843708589966,0.7236928692299586
guard,30,0.5637723493608519,0.10632967978624733,0.27331798792507184,0.7593106616945392
your,25,0.5637185766855325,0.1174793082497658,0.3015774513281926,0.7939816574185499
Regarding,2,0.5632493595690347,0.003648824594079614,0.5596005349749551,0.5668981841631143
open,7,0.563221609905862,0.16445058510562446,0.24507426721376,0.7599705977566831
over,5,0.5632171484470856,0.23035964971540093,0.21340233612327308,0.8375468920412411
targets,19,0.5628993790397429,0.13017953225569195,0.35357045837814327,0.7747481890539167
antage,1,0.5624931979030985,0.0,0.5624931979030985,0.5624931979030985
share,107,0.5621377954116996,0.17382694125118436,0.1442306817515173,0.8725994206716947
somewhat,9,0.56153455464644,0.09464207348100843,0.42485279600788445,0.7434951653796178
new,32,0.5612801092696275,0.12970631327094198,0.3869335168855491,0.8541970292747434
And,7,0.5612425466654839,0.09977851986806938,0.4280443055631792,0.7495733375353274
fashion,1,0.5608566097287233,0.0,0.5608566097287233,0.5608566097287233
accountable,1,0.5604365245289066,0.0,0.5604365245289066,0.5604365245289066
similar,5,0.5602380491222585,0.1428243096393559,0.33288946067585723,0.7295792119554032
plans,75,0.5602243060948928,0.18473868473171498,0.1744667638484598,0.915099903485376
thin,1,0.560164490727518,0.0,0.560164490727518,0.560164490727518
shift,3,0.5596210401020066,0.031350204981333736,0.515313282426992,0.5831423932232218
higher,2,0.5594910857682169,0.21421085203309265,0.3452802337351243,0.7737019378013096
order,9,0.5593903871098717,0.2795478737371916,0.06604585397451676,0.8848274638206016
50,3,0.5593169565793631,0.027031512399060497,0.5361527702764638,0.5972357038190653
event,5,0.5591285581373694,0.15290756298537944,0.3518608768547053,0.7401684615677495
against,50,0.5584036797738061,0.16883611421598144,0.18953964715492205,0.7882909666667451
least,78,0.5582562536404881,0.1674619338671211,0.12991466360427564,0.8006114126484696
undertake,1,0.5572531348116094,0.0,0.5572531348116094,0.5572531348116094
route,32,0.5568472468280619,0.16017253844116497,0.24273796156181832,0.8212068412986193
worrying,1,0.5566201096976549,0.0,0.5566201096976549,0.5566201096976549
solitary,8,0.5562489635328527,0.06891058944395448,0.4538829866721537,0.6289167811927471
inate,2,0.5556531526926944,0.02850933936712302,0.5271438133255714,0.5841624920598174
status,3,0.5552327564175817,0.2003197193475214,0.30415226848968047,0.7943992578030451
seen,156,0.5550971096208054,0.20072742822598488,0.08223266641101232,0.956173643400072
chances,33,0.554878488813488,0.16425643244594604,0.2720713756794732,0.8809547489304314
certain,2,0.5544413149989351,0.15776947498600816,0.39667184001292694,0.7122107899849432
cooperative,14,0.5543926744089115,0.06491295344632261,0.4398852935744659,0.6866511914527884
relevant,17,0.5542049639238578,0.17602809756337404,0.39441368336779814,0.8854272956651817
paths,200,0.5534825348049924,0.09784889829480124,0.2660293086660324,0.8810510638959105
alone,257,0.5534220668880282,0.1324458200313403,0.1566344461284351,0.8625668017092587
advantages,1,0.5522564834675568,0.0,0.5522564834675568,0.5522564834675568
decide,162,0.5509000951362591,0.1242820907014181,0.11728631157500537,0.8213032210074669
either,135,0.5507865702790788,0.13937031960639418,0.07826648541172802,0.8270519770828664
unintended,1,0.5506893948723485,0.0,0.5506893948723485,0.5506893948723485
saw,19,0.550616459860124,0.22586580975068726,0.13664604855211793,0.8831703347197034
limit,4,0.550574368530642,0.11858973217070312,0.4530345129546922,0.7447010442778917
on,1243,0.5505449824946826,0.21871248396169815,0.05304561288156456,0.9925092195818035
deciding,24,0.5497558959142178,0.12399703841885845,0.20494647150363596,0.790135849898481
occurs,8,0.5497296898505094,0.18576729135412265,0.2920554212238125,0.7826241677652798
objectives,28,0.5488789068803824,0.19638101921157453,0.1844381178815686,0.8116812927814854
impacting,1,0.5483640576166738,0.0,0.5483640576166738,0.5483640576166738
raise,73,0.5479914801383389,0.13331947984388848,0.22772120174569507,0.8052970941319361
ground,5,0.5475287655810578,0.09940989726314974,0.41424430609339086,0.6551262601479451
balanced,1,0.5470273990159434,0.0,0.5470273990159434,0.5470273990159434
emergencies,4,0.5458449034093362,0.12482818777584781,0.3422281132552183,0.6706422521915503
advance,1,0.5456654592988335,0.0,0.5456654592988335,0.5456654592988335
contradict,1,0.5456326473356404,0.0,0.5456326473356404,0.5456326473356404
something,27,0.5454233540766668,0.1407432939414932,0.30936424686400776,0.8432516505943031
communicate,3,0.5449287430952555,0.18924266634426748,0.308926042378632,0.772228877017139
slight,1,0.5439751913526014,0.0,0.5439751913526014,0.5439751913526014
express,6,0.5423067097486517,0.12298231293250876,0.33018332141659334,0.7010742619522361
predictable,2,0.5420517644074152,0.029573410851019555,0.5124783535563957,0.5716251752584348
gathers,1,0.5418281148881204,0.0,0.5418281148881204,0.5418281148881204
claim,9,0.5417873017884962,0.1966786126247925,0.12063565224032055,0.7727140040456956
longer,33,0.5416907566097714,0.1354705578223082,0.2844144086864545,0.7926809186120182
collaborate,3,0.5416115556717246,0.0783320202406779,0.4499007427959059,0.6412787005476493
cooperation,4,0.5414817225380311,0.1705727094236121,0.26846714874774835,0.7382225412775714
escape,32,0.5412600081215768,0.11162263434923393,0.3679427246031304,0.7261716842964894
accomplishment,2,0.5407500690984133,0.06614111949452078,0.47460894960389255,0.6068911885929341
relatively,95,0.5403680519527242,0.12819126463135314,0.1308322835735793,0.776968017051926
sign,4,0.5398204793327761,0.18037979040718866,0.3414216093099029,0.8330726074427344
But,19,0.5394473698984208,0.14027635034856964,0.2201312654435582,0.7569309004812351
closest,82,0.5391783558647026,0.10695512576874246,0.2072787881272996,0.7805542868367775
desired,1,0.5388332833949367,0.0,0.5388332833949367,0.5388332833949367
accidentally,2,0.5386085791461102,0.07550316945486252,0.4631054096912476,0.6141117486009726
account,5,0.5384850369420284,0.2173878350161097,0.19148562360179913,0.8429321270887149
allegedly,5,0.5382463241944676,0.11894931553943724,0.3191811068521714,0.6513174663425457
Considering,183,0.538222512866853,0.13269640563358676,0.1854038728779524,0.8151939674250084
sequence,3,0.5382169982435036,0.11367615195372896,0.3918259967997134,0.6689508106083735
critical,12,0.5377336470852593,0.09131792856604723,0.39947560720517794,0.720255671902152
help,320,0.537584419446847,0.19287497275458687,0.13901152233093605,0.9750109089124751
farther,3,0.537550534791665,0.1629024533245567,0.3324354845296398,0.730946796515302
requested,2,0.5371821439552732,0.07639660321055816,0.46078554074471506,0.6135787471658314
lowering,1,0.5367386290900182,0.0,0.5367386290900182,0.5367386290900182
opportunity,518,0.5364932945068359,0.16589511088411132,0.16338873074179797,0.9511551807048709
efficiently,184,0.5364558910589203,0.14786283571588466,0.05842629721284027,0.8050638492560932
areas,100,0.5360409533226668,0.17506898638460283,0.13204362501832362,0.8651020947659636
prudent,22,0.5354508417847736,0.18949750144400554,0.10823273741965979,0.89128661361895
spent,9,0.53508065896454,0.14153985858334295,0.253400079525933,0.7752908244091066
suspected,38,0.5350293898487021,0.12491101698404787,0.31367227286185606,0.7772356581920155
lie,1,0.5349005490890681,0.0,0.5349005490890681,0.5349005490890681
maintaining,3,0.5348068582070763,0.1816369198585119,0.31256271496753335,0.7574798669825811
offers,3,0.5345912891362959,0.11515706220060522,0.43091010542306873,0.6951948460585932
gained,1,0.5345068530628527,0.0,0.5345068530628527,0.5345068530628527
equally,3,0.5342051806003664,0.1525730847126682,0.36869324535141135,0.7368451285379692
"?""",61,0.5335580119684256,0.10518420072255759,0.27886359473958244,0.7373355737355656
am,1540,0.5335462651144488,0.22039598292090035,0.030890936621607874,0.9320026755541484
itate,2,0.5334370303513721,0.03393298326349711,0.49950404708787505,0.5673700136148693
know,19,0.5332373040008429,0.3544296470092988,0.03738598201301207,0.9617347460608776
could,1365,0.5331534631361472,0.16388612251008036,0.07531606979152057,0.9296145095710064
by,338,0.5328834225492023,0.19288874828578415,0.0641074761302566,0.9424145030558805
relocation,1,0.5318437444523024,0.0,0.5318437444523024,0.5318437444523024
actions,1473,0.5318328914314224,0.12093252900166296,0.12560493709670742,0.9519973847720207
completion,126,0.5316499170910614,0.20943216385068084,0.09536285921125111,0.8972117364461625
presumably,8,0.5313705643823952,0.09809451237521732,0.29446785957168503,0.628062516119957
personally,1,0.5310848104719303,0.0,0.5310848104719303,0.5310848104719303
moment,53,0.5310409693467781,0.1755454705427324,0.12015359448098649,0.880613399733517
become,2,0.5307207370829844,0.13166156437177046,0.39905917271121394,0.6623823014547549
true,10,0.5300421691408767,0.11555023663122241,0.23773286946549554,0.6864672213125649
reach,10,0.5296552762364997,0.15746891538039473,0.14896716340900407,0.7087092521215445
map,24,0.5295413253861042,0.046561120931805894,0.4146213366725709,0.6081668170092057
checked,1,0.5284236598678357,0.0,0.5284236598678357,0.5284236598678357
pect,96,0.5282863857378067,0.1619909120264346,0.10033771789703574,0.8216109110427183
lone,21,0.5278557522615418,0.10257533495832183,0.33084676001251284,0.6623520599799202
start,661,0.5277490866839233,0.17551878509399693,0.10396431368890606,0.857401371621983
conversation,7,0.5273237407157871,0.14081811218863058,0.3261632291688191,0.7079662275617886
attack,2,0.5271672857715756,0.0023072039179312664,0.5248600818536443,0.5294744896895068
witness,26,0.5270308300866278,0.16075863611495664,0.12394569290095732,0.8356030474205667
into,189,0.5268040333789382,0.1747786372344314,0.11986125641705186,0.8941043985745956
advisable,1,0.526253158902321,0.0,0.526253158902321,0.526253158902321
position,80,0.5261222156049092,0.21125847163564643,0.14914990022641667,0.8893962321039711
contributing,15,0.526002311067505,0.16048718689471772,0.1819645881265501,0.727944251050429
beyond,1,0.5259536018241321,0.0,0.5259536018241321,0.5259536018241321
remained,1,0.5254552278484181,0.0,0.5254552278484181,0.5254552278484181
relocate,2,0.5251196495197821,0.1979108643919221,0.32720878512785995,0.7230305139117041
vital,1,0.5235437189775421,0.0,0.5235437189775421,0.5235437189775421
ship,146,0.523028735713326,0.11319846238023146,0.18861023980921385,0.817559931239746
draw,20,0.5218719123835927,0.11896060190302794,0.14949799329752989,0.7241269027508715
aked,2,0.5214303740069595,0.015395945538100364,0.5060344284688592,0.5368263195450599
linear,3,0.5213223476257512,0.05063007968393704,0.4823081873142471,0.5928248980129948
lack,5,0.5210910113520537,0.17853511107595238,0.25554276038928375,0.6759434271762397
given,36,0.5207933756755734,0.1594361859126411,0.25725352009910485,0.9318025022957098
think,57,0.5202731210370519,0.12614271471623412,0.14791745484327964,0.7799885025516995
compromising,2,0.519848086149887,0.08230878767678318,0.4375392984731038,0.6021568738266702
without,835,0.519533638470293,0.1380725570450979,0.15077412831784925,0.9531146366707636
strategy,139,0.5192068361331443,0.1916726139314361,0.09945844878754939,0.8583012337702925
ensure,22,0.5189635114363996,0.18131342650881227,0.2010218475671258,0.8199809039148485
ating,26,0.518824454823795,0.12436882065002121,0.17783041071461952,0.7076132376479356
cause,28,0.5187848630881561,0.15313942661497448,0.23671192868276514,0.806466205319932
towards,596,0.5180122583665064,0.11961146241527768,0.15973327547054259,0.8142705500772438
efficient,452,0.5178162994684233,0.1321157474658286,0.19015218907603135,0.8804187432765778
anonymity,1,0.517397018608261,0.0,0.517397018608261,0.517397018608261
mentions,1,0.5173082979110029,0.0,0.5173082979110029,0.5173082979110029
suggest,3,0.516871213927656,0.15359305253969804,0.30031079664194305,0.6397263301678902
attended,1,0.5163947155059012,0.0,0.5163947155059012,0.5163947155059012
objective,102,0.5162687344008307,0.1495935803984088,0.22426530772087205,0.846798967049779
should,1450,0.5159824841745084,0.27951804694357474,0.035303258291956664,0.9495883979219084
quired,1,0.5159652221762713,0.0,0.5159652221762713,0.5159652221762713
possible,78,0.5155624633454073,0.15497375380210082,0.21022328478182722,0.9443029904463868
harder,12,0.5154729255025897,0.15474748847043235,0.20105895671459298,0.7211075784189085
assume,5,0.5142978908914019,0.21442571787896558,0.2648532468374171,0.819507273837114
bold,1,0.5142745257809095,0.0,0.5142745257809095,0.5142745257809095
icking,2,0.5140418672832484,0.025306381731729083,0.4887354855515193,0.5393482490149775
accuse,7,0.5138376309906649,0.17258878453651955,0.2073974237748063,0.8316528235217217
seem,181,0.5137281576604441,0.14429453664895378,0.1575245780036025,0.8798929678969438
might,965,0.5136052951789016,0.15981609719564688,0.05263900532253559,0.8795045756784305
target,90,0.5134532709169249,0.13884933650917933,0.10802880402168087,0.8025414273536939
appropriate,2,0.5134017477065279,0.05935482170651277,0.4540469260000151,0.5727565694130407
increase,33,0.5133446980339998,0.11677369653870642,0.2779485371487797,0.7465523883847193
attract,1,0.5129127439912163,0.0,0.5129127439912163,0.5129127439912163
approach,84,0.5127409771695309,0.15358115720671506,0.09144040529347224,0.9224337661228074
answering,1,0.5125073047052594,0.0,0.5125073047052594,0.5125073047052594
ones,7,0.5124166513151244,0.1240291867865489,0.26837792601238786,0.6797932697926806
efforts,44,0.5123327695131822,0.16763883792031076,0.2329602525395055,0.877140368458841
focusing,50,0.5119453827518279,0.09913314230586483,0.3022583644975664,0.7202073138359052
disclose,2,0.511790920749784,0.16731731279842096,0.3444736079513631,0.679108233548205
occupied,3,0.5115387428411281,0.11893606782622491,0.3435107211336044,0.6021573192172031
since,415,0.5114237480458715,0.1595540250593599,0.12589728424467195,0.9123858138812938
different,529,0.5111677858160456,0.17114238588329858,0.06554925435081982,0.8614361098615273
increases,8,0.5110903346080679,0.14576503058329374,0.3128847897246225,0.7479563635768566
proceed,55,0.5109827096655607,0.20442420289673827,0.20119793652150106,0.9599084454171624
ideally,2,0.5106729247357615,0.17832913991132088,0.3323437848244406,0.6890020646470824
space,2,0.5103459228249245,0.09281897016802892,0.41752695265689566,0.6031648929929535
useful,46,0.5102786660791055,0.13831918294086995,0.23779842917863364,0.8211396679658957
bodies,16,0.5102581224135179,0.1535086730931687,0.20951985444864185,0.7162149372312155
among,56,0.5102504486390732,0.1931276611523698,0.13294306163916572,0.9097385882345326
aggressive,5,0.5095782567734806,0.13404233863672071,0.3526852169368012,0.6955785532892433
decrease,1,0.5094978416814361,0.0,0.5094978416814361,0.5094978416814361
escapes,4,0.5094146639097334,0.05772425089523601,0.4377405771730479,0.5962958633528396
whose,1,0.5093485308023602,0.0,0.5093485308023602,0.5093485308023602
maybe,2,0.5092609428553712,0.037843927646805636,0.47141701520856555,0.5471048705021768
significantly,3,0.5091976018887148,0.14231706608765293,0.31256433799669553,0.6446994539910541
conflicts,1,0.5089538837918313,0.0,0.5089538837918313,0.5089538837918313
ongoing,6,0.5086726203204167,0.10280003027218343,0.3525904385780067,0.6661707147085141
collaboration,6,0.50822053943447,0.1389797472719037,0.33030127969984613,0.7208143535493433
strategic,144,0.5082190572204617,0.11728878508484025,0.23117350711352652,0.8151687297740464
putting,5,0.5080079267722563,0.06546750148688614,0.39469129346959997,0.5752097503536902
efficiency,29,0.5078787628360295,0.11247936499772129,0.28532883601671694,0.706783707590655
considering,181,0.5075238416332715,0.14608382344412515,0.18148128097293145,0.8909659986462326
accessing,2,0.5064367430128658,0.07704347035522258,0.42939327265764315,0.5834802133680883
Everyone,1,0.5062522833499634,0.0,0.5062522833499634,0.5062522833499634
imply,3,0.5061439412855301,0.19155021110276166,0.2466974352329031,0.7033420632119162
central,38,0.5061165575020027,0.09349910257167567,0.19701331962426907,0.670758078780548
develops,1,0.5054833306789522,0.0,0.5054833306789522,0.5054833306789522
reflects,1,0.5053767841416001,0.0,0.5053767841416001,0.5053767841416001
cafeteria,2,0.5044948243016661,0.1413764787988949,0.3631183455027713,0.6458713031005611
transit,1,0.5041993857115512,0.0,0.5041993857115512,0.5041993857115512
iss,1,0.5041398282675963,0.0,0.5041398282675963,0.5041398282675963
considered,12,0.5040637016236912,0.1593365837762365,0.17685715086842918,0.7755761055638002
overlap,4,0.5039564601125983,0.09736611975467412,0.36354637397150574,0.6382334069779239
prior,29,0.5038873073925786,0.20361669433599908,0.339267529358377,0.8795305205292545
accessibility,3,0.5035722633657813,0.1556284506790903,0.2843368058573751,0.6299882842793363
centrally,2,0.5032953672485504,0.031139939402336614,0.4721554278462138,0.534435306650887
reactions,31,0.5032204812780714,0.1288904455768857,0.22237151642095362,0.7995692351736543
priorit,9,0.5024833718151115,0.13447741120793794,0.2719403101567873,0.7175435617210261
're,19,0.5024083730995553,0.17852135493253318,0.1383652411966329,0.8245816735921554
but,721,0.5022331486946616,0.21887002779965026,0.05304512190567443,0.9758049548733947
main,6,0.5004133255665307,0.15968276469722056,0.2504453105034736,0.7087491946863634
Inspect,9,0.5003991204781766,0.1469043772922324,0.2846559431964533,0.7044417548653981
travel,12,0.5001083445485089,0.05963976651135086,0.3739727445372267,0.596643893615364
sabotage,76,0.49979837918227743,0.13461716362294848,0.2790957181170929,0.7902272929365688
before,141,0.49942484046886254,0.19614325629249482,0.09428053970776354,0.8831601193081826
convincing,2,0.49893519769469996,0.01991465450222421,0.4790205431924757,0.5188498521969241
gathered,18,0.49851628135210124,0.2449892689551847,0.1408506502697276,0.8740014377003044
ensuring,2,0.4980412762674007,0.19664409212957726,0.3013971841378234,0.6946853683969779
familiar,3,0.4974559767347267,0.28294203553867825,0.11270079221902751,0.7850012063667053
collective,1,0.4973086423003922,0.0,0.4973086423003922,0.4973086423003922
point,171,0.49722256726737074,0.20224892013089693,0.16182808597299086,0.9608566205828809
entered,2,0.4969616035292078,0.17686797111124164,0.3200936324179662,0.6738295746404495
trying,69,0.49666467600326725,0.1484003496855168,0.20970179171781847,0.7892583552886829
even,9,0.496527432055528,0.13429822387967488,0.35909037078618056,0.8015322227554761
system,19,0.4964824840945434,0.10997272750226286,0.3097385587954916,0.714038079954767
intelligence,1,0.4964596587159108,0.0,0.4964596587159108,0.4964596587159108
public,6,0.49635684419325227,0.09900136817388071,0.3614257147457514,0.6435248846932785
everyone,46,0.49540031834753107,0.19827654266154693,0.1478276446603939,0.8286909228827228
necessarily,3,0.49522197061012857,0.040784036432401985,0.43757235418759904,0.5255952413913808
ib,12,0.49504316156744377,0.08627610024764186,0.38495505176639155,0.6491958558945838
encounters,4,0.49479085554460667,0.12866678255449218,0.36629330199787175,0.7001573367861417
leave,20,0.49396168125473966,0.12053372671839487,0.26596667685947956,0.7047259569103238
urgently,1,0.4939046248056209,0.0,0.4939046248056209,0.4939046248056209
shortest,72,0.49323540328909665,0.09292551749993366,0.27932719250684834,0.7642439328850907
needs,3,0.4928972007759154,0.12419868189977244,0.342391147212982,0.646565243715927
intermediate,1,0.4924656049254855,0.0,0.4924656049254855,0.4924656049254855
created,1,0.49233431391378774,0.0,0.49233431391378774,0.49233431391378774
confrontation,5,0.4916818515005799,0.11455532573078403,0.3237265579331624,0.6674672784371554
reasons,3,0.49135393833898383,0.3230853196994913,0.22367786557970704,0.9458761273705915
sow,1,0.4913443190684514,0.0,0.4913443190684514,0.4913443190684514
unfinished,2,0.49114235154037095,0.0070158078988899475,0.484126543641481,0.4981581594392609
trust,50,0.4910195503197619,0.11344978765943439,0.24677611900651267,0.7978820390856406
hinder,1,0.4905704143424918,0.0,0.4905704143424918,0.4905704143424918
encourage,6,0.4904398532018522,0.14172048563979553,0.32356151342230904,0.6853954110450026
upon,3,0.49041139528268785,0.12609959232053314,0.33645351226105086,0.6453287000476121
interfering,4,0.49035426931324344,0.10152087501839378,0.3880256173753914,0.6563452120987973
tries,6,0.48992386112262226,0.0740122152835263,0.3860608352944159,0.6122837896939641
Cameras,5,0.4894336544772638,0.05158569515514019,0.40847709082259703,0.5654287736926654
nearby,22,0.48904210711417223,0.1162193320388887,0.257636482946744,0.6809809247182397
abruptly,3,0.4887154494100465,0.08372362221788429,0.4280793438910365,0.6071068489127072
ing,306,0.48847901302260693,0.24655987466426482,0.08229710360935112,0.8230505543698788
attacks,4,0.488389074936059,0.06848675784485118,0.42847339508925786,0.6004932551907584
place,21,0.4883870774475345,0.11540303882600489,0.21067435024106992,0.6812130761224916
required,6,0.48779989684603736,0.1480952847052147,0.2660243045685787,0.6520766085918884
addressing,1,0.4876082435792873,0.0,0.4876082435792873,0.4876082435792873
question,9,0.48684351285785255,0.14207073081968719,0.2778237257950219,0.6546193242177808
elsewhere,1,0.48663943678219956,0.0,0.48663943678219956,0.48663943678219956
arrived,23,0.486492304794086,0.12392647343471397,0.20184486817596733,0.7780223672351616
data,6,0.48594102626798324,0.16021158147867606,0.30651634920459175,0.8064862338648316
deviation,1,0.48592507654023753,0.0,0.48592507654023753,0.48592507654023753
dispersed,3,0.4858212695316148,0.11996668479591241,0.3930937234247146,0.6552265389841547
cameras,18,0.4856189425122353,0.16126155205719975,0.24405540606237877,0.73379815383539
finalize,1,0.48558809095139255,0.0,0.48558809095139255,0.48558809095139255
movement,174,0.4854449055691255,0.1327770727651107,0.1266246681419248,0.8094244589303591
spending,1,0.4853058700663518,0.0,0.4853058700663518,0.4853058700663518
repercussions,9,0.4848734288617995,0.1691174938584174,0.2532375310357353,0.8975942293532172
arrival,1,0.4842775169089613,0.0,0.4842775169089613,0.4842775169089613
between,23,0.4842387642430165,0.15455740589656677,0.24187391236991973,0.9237411895122877
ITOR,7,0.4840209205436675,0.03593975672265014,0.43124350016303475,0.5438189605780228
provoke,1,0.4839216906713475,0.0,0.4839216906713475,0.4839216906713475
facilitate,1,0.48381112087613215,0.0,0.48381112087613215,0.48381112087613215
remember,2,0.48379691415483916,0.01042979032344446,0.47336712383139473,0.49422670447828365
pretend,26,0.4837273710123995,0.08621238785269895,0.3090514911250716,0.6356512714532708
its,191,0.48341917658755057,0.2006698711018923,0.13288622642697112,0.8664594657209963
traveling,4,0.4830786894945944,0.09624265771953641,0.3676694762092308,0.6000526984329215
takes,6,0.4826172934261568,0.10954890179213349,0.28642135836662075,0.643790466489577
miss,24,0.4823661233540976,0.06979416232786996,0.3268818532369712,0.5649643601227724
minimal,3,0.482181216857355,0.3195617652026998,0.06117208125886423,0.834963904816226
If,36,0.4820858453581671,0.06620451704214794,0.28480928475283684,0.6758866728037158
goal,501,0.48184250627515574,0.14056465692821535,0.148449657328215,0.8310847752192008
mindful,60,0.48119821207811975,0.08361727748317298,0.23216416889488342,0.6885011631744534
presence,46,0.4810172149138905,0.1562260795466213,0.189147838115083,0.8560426955367068
that,1950,0.48060789984584557,0.1588851599342405,0.05818724688893006,0.9127421222698218
assuming,4,0.4799875798124471,0.015078799738494512,0.46132165060692926,0.49607400547584923
page,3,0.47993391361905163,0.07400278651001092,0.4254733194591928,0.5845602789433417
alarms,3,0.47976420557635874,0.10899707870672719,0.32576870215311116,0.5626427262824353
cover,68,0.4791839634264298,0.14469103764234584,0.15597565408486722,0.7425099318003948
priorities,3,0.47913310990239477,0.21617855875445072,0.2011009751426674,0.7282552757892842
top,1,0.478957145320411,0.0,0.478957145320411,0.478957145320411
By,35,0.47880931908636687,0.12641805996850738,0.1659226041258356,0.7333436919422692
occurring,2,0.4783870752897014,0.31928769094140774,0.1590993843482937,0.7976747662311091
quickest,8,0.47804295722140455,0.12063530378198845,0.27921061550025134,0.6068900249291318
Did,4,0.477980775985337,0.04538180590303808,0.4193692993389147,0.543780070018582
Sample,104,0.4778912626467827,0.1093304064753454,0.22226486419658167,0.7393104310508294
behave,5,0.47777821185901814,0.11015013109249702,0.33028266747733925,0.6675790891898238
completing,1019,0.4766596971340479,0.16906893199603115,0.10319070689349913,0.897368709730554
visit,14,0.47638098049358957,0.11647442879073541,0.27073591801297103,0.693615056440579
quicker,26,0.4762734714225804,0.11516895522927159,0.2747279122760475,0.7460268002873067
contribution,2,0.47558558854159444,0.03836338742397,0.43722220111762444,0.5139489759655644
progresses,11,0.47553846431879604,0.0512502635110027,0.4001465481696614,0.563597586931409
build,16,0.4754500042481702,0.17840547153643388,0.21031062218513247,0.7891063197828592
easily,7,0.4751544669999745,0.18671784128670277,0.299836408933041,0.7486806231165267
indicator,2,0.4751214246706055,0.1102686920724062,0.3648527325981993,0.5853901167430117
outside,1,0.4749839624592355,0.0,0.4749839624592355,0.4749839624592355
believe,4,0.47490599884432266,0.07857483431626236,0.37877274095298713,0.5730753506533814
contribute,86,0.4748096219366389,0.1390867670362384,0.20798195587373852,0.8130121883031157
create,131,0.47410835961988634,0.11688499220578011,0.20144477438774855,0.8729348346226927
mimic,6,0.47355309979879806,0.08458024724658741,0.3153054904383084,0.5714903966838265
essentially,1,0.47350317729697866,0.0,0.47350317729697866,0.47350317729697866
involve,30,0.473387350472493,0.14096522543460457,0.1623625113583288,0.759334154534592
why,4,0.473254496565459,0.03451456937927656,0.4162092799758985,0.5054734227695122
Do,2,0.47320439263911157,0.07792918861984394,0.39527520401926763,0.5511335812589555
unless,25,0.47300565874805167,0.07794207828028578,0.16682877825911857,0.5690752261251445
intention,3,0.4729799925320688,0.07825814602459708,0.3687436506816024,0.5573098834833309
guilty,1,0.4727237646181657,0.0,0.4727237646181657,0.4727237646181657
began,3,0.47258863758143504,0.0,0.47258863758143504,0.47258863758143504
just,694,0.47234432667132575,0.14716659359615056,0.16617140152354332,0.8973455570653008
direct,58,0.47174692451702327,0.20616488118132467,0.08507258131614048,0.9310386936444278
rim,2,0.4716069818730084,0.010132825935717099,0.4614741559372913,0.4817398078087255
closer,162,0.4712889165815028,0.12095603833450291,0.15797489369235282,0.7887660050469347
outnumber,1,0.4712374951140264,0.0,0.4712374951140264,0.4712374951140264
congest,1,0.4711373233423765,0.0,0.4711373233423765,0.4711373233423765
other,2353,0.4711342450570757,0.21024322717861094,0.031622838756974914,0.9426428618352161
chance,45,0.4706968868173127,0.17179028808590502,0.17739366902546955,0.8306041285463196
parity,1,0.4704256016665562,0.0,0.4704256016665562,0.4704256016665562
connection,3,0.4693433873333171,0.33645839484097534,0.19475959373803772,0.9431753001908115
hiding,4,0.4690043807471342,0.11925588970047316,0.30024506594193606,0.6130440148379532
can,810,0.4687276662301497,0.1942793666403448,0.03539088640462348,0.9650998640268605
reacts,4,0.46863990313076415,0.09057966685181648,0.32788316027686715,0.5765194216743178
tracking,15,0.46842228491337373,0.09333514225742297,0.23316519965793733,0.6390337453759649
myself,209,0.4681824707691082,0.21159584600400783,0.08931172598361384,0.9726170192014855
'm,435,0.4681510651195882,0.18423525117365971,0.07331060024501661,0.9029040723454486
or,4037,0.46802063940901584,0.20976245381002306,0.033907293533745504,0.9841171989216253
Sharing,10,0.46750636027626513,0.17995238542749883,0.1827289034504437,0.7953869975061679
unnecessary,25,0.46744947945937165,0.10253538935760405,0.2916027362205134,0.7336484241967747
besides,9,0.46721177601000474,0.17575498746138346,0.1978682104370085,0.7727739977848243
add,1,0.46701292763390406,0.0,0.46701292763390406,0.46701292763390406
put,144,0.4667181025703149,0.1558962844742706,0.1944132776974588,0.7394396378502797
prepare,3,0.4666187054521036,0.07171662218530704,0.3697188468546535,0.5410055562981276
although,3,0.4665599893758472,0.2865684683960017,0.10955316788426901,0.8111712797499238
themselves,8,0.46652939653431336,0.08330635103145871,0.3344549516940404,0.5710740648615455
What,6,0.46638530790956517,0.032138441505387236,0.408336635335553,0.5062504567592645
stumble,1,0.4663346245825757,0.0,0.4663346245825757,0.4663346245825757
aggressively,2,0.4661116749994627,0.012836285773986045,0.45327538922547667,0.47894796077344876
faster,3,0.4660623813329325,0.10360714711660043,0.3230450163283594,0.5651606702264468
quick,25,0.4659312156629316,0.11325984173288513,0.20955683927957208,0.6591065690576888
private,4,0.465521557563797,0.04425566908444313,0.3995114229453719,0.523196687421867
manage,4,0.46531667344789573,0.17189546079730028,0.29491753643278157,0.7367138040980025
Given,1283,0.4651682404738517,0.11154700903819152,0.11331381153967181,0.7854934532181457
staying,20,0.46502619677278006,0.12671434857498748,0.2380896167735325,0.6815874434116299
perhaps,1,0.4644436885689721,0.0,0.4644436885689721,0.4644436885689721
when,48,0.4643312197572964,0.18211342948530262,0.20864733828057427,0.7881932900773299
Hello,23,0.4632358743572667,0.06290609183620476,0.33661411680500014,0.5659079892329357
consideration,4,0.463210078537062,0.20501904163592358,0.22967639673738693,0.7140645591987157
eye,129,0.46320195393413804,0.14346928823741462,0.1521402326165461,0.7722291901565876
seems,634,0.4631348994005139,0.1731675661719382,0.03620753360669063,0.9223132984419293
you,81,0.4629422734376411,0.1657860974215926,0.09853096982027439,0.7368915087674603
exposure,4,0.4624558354265398,0.2012343015878378,0.2580198855351858,0.7553170233352983
based,111,0.4621809928981148,0.15432155023961308,0.09992106241357535,0.7903350662956649
passed,5,0.4615049299959124,0.20778754765766763,0.3138112723278591,0.8739272967773497
than,44,0.4615035098292212,0.1626795058121138,0.10424335247461052,0.7858884230983593
acting,24,0.4612828010527106,0.11493128190422204,0.14518029630476625,0.6247337787245214
access,6,0.46118136952671523,0.16609924209549953,0.2595544795699538,0.6835528623134924
flexible,1,0.46113977658019467,0.0,0.46113977658019467,0.46113977658019467
")"".",1,0.46082120869402526,0.0,0.46082120869402526,0.46082120869402526
count,10,0.46073831120223324,0.10936510545649292,0.31069857834401754,0.6194883642765837
complete,1361,0.46064372948514065,0.15189933067269867,0.09177114562168157,0.8822826382494803
convenient,21,0.46040350690842646,0.15299610865677232,0.12314952426522784,0.6622247397583663
likely,131,0.4603609983778284,0.13081577998563176,0.200157089763976,0.8438803725714598
actual,7,0.4601894700131927,0.24432392014878804,0.10175087355739452,0.7869899336464637
divide,1,0.46004750381415777,0.0,0.46004750381415777,0.46004750381415777
positioning,15,0.46003151359085714,0.07765710338494311,0.3329562610772845,0.5894636303423407
wasting,5,0.45978369128992097,0.0768649517873555,0.37073170382983134,0.5518633448769751
Before,3,0.459441493997543,0.12040307278658532,0.2911885456619188,0.5662298069467727
locations,412,0.4590837783898464,0.15767235112392422,0.1667972792008825,0.8412015690025557
only,113,0.45803141863168473,0.12153837418906377,0.1330200979083504,0.7254812354961561
next,683,0.45752839011525426,0.16454477192240172,0.1118414549317831,0.8670508525627142
of,2625,0.45736037239604116,0.23372455090029964,0.023234813136155465,0.9840501983333241
workload,9,0.45721742829946826,0.08049712120358667,0.3220987263193484,0.6193810978567157
anymore,1,0.45689255262715106,0.0,0.45689255262715106,0.45689255262715106
body,60,0.4563297518624788,0.13272717412170043,0.2430980875942367,0.8456543209235946
partially,1,0.45604584291392297,0.0,0.45604584291392297,0.45604584291392297
scene,3,0.45550211360133047,0.16673246441425188,0.21970963632718996,0.5743997413573615
if,466,0.45516129827847696,0.15965085200643978,0.05861198886628795,0.8071781872312885
team,41,0.45503239997834066,0.10202848481245481,0.19122443310058884,0.6076429581624359
reducing,41,0.45498643688265983,0.10806272399853972,0.25702135896219364,0.7552566416598727
thus,2,0.4548513866816074,0.052344803515494115,0.40250658316611326,0.5071961901971015
significant,384,0.45450408858517194,0.16758697513558915,0.24178925575408866,0.9470473956855454
tangible,2,0.454289700571259,0.040279759377827073,0.41400994119343193,0.4945694599490861
perform,1,0.453958122543178,0.0,0.453958122543178,0.453958122543178
list,32,0.4538315815040013,0.1828027867255393,0.15461430083610347,0.8087874515410342
behaves,4,0.45342323612897906,0.043378408513829646,0.3871752297477605,0.4929356411032729
whole,1,0.45337739681510314,0.0,0.45337739681510314,0.45337739681510314
planning,28,0.45311042589974965,0.1653735289132433,0.20735504326912252,0.8233807727771241
during,32,0.4530927774183248,0.23274878065487267,0.09087282494064272,0.8573924261404346
illusion,3,0.45265729280462597,0.12973393527654722,0.2704023354376853,0.5620519231513963
sharing,62,0.45226771755323486,0.16163429438946447,0.1267995808992169,0.9232843316560869
provided,30,0.452078436268484,0.20008625963230764,0.19111085609559736,0.8823043973077748
Should,3,0.4519034656775583,0.15578661253109807,0.311183767685147,0.6690716179592564
later,59,0.4512116346391183,0.17695097917518712,0.11673902781289727,0.7876211938730888
counter,1,0.45098772153189176,0.0,0.45098772153189176,0.45098772153189176
currently,830,0.4507837700538925,0.15391061503546055,0.12320253515117165,0.8789479537719769
shorter,118,0.45077050326592766,0.10612578000983297,0.25161119456935993,0.7424602611972803
downloading,1,0.45073365764363,0.0,0.45073365764363,0.45073365764363
addressed,3,0.4506077925863992,0.19521109795365366,0.2532512988789277,0.7164651946599949
iate,1,0.4505964162837394,0.0,0.4505964162837394,0.4505964162837394
's,1086,0.45056701225457974,0.18519702063516397,0.058318406041230335,0.9000519601389992
specified,1,0.4504956752951631,0.0,0.4504956752951631,0.4504956752951631
confirm,17,0.45046666643536837,0.18293324643149544,0.14408713368905857,0.832256047050051
again,4,0.45029810065736603,0.11210966757618855,0.2643478385496539,0.5565610756213495
also,1370,0.4499999119561279,0.20361851902834677,0.038837143739476,0.9670083704447026
now,342,0.44985798242732306,0.18986639488050536,0.05592640083831873,0.8392865395076469
across,22,0.4496590938624486,0.09934951656868382,0.22169654947642708,0.6575607581664822
path,468,0.4495949046279812,0.13168537703050154,0.15425509975960325,0.8222675824833993
gain,64,0.4491511957957019,0.1019532023997553,0.18610784653077225,0.6724340099708401
need,469,0.44865134201104734,0.16468271191824232,0.0990198342371753,0.9018290186750021
thinking,5,0.4484877729303861,0.1465760475715012,0.31741570287234944,0.6420572203200644
genuinely,8,0.44843058626775345,0.1605838993137929,0.26225227554122194,0.7967514823898215
completes,1,0.44788832122084893,0.0,0.44788832122084893,0.44788832122084893
for,1254,0.44765875656335835,0.18758476469778443,0.04360801905615706,0.9404596900884863
-sensitive,2,0.44746469610745904,0.13674987273901124,0.3107148233684478,0.5842145688464703
keep,89,0.4471319475116264,0.12620985156024367,0.18421887091797787,0.6911665462783444
past,11,0.44661381049955734,0.08041427774284515,0.19232153643478278,0.4720430379060348
associated,2,0.44628884209181957,0.11840443488919533,0.32788440720262424,0.5646932769810149
death,23,0.44590255219964503,0.1955985012677671,0.1690872346987376,0.8951264611973011
expose,23,0.44563714918560315,0.14109277057722974,0.19156769544217014,0.7691326398716071
scenario,2,0.4454874317494839,0.11775698299607071,0.32773044875341323,0.5632444147455546
eliminating,22,0.44541871737715727,0.14540131216011312,0.19837425719084895,0.8299681052012682
suddenly,1,0.44529651861197067,0.0,0.44529651861197067,0.44529651861197067
up,64,0.4448733184021373,0.17338441155206877,0.04004524943024917,0.9122216787537686
flexibility,16,0.4443359645149463,0.08977836793273715,0.259691266990271,0.6001989714007987
identification,1,0.44381648118862616,0.0,0.44381648118862616,0.44381648118862616
separation,2,0.4433389617303811,0.0381358402662931,0.40520312146408805,0.48147480199667425
interaction,3,0.44282483431057157,0.19481658312064742,0.21593645412573245,0.6916259554816437
reaction,1,0.4427466653650225,0.0,0.4427466653650225,0.4427466653650225
During,7,0.44259248022063097,0.19776477282245217,0.10632378492379689,0.6682899623103535
reduce,128,0.4424542550880002,0.08689410324346544,0.23489308943739695,0.656748708274375
maintains,1,0.44188546509095883,0.0,0.44188546509095883,0.44188546509095883
most,402,0.44184076385828086,0.1847840931046106,0.07726089961646453,0.8806198575420452
work,90,0.44117363209965477,0.21259708819225787,0.08608986324052345,0.8232627449872626
observation,51,0.4410572409092663,0.190320152075008,0.1873933305902454,0.8781050583324767
hub,3,0.440636187136739,0.07134966762282377,0.3811437348977395,0.5409632088013012
options,78,0.4403290741572246,0.19205455320609172,0.061103639761061486,0.8975163810973531
[,5082,0.44028761431834224,0.394850438968037,0.041331431058020084,0.9998387031135233
time,288,0.4401980938991712,0.17395960033621913,0.04679062647600484,0.9320580231192511
mis,4,0.4401683769820937,0.05126111892602238,0.36396176298840627,0.5081449565030824
remains,3,0.4399869599265456,0.21148598179510994,0.2578969961885633,0.7365116599508514
'll,31,0.4394642422866119,0.11768955260606209,0.12052920980943636,0.7342154400771114
ers,1,0.43937863443500286,0.0,0.43937863443500286,0.43937863443500286
quickly,274,0.43922726192607486,0.11085929507050432,0.13784937451404167,0.7737402200503601
various,37,0.4389623762393965,0.12455000235746608,0.2097303838041789,0.711639175158536
witnesses,90,0.43808995111607607,0.13412608980868893,0.19137216427155745,0.8255586768762212
though,5,0.4380491271973204,0.14413537596298842,0.2912259153496947,0.6446977646832607
-path,1,0.4375605553163859,0.0,0.4375605553163859,0.4375605553163859
separate,5,0.43725525759484646,0.09154861108279973,0.3174522330316785,0.5548147102181589
location,1031,0.43705799271397633,0.16448851731289926,0.04699435244027115,0.8710643908609443
revealing,29,0.4364203494972982,0.11418522366668238,0.29463875778595383,0.6505328826276294
action,199,0.4363297630737943,0.18221182905471014,0.1111971798701276,0.8718325626547175
overlaps,3,0.436020938048518,0.2853309089797943,0.10995155420810483,0.8049188348410462
whether,46,0.4359168409492323,0.10988028255602285,0.19150188736376456,0.6289252639884155
multiple,495,0.4358308778115877,0.19047217259895582,0.053383651250654945,0.8506451409522207
experience,1,0.43530010291062804,0.0,0.43530010291062804,0.43530010291062804
sees,2,0.43502374121169884,0.029540158947769735,0.4054835822639291,0.4645639001594686
pathway,1,0.4346127808928325,0.0,0.4346127808928325,0.4346127808928325
numbers,16,0.4338450372231747,0.07425265803220572,0.29951608586435446,0.5871865932314997
corridors,2,0.4337686246096637,0.12966907832740204,0.30409954628226166,0.5634377029370657
overall,69,0.43375873450399816,0.14119656786933685,0.1837453677757361,0.8161730579759572
posed,2,0.4337001069491846,0.06856024413181758,0.36513986281736704,0.5022603510810022
-oriented,1,0.4334528477970859,0.0,0.4334528477970859,0.4334528477970859
how,78,0.4333489782865932,0.13743442263741298,0.11641499011891064,0.7560292813541138
while,412,0.4333486090252297,0.18968991128834253,0.04312872024580432,0.8516552215279805
involvement,5,0.43289608462882334,0.1806777146538663,0.0876612833214151,0.59748141952345
normal,3,0.4328833029537442,0.10600223775446467,0.28752605844031603,0.537313542713015
identified,15,0.4328466601309655,0.22756544108375912,0.05578162598652164,0.9545257361556415
choose,54,0.43273488085899187,0.19589912883238234,0.07177841783955224,0.8585720048133626
creating,19,0.432436867962225,0.1068867426017479,0.26236481127845757,0.6830295415157102
subsequent,2,0.43239793593591414,0.22319428307231992,0.2092036528635942,0.6555922190082341
raising,179,0.4323791101875665,0.10606989742554757,0.14948639513997206,0.7124723672877378
revisit,1,0.43215291174007303,0.0,0.43215291174007303,0.43215291174007303
starting,222,0.43198565315519394,0.1447455202871778,0.16683833506170237,0.9083398140426672
seeming,3,0.4317756523333724,0.01673366107310016,0.41994316711450586,0.4554406227711053
aligned,1,0.43164400512422796,0.0,0.43164400512422796,0.43164400512422796
ibrate,63,0.4316207466698253,0.2046958524958158,0.07418119269286105,0.7408532589709563
catching,1,0.4314997101570466,0.0,0.4314997101570466,0.4314997101570466
free,9,0.43105062573914144,0.06480043280274782,0.309495623612453,0.5146794445348201
testimony,3,0.4309942486979336,0.1693015820859347,0.20590917016083596,0.6142267385263899
pired,2,0.43090211984859755,0.20341430310184974,0.2274878167467478,0.6343164229504473
ultimate,2,0.43034413646824354,0.012064361091218306,0.4182797753770252,0.4424084975594618
points,2,0.429412840449118,0.09413726447709517,0.3352755759720228,0.5235501049262131
good,311,0.42933399124774185,0.1951267103408499,0.06306824474531371,0.826443812969719
committing,1,0.4290902173586867,0.0,0.4290902173586867,0.4290902173586867
split,3,0.42891367084349574,0.07064093891248881,0.34864796632136563,0.5205564821788169
report,32,0.42815245008012104,0.14272767816272358,0.22334149564685388,0.8312880781757146
head,184,0.42801089830952416,0.10743404241023106,0.20341361742118647,0.7410254222855275
particularly,4,0.4267130887507433,0.15996249604520463,0.16648734035478904,0.6031220157137543
thereby,2,0.4266895976528774,0.03420272395879398,0.3924868736940834,0.4608923216116714
their,653,0.4263196047014381,0.20549095117256855,0.04943952117499503,0.8757655902161663
")""",1,0.42603518712227834,0.0,0.42603518712227834,0.42603518712227834
value,3,0.42567927497405306,0.09167829439250975,0.2965716478513284,0.5005180269471972
helps,5,0.4256603397994606,0.09323869595968784,0.28740654672507787,0.5773006132568366
readily,24,0.42564210777306827,0.11861184183685303,0.14195120147477794,0.6065012148374502
those,48,0.4244224173746276,0.1829213466197006,0.10123701152804676,0.8731627098797392
underway,1,0.42433935088435726,0.0,0.42433935088435726,0.42433935088435726
job,2,0.42358206594779213,0.08598901919788582,0.3375930467499063,0.509571085145678
busy,2,0.42332960106607626,0.08941647560871108,0.3339131254573652,0.5127460766747873
each,96,0.4232100198365871,0.2600851133396352,0.03828071783646891,0.914746114931665
disguise,3,0.4230223628890748,0.10216194069596478,0.28156747229537604,0.5192150518622034
too,69,0.42265203510855587,0.20386384133244628,0.04420378228883283,0.765566946921688
eteria,3115,0.42229670637272587,0.1307930066685319,0.07430098421833191,0.8548906215127998
general,8,0.42212692854713024,0.1667047622374816,0.21919488115005145,0.8170970095612571
success,3,0.4220639944857727,0.06028053774939976,0.356636607050405,0.5021069347331862
communicating,1,0.4214539331951724,0.0,0.4214539331951724,0.4214539331951724
called,131,0.42143535889524364,0.16671416960891453,0.052285144635729884,0.7963364205419168
icing,6,0.42121542744581025,0.08413865766681744,0.33411582800674544,0.5403241566816971
accused,28,0.4209723959465265,0.1483355860685805,0.15815305282373235,0.751499908103761
related,3,0.42093716943488707,0.2552723275801878,0.13453801055056344,0.7544721979796111
issues,1,0.42089122258988027,0.0,0.42089122258988027,0.42089122258988027
Instead,52,0.4207813317834516,0.10636255646492432,0.23976894031964313,0.6539972452033442
considerations,1,0.42077056290519443,0.0,0.42077056290519443,0.42077056290519443
remaining,177,0.4207455844643799,0.1302482188713605,0.18336319732622594,0.771077726358816
thereof,2,0.42072050771608693,0.031664969294368905,0.38905553842171803,0.45238547701045584
divert,3,0.42024311698876193,0.2703954239986069,0.04619310001748848,0.6760828519646066
pivotal,2,0.4202259167237404,0.2970774318735197,0.12314848485022067,0.7173033485972601
particular,1,0.42001707703750774,0.0,0.42001707703750774,0.42001707703750774
Also,9,0.41998341100469144,0.0634982544068749,0.3089782656726816,0.5117051541880989
Process,1694,0.4199219216025706,0.042533722243423076,0.3005701883806326,0.5610788522757731
allow,380,0.41979678439841644,0.1488276295676349,0.1335003008031302,0.8208442900394919
excuse,2,0.4187985752618857,0.15215592605383235,0.2666426492080533,0.570954501315718
after,47,0.41878175790619543,0.16621221717626658,0.08103855708049316,0.727981918047676
working,231,0.41869673209949043,0.11867544721225264,0.14692471997344334,0.871614234917057
history,41,0.4178454180768305,0.09981015981991145,0.19956031465965357,0.7405898635493947
want,25,0.4168049692366925,0.1562935485384869,0.17895242903743083,0.7779286198418488
move,864,0.41666029852356345,0.14992547472335777,0.062137634294509865,0.9236798766131271
vag,1,0.4166053954110759,0.0,0.4166053954110759,0.4166053954110759
freedom,1,0.41649472349534394,0.0,0.41649472349534394,0.41649472349534394
wise,35,0.4164369942630644,0.13552000141264134,0.16272292046361186,0.8541594776201082
increasing,13,0.4164162190587168,0.14634338914906136,0.13705440469916294,0.6674728458675349
implicated,1,0.4158780264263274,0.0,0.4158780264263274,0.4158780264263274
".""",42,0.41521969689110677,0.12604260313838903,0.06673330789108387,0.6739853379125533
requires,121,0.41489107871763364,0.09346130426453579,0.18173829866813238,0.7104847475640179
aim,9,0.4132573389389351,0.1508864059664426,0.1755767834120006,0.5944475433742756
sooner,7,0.4131984003444008,0.19812395519285764,0.18965697055478767,0.7395420543801072
accidental,6,0.41308665667003397,0.06980019215079912,0.3102810681992009,0.5370581065030952
exposing,1,0.41289657890098863,0.0,0.41289657890098863,0.41289657890098863
hide,1,0.41273087336368547,0.0,0.41273087336368547,0.41273087336368547
legitimate,27,0.41265735497798034,0.09879461338832497,0.23585137415940852,0.5899795340550482
missing,7,0.4125875982362344,0.12166557923751631,0.2918791529410501,0.5997849289902372
managing,3,0.41243261022739824,0.03791232653294137,0.3708486294105037,0.4625349428255175
destination,16,0.41242829378419776,0.16960882860094031,0.13218224169770143,0.6881992875045935
use,107,0.41218422247496017,0.18724023429481185,0.03782867894485022,0.7671144811789667
group,38,0.4120173385097406,0.13043040097470418,0.16157529903421972,0.7511205814164046
someone,77,0.41164649059486996,0.13266849056228214,0.14803980101434824,0.7307842774313805
noting,2,0.4115755963392357,0.08389654982086783,0.3276790465183678,0.4954721461601035
closely,29,0.411411911590002,0.14387340049717753,0.1534368175224302,0.6755503001464201
positions,48,0.41056829784780113,0.11192388343158599,0.13923332062661842,0.7717093982885622
duration,7,0.4097825163333476,0.09173230003973905,0.30818258432385826,0.5648347492314585
committed,3,0.40970606768724566,0.1570850002617247,0.19757996362296823,0.5729130865201113
hand,131,0.40959808967171335,0.13911134591196822,0.13693292901100632,0.7581953399899939
as,1173,0.40940988449216276,0.17909884772704388,0.042595977218623626,0.9084972956635002
providing,11,0.40922172393448375,0.1308570045264639,0.283067574895678,0.6703575691887377
stalking,1,0.40918235369491945,0.0,0.40918235369491945,0.40918235369491945
presents,7,0.40895239819973445,0.040622930872874226,0.33178000972060473,0.4798351862233046
easy,6,0.40859420706076155,0.19046327059577087,0.09469810667751562,0.6805521023345071
Clean,61,0.40852731931484604,0.13767717556301473,0.13583416599251957,0.7980700927858461
eliminate,390,0.4079895947362339,0.07627501201382862,0.17778343513729977,0.6283856628413214
expressed,4,0.4078622001663453,0.07797366146317429,0.3350257971606083,0.5393427300853425
through,252,0.4071274292908744,0.1506031109480851,0.10821829961909928,0.7724698746468203
headed,4,0.4068787352242515,0.1111368313521186,0.232886020702302,0.5348705274107971
prevent,7,0.40686024289179573,0.1361215208715128,0.25990848774739395,0.6834283730874294
close,49,0.4066295145926915,0.13539493052200435,0.07530580487253703,0.6714729610901821
solo,32,0.4065885613360468,0.08095794381730799,0.27226770227497393,0.5608799638800332
puts,5,0.4062918405686606,0.05803255057615019,0.33967948147025273,0.502731394048416
reasoning,2,0.40579001290685374,0.17200016291299475,0.233789849993859,0.5777901758198485
initiated,8,0.40560321882871836,0.14812568270740295,0.19075040762976708,0.6420744235576282
Has,15,0.40551403975255784,0.07047549998487034,0.2974159049257645,0.5333233387975167
preparing,1,0.4054897859218078,0.0,0.4054897859218078,0.4054897859218078
majority,7,0.4052941905878874,0.12356772474498647,0.13986265041165735,0.5453031716407437
versatile,1,0.4046885484054168,0.0,0.4046885484054168,0.4046885484054168
achieving,6,0.4043556259592789,0.0934648287611854,0.263608110755215,0.5706119108064331
ahead,1,0.40418503830860114,0.0,0.40418503830860114,0.40418503830860114
surprise,5,0.40335535219384866,0.06473393883701073,0.342694726285547,0.5065314048412625
Between,5,0.40324854855655123,0.08334201432217975,0.2571526074794414,0.5162692886436858
away,25,0.4027310882995224,0.12197263415770987,0.17756277462312517,0.6309115269805163
taking,18,0.40171747261646584,0.09585551093389903,0.18864489902099393,0.5494744201213977
saving,6,0.400875497519362,0.05336906625196364,0.31851572310406046,0.46931177729183593
commit,5,0.4003459114207053,0.08821823164794301,0.303821065397478,0.565134352181096
responses,4,0.40001042135660003,0.04107419640557452,0.35772907930362036,0.46655457164348274
Secondly,1,0.3997673568067235,0.0,0.3997673568067235,0.3997673568067235
Starting,13,0.399759018345808,0.09009841294803952,0.2414457895765958,0.5673208929696663
getting,14,0.3993855600559903,0.1901305139807125,0.1567328103745659,0.7129196591396433
encouraging,1,0.3992094694388849,0.0,0.3992094694388849,0.3992094694388849
strongly,4,0.399052993472089,0.11722953295323134,0.20308370466048234,0.5022092261239224
moving,1517,0.39890325097908375,0.13462197200461495,0.06876610882253865,0.8055042024131974
stories,4,0.3985375979704155,0.12269873690407393,0.20348853902789535,0.5424068365842543
Meanwhile,3,0.3982626102981239,0.136874771896986,0.20957596496378134,0.5300234045144518
drawing,50,0.3977868244454996,0.11189638515373662,0.1583805272010208,0.5383800006139136
immediately,298,0.39694312472642007,0.16616701651607796,0.08370403741380668,0.9054320309959368
directly,180,0.39674746890328494,0.23636400208593797,0.03942943931711474,0.9308672597284998
used,19,0.3966727543772201,0.15022395945999786,0.17516056866118207,0.7256648004985274
prepared,9,0.39656961716490413,0.058971891997175785,0.2826713227455904,0.4633253109547427
Yet,1,0.39620089194317765,0.0,0.39620089194317765,0.39620089194317765
theirs,1,0.3959625352511587,0.0,0.3959625352511587,0.3959625352511587
features,2,0.3958432378824945,0.006589863399440232,0.38925337448305425,0.4024331012819347
victim,2,0.3954717207028494,0.12821272990264132,0.2672589908002081,0.5236844506054907
previous,404,0.3946248683083826,0.08640148260276566,0.13752320411792177,0.8058109471802973
fact,48,0.3944647745732299,0.17755254891819758,0.060486937745002446,0.6746308726958483
specifics,1,0.3944058869800633,0.0,0.3944058869800633,0.3944058869800633
first,895,0.39440095241916373,0.1491528042500948,0.046746489227641144,0.8285281773555967
Thus,2,0.39411227732650833,0.14280615170488212,0.2513061256216262,0.5369184290313904
idea,111,0.393886569921783,0.13917168739900546,0.07309012427801799,0.9116216424332249
unwanted,1,0.39358581178604485,0.0,0.39358581178604485,0.39358581178604485
take,41,0.393185566551647,0.18994855614614622,0.050126473078775775,0.7345694555775186
wanted,1,0.3930378268489388,0.0,0.3930378268489388,0.3930378268489388
advised,2,0.39265434718688835,0.20934282927594497,0.18331151791094338,0.6019971764628333
Have,2,0.3924586190861915,0.011055087812623515,0.38140353127356796,0.403513706898815
leading,9,0.3924169683314833,0.268073681312555,0.12130920688997136,0.7985019292932172
normally,2,0.3919434353176593,0.09280552994009586,0.2991379053775634,0.4847489652577551
another,513,0.39186234233847295,0.16640481695339818,0.05239431320710915,0.7345548037436967
appeared,1,0.39170188140318546,0.0,0.39170188140318546,0.39170188140318546
available,132,0.3904527028158504,0.17367222485340295,0.04472656848724127,0.9038378069841262
initially,176,0.3901115618740153,0.12791134903468243,0.11555542150160586,0.7410564355572633
killings,9,0.3900534571413857,0.13838971342970632,0.2508225897502406,0.7142016534183419
under,6,0.38966526834206755,0.10207020344449702,0.2363508611390903,0.5217163965355333
natural,11,0.38960619287126746,0.11188647929878608,0.1632180750752359,0.5476130669724703
recently,10,0.3891881702230162,0.09805265826303232,0.23095432338041083,0.549238369300261
centered,1,0.3891106703338178,0.0,0.3891106703338178,0.3891106703338178
get,87,0.38880818197688727,0.15241385836595722,0.14778675478374662,0.7787732149988044
where,460,0.3884771636476024,0.1776985508400522,0.06674771739604532,0.8067267107986703
winning,90,0.38829106824773824,0.08106586768721445,0.20902934070018012,0.6700380322746075
offering,2,0.38828826185738763,0.020033344612083087,0.36825491724530457,0.40832160646947074
ting,252,0.3875478153298971,0.08465830793279808,0.15191054893994219,0.6167659378769036
crime,6,0.387287601053661,0.1279735017520404,0.25929257784690257,0.593666353104721
lengths,5,0.3868835524910114,0.032098732188007635,0.33786301600872376,0.4380356475794395
accusing,2,0.38678671354888416,0.23112707993146908,0.15565963361741508,0.6179137934803532
legitimacy,1,0.3865438097535265,0.0,0.3865438097535265,0.3865438097535265
narrowing,1,0.38652607808600536,0.0,0.38652607808600536,0.38652607808600536
asked,15,0.3861025190964154,0.17126598030676013,0.1450374680860624,0.7792806330462525
way,102,0.38577584242531476,0.2303594784133951,0.04099542112550655,0.8959236105350759
All,187,0.385590811496981,0.1181401963167205,0.08235777340157983,0.6975522244600818
near,4,0.3853810115543022,0.11573299237851549,0.1909674566166143,0.4912128806646351
watching,3,0.3848307742556536,0.10361352000651015,0.29270038985992597,0.5295754298465194
keeping,59,0.3847300097019633,0.11978637365667782,0.15745481816553852,0.6906848814014936
valid,2,0.38457497334948654,0.00597035584769981,0.3786046175017867,0.3905453291971863
maximizing,1,0.38394636955264205,0.0,0.38394636955264205,0.38394636955264205
After,40,0.3838684365108751,0.1204702418286259,0.10113866676530649,0.5899669180403405
Was,1,0.38385804961542686,0.0,0.38385804961542686,0.38385804961542686
walking,1,0.38330108483901804,0.0,0.38330108483901804,0.38330108483901804
are,1658,0.38253566244699994,0.17968650417870233,0.04563280091899857,0.9343669926934502
garbage,1,0.38222168902909553,0.0,0.38222168902909553,0.38222168902909553
others,90,0.3819983407911718,0.14535292071409445,0.12339207284944138,0.79806597048005
been,1140,0.38194332872706893,0.2085670852076556,0.04224585965029908,0.7260174628780391
known,13,0.381905637586505,0.27524965431195153,0.06936375977908037,0.9560594674844982
distributed,5,0.3818950352819915,0.14680668938508137,0.24429314251823459,0.6624952411648001
seemed,6,0.3817158662284957,0.06560189942554673,0.26754668859720704,0.4730041203365339
make,233,0.38141358861286645,0.15534724777498676,0.1324277376256274,0.8951654804469176
all,432,0.38132327340248556,0.18458553193358865,0.07220441367872782,0.9328090368808156
course,52,0.3808491287765744,0.1992561789603943,0.067105494380797,0.781314757383051
includes,5,0.38070867142241277,0.15547572082285702,0.22654438058645954,0.6139933994744408
allows,344,0.38068993999468825,0.11842551277667013,0.09507047152191284,0.6749808729341403
length,2,0.38010371837515555,0.016696606450817025,0.36340711192433856,0.3968003248259726
high,20,0.3796086358271228,0.1455316268972157,0.1513927404186318,0.7397038562446921
perfectly,1,0.3795291850927161,0.0,0.3795291850927161,0.3795291850927161
openly,1,0.3792537925760215,0.0,0.3792537925760215,0.3792537925760215
provides,28,0.37920854992980074,0.15431875008498347,0.18076746261603116,0.6849510373292833
appears,11,0.3787364431286962,0.20493620340453714,0.13759925587330832,0.7772808888552387
out,88,0.37837201589205577,0.18965112626839617,0.0510241237077113,0.9491778347011285
alignment,1,0.37768502059432474,0.0,0.37768502059432474,0.37768502059432474
Among,8,0.37768173019357626,0.05736098719245813,0.2830867300074799,0.45798198108153665
0,207,0.3775210894900524,0.13490147448292264,0.060912296770415895,0.8655749604517294
scan,3,0.37742384748484253,0.026776736543202558,0.34765970022171777,0.41258058715879353
being,724,0.3774156627344361,0.14641202670832573,0.05498213853697746,0.7781005469397217
spreading,3,0.376859076064651,0.035566846461056,0.3400492185558665,0.4249503087892874
re,12,0.3766632246870643,0.19496261771727902,0.17120037761711202,0.8779648415946837
living,1,0.37648944951716634,0.0,0.37648944951716634,0.37648944951716634
depending,1,0.3764428318066712,0.0,0.3764428318066712,0.3764428318066712
ourselves,12,0.37564685694499306,0.19497019391518913,0.12627523993194803,0.7348092051177627
larger,1,0.3751532764377133,0.0,0.3751532764377133,0.3751532764377133
be,2799,0.37507970709791694,0.21160475044299004,0.039641305690120754,0.944716445687821
Moving,585,0.37501094476092534,0.11131792541197778,0.11135354295574619,0.7406780678654952
and,7925,0.37441011309392286,0.2523492869195281,0.008281002017343478,0.9734170509028834
suggestion,9,0.3741827323622192,0.15329215604619087,0.1604960730036138,0.6386853265646079
assignments,33,0.37410446477827475,0.1164248524471893,0.2118571440944762,0.6417660150079045
murder,8,0.3734035695135882,0.12457978331794388,0.21615623728402478,0.6638519452030295
mate,571,0.3724128328513469,0.12393760443749326,0.10292581779641964,0.7563600926427423
49,1,0.37207088479854294,0.0,0.37207088479854294,0.37207088479854294
finish,4,0.371958510678426,0.07539325833824372,0.292659895558682,0.4959987020015416
proceeding,4,0.37162405519329644,0.12925176624121537,0.18717101946693349,0.5498329939910964
corrobor,2,0.3711931365864007,0.08436300334515734,0.28683013324124335,0.455556139931558
becomes,3,0.37037514717796344,0.12570031638817766,0.20115401495606677,0.5021451303472945
factor,2,0.3703679258203215,0.052139350338173934,0.31822857548214756,0.4225072761584954
discussed,5,0.3701397378572904,0.1014252406837914,0.2019612870023643,0.5017832723864736
Does,10,0.36997759535110114,0.08125099264919243,0.2101162007869761,0.48043057302415026
heading,64,0.3697541550767139,0.1154962465759086,0.11750656688474131,0.6354395191724477
ize,43,0.36972611516668313,0.14755212653481237,0.0747684907033955,0.6131256739282066
suggesting,11,0.36928230866327033,0.14091070143961865,0.14253900970063452,0.6195797542453907
reveal,181,0.36909093557224426,0.13406465449269672,0.14615682482417927,0.8373981310294437
these,113,0.3688705892817354,0.15788938325616458,0.07819992478425136,0.902456881633406
Filter,62,0.3687997863070168,0.10191391921214313,0.14458574468190288,0.5978905645974589
allowing,68,0.36852640932315817,0.12314166013120757,0.1313379031873489,0.8002651123350051
relocated,1,0.36818656332288263,0.0,0.36818656332288263,0.36818656332288263
probable,1,0.36778465607365046,0.0,0.36778465607365046,0.36778465607365046
discover,1,0.3673425369436181,0.0,0.3673425369436181,0.3673425369436181
follow,106,0.36673983148711137,0.0963936548038675,0.11538937813121163,0.8143384354768907
suggests,13,0.36672883772445963,0.155034091082206,0.12646191046700583,0.7044685527746068
join,12,0.3662829704704984,0.06888687145119213,0.20137139099713516,0.4490433465337371
long,79,0.3651897074575535,0.12936573318229852,0.059388581052412424,0.7209665473561252
Looking,2,0.36499420894349843,0.055255655045569146,0.3097385538979293,0.4202498639890676
pretending,9,0.36491483371429423,0.07176886527133458,0.20552790092641177,0.4567451774306635
spread,15,0.3647431105280697,0.06070443063643244,0.25227717546782513,0.47099741123523486
to,14285,0.36434892668852603,0.17045317372137386,0.015428026256108701,0.9737556146047421
here,252,0.36404084873570386,0.1677633249998963,0.04342481152372245,0.8189198230743177
easier,25,0.36397889864923066,0.17835236209171074,0.13184164315000302,0.6978551350068333
rooms,228,0.3638328378518057,0.14382308563778182,0.09783534638206876,0.8848621341444185
us,221,0.3638134862209391,0.26107018655967806,0.041796945944635164,0.9668478637419282
with,2353,0.363540946877584,0.17834988099936308,0.04003434311405841,0.8971375418637864
hunt,1,0.3628715446578301,0.0,0.3628715446578301,0.3628715446578301
leaving,28,0.3628679899343293,0.13670316658529716,0.08615259819858616,0.58565744127277
separated,1,0.3627385646020564,0.0,0.3627385646020564,0.3627385646020564
eliminated,1,0.3625946993464425,0.0,0.3625946993464425,0.3625946993464425
same,149,0.3625370806093361,0.1279327116620712,0.04972978064013641,0.6112430903319026
option,203,0.36232386563433755,0.15961782139969993,0.03738825271086724,0.7966501904164303
response,4,0.362160782865428,0.1334568937493785,0.26139914283244736,0.5918804132446873
needing,3,0.3620997547224256,0.09109093826804826,0.2469289481941767,0.4696661798303916
shows,30,0.3615749547006684,0.08658918959115823,0.1976357395834247,0.5562124662808215
indicative,3,0.36142178834114375,0.14692517315000875,0.21917322288946128,0.5637120688634562
rushing,2,0.36122299983792633,0.029560073595361502,0.3316629262425648,0.39078307343328783
eventually,13,0.36058357913312283,0.10225214869665125,0.20815339836478455,0.5539268324275969
were,119,0.3603028006776188,0.1424562499431552,0.10943219649793773,0.7870907828627149
grouped,1,0.36007412762601065,0.0,0.36007412762601065,0.36007412762601065
many,11,0.36004448784344895,0.15770896425085068,0.09103963595405168,0.7144250194980662
fix,76,0.3600385315524507,0.09197152473362419,0.19736482465253102,0.7177037969894386
timestep,179,0.3599974792351117,0.08785668328365143,0.14209883444191213,0.6495076451238935
directions,1,0.35996323797608715,0.0,0.35996323797608715,0.35996323797608715
Action,1694,0.3597564816347475,0.0677574392891726,0.16564116002829177,0.5481786019511875
Hey,2,0.3595479102664916,0.0200069543473754,0.3395409559191162,0.379554864613867
speak,10,0.35945168399870003,0.10253767850423784,0.21905193084305136,0.5208098504292372
making,134,0.3593168499630234,0.17036641966697103,0.06270191697618584,0.874683535555211
center,1,0.35917533872100155,0.0,0.35917533872100155,0.35917533872100155
integrate,1,0.35900743799757673,0.0,0.35900743799757673,0.35900743799757673
strike,35,0.3571514751549323,0.09410478836407825,0.20065718318659673,0.5872826255940552
involves,26,0.3570610573953598,0.13957716014576535,0.1460008022685758,0.7880525441573838
...,1,0.35695948402567146,0.0,0.35695948402567146,0.35695948402567146
short,116,0.3568540883988233,0.12227899762514535,0.11862969162762506,0.6370076249735629
have,3603,0.35651963085962085,0.1882083506444611,0.031104328666845274,0.9776747723654103
effectively,16,0.3564850913431167,0.21650004766881317,0.052752890862897174,0.720664505948977
oids,109,0.35575074337614637,0.08975841477253868,0.12557778671463413,0.5749072802221407
performed,3,0.3554481060166099,0.07267263579027781,0.2954289989288752,0.45770894382140115
claiming,4,0.3554226536285343,0.042796250612259994,0.3030488602981646,0.406646734752159
'd,35,0.3554079858908161,0.1436705215587744,0.07661262065691757,0.6736981445062461
Storage,254,0.35506456853729623,0.11459758297728247,0.125536075365016,0.8102820847744573
acts,4,0.35476841400817805,0.061681711954230126,0.2521530246517956,0.4167059657443576
usp,1,0.3547607000993834,0.0,0.3547607000993834,0.3547607000993834
choosing,7,0.35463618685191406,0.1283708963716431,0.14430213168173123,0.5697077141521362
un,2,0.35450055354900306,0.1284176172440477,0.22608293630495535,0.48291817079305077
misunderstanding,3,0.354151800211497,0.04075508552465124,0.2965400910648948,0.3844183810041629
needed,23,0.35391101766382366,0.1356119700120233,0.12957100317185544,0.6481122332715649
coordination,9,0.35381442274089714,0.13604435743830573,0.15488961432942866,0.5763062185774042
limiting,3,0.353422306986423,0.059828963203156636,0.30818556257333024,0.43796389756157
enter,3,0.35322150148612286,0.15892332392588926,0.17031241300966826,0.5577827800332058
test,1,0.35251799102282944,0.0,0.35251799102282944,0.35251799102282944
joined,1,0.3521030372794781,0.0,0.3521030372794781,0.3521030372794781
our,435,0.3513868987064179,0.20157222481106796,0.03744624811291991,0.8916432474838738
them,331,0.3513454513020851,0.13900539017079397,0.06353572171728511,0.7309503749171496
direction,17,0.3509965998866756,0.16795082905182027,0.06095835233586493,0.7262941629194548
forth,1,0.35025154295571476,0.0,0.35025154295571476,0.35025154295571476
entering,3,0.3497076198142944,0.06449731680875975,0.28880821303365084,0.4389646569617129
important,74,0.34820071631321964,0.1357965810481266,0.1069920996743688,0.8249114281576976
departure,1,0.34797730005754707,0.0,0.34797730005754707,0.34797730005754707
case,10,0.3477919944590523,0.19290651426267721,0.15509226426013176,0.7106453610036393
conflict,1,0.3476168189692329,0.0,0.3476168189692329,0.3476168189692329
follows,13,0.3472299604856274,0.1312951669948341,0.12978653639329438,0.5702569532923347
As,30,0.34708870645309486,0.13964337536807847,0.12013692417348452,0.6649103382069125
mention,1,0.34654726645397577,0.0,0.34654726645397577,0.34654726645397577
recent,1,0.34649430493425276,0.0,0.34649430493425276,0.34649430493425276
return,7,0.34594731101476794,0.09934884741635573,0.22458293207822586,0.5002156112075823
kills,47,0.3457873325719157,0.1327996237720183,0.14073763947416315,0.7651552187885696
means,30,0.3454943639979521,0.17905760156240136,0.0912475464844661,0.6722517387983195
behind,2,0.34515272014062903,0.031240940186963245,0.3139117799536658,0.3763936603275923
stays,1,0.34416841812783744,0.0,0.34416841812783744,0.34416841812783744
control,1,0.34396360340122695,0.0,0.34396360340122695,0.34396360340122695
element,2,0.3438830450729966,0.0413263549039464,0.3025566901690502,0.385209399976943
fixing,6,0.3431899546592756,0.06831899671799278,0.23275614217733284,0.44237445178869717
opposite,1,0.3431888994999892,0.0,0.3431888994999892,0.3431888994999892
involved,5,0.34313997435755145,0.10359364962563133,0.17105351575453498,0.4767355083799049
KE,104,0.34266986129127047,0.07821562521414513,0.16940592983380376,0.4919266532626759
run,5,0.3421318863204215,0.09403244465701537,0.2299870709977583,0.46749817310278435
likelihood,2,0.3418531173575924,0.19168983330981082,0.1501632840477816,0.5335429506674032
will,582,0.34148408274082903,0.13936049894971395,0.08735403318420226,0.8822009486143939
building,1,0.34095839154137936,0.0,0.34095839154137936,0.34095839154137936
Therefore,52,0.3408179737036758,0.121868071419097,0.14372325868512154,0.5842815703959774
indicates,9,0.3407069010371569,0.12706206658986546,0.17214887618593575,0.5460012497866881
Both,4,0.3400456953129062,0.06433439952662075,0.24646157521476256,0.41924429332215485
turning,1,0.34001522909929094,0.0,0.34001522909929094,0.34001522909929094
Course,46,0.33993411147421815,0.10173771147937133,0.12744962786390412,0.5461850491124627
To,33,0.33933681928442955,0.11245539574670906,0.14975682381621055,0.6384588958421088
yours,1,0.33926801004631535,0.0,0.33926801004631535,0.33926801004631535
facade,3,0.3392259286136204,0.12592792216403825,0.1614940600800101,0.43785401179814454
shared,52,0.33840563667388157,0.20010451042450278,0.11324395229863943,0.8087041427399917
clarified,2,0.3382365531930389,0.2325365641892391,0.10569998900379982,0.570773117382278
indicating,9,0.33812452676496396,0.1976463322368931,0.18462198069697486,0.8681604486096807
purpose,3,0.337656518223852,0.3638378348094399,0.07981650825887018,0.8522005006820381
Were,2,0.33745077841373483,0.024631068391948976,0.3128197100217859,0.36208184680568384
setting,18,0.3372417778784971,0.1533149985468695,0.12211829255699565,0.5467849343961999
some,160,0.3369432289109261,0.13697896091661865,0.08190959701092228,0.9017394836470796
players,3412,0.3365084128177886,0.1676281861418641,0.03736968643790908,0.9653453707825529
bage,303,0.3355914842246378,0.09904542219159801,0.09248034181839825,0.6749259934288888
occur,1,0.3353634381820668,0.0,0.3353634381820668,0.3353634381820668
from,1546,0.33520438998937563,0.12292178366632792,0.06353303236802585,0.9346474432858609
enters,4,0.3350683791162881,0.08758772541433792,0.18919250961989986,0.42231531920822485
tell,10,0.3348962469016904,0.09285547960632855,0.17600925216373725,0.44320246212848113
10,1,0.3344594199945622,0.0,0.3344594199945622,0.3344594199945622
they,222,0.3343794623604287,0.14485860144022536,0.07257916221570085,0.7562808464442032
mission,4,0.334289740624823,0.07620187240197589,0.2583719747148089,0.419617362657957
respond,36,0.33420979251651306,0.153072994608651,0.12183973812618028,0.7279553179351729
outdated,1,0.33417610359414723,0.0,0.33417610359414723,0.33417610359414723
catch,38,0.3338927237102234,0.059167025007692046,0.23410828125348743,0.5155818308822095
has,901,0.33310809520173457,0.22985261594916268,0.05720553628404373,0.9412491062255683
thought,4,0.33295347692644733,0.1194644074196157,0.15089774673475373,0.46499313429164624
achieved,1,0.33290811629513944,0.0,0.33290811629513944,0.33290811629513944
complicated,1,0.33290564879566154,0.0,0.33290564879566154,0.33290564879566154
choice,45,0.3327106237184986,0.1568917869526642,0.07222190328444299,0.6420772306233128
act,66,0.33120627699282174,0.0966877113035647,0.13907415799869027,0.5952160335954382
freeing,4,0.33087422890027596,0.04629964990363743,0.28415432263742524,0.38524230004679577
tasks,3956,0.33064509957128496,0.1571311254158869,0.047711732171549046,0.9472338337055496
room,1293,0.33042193555300503,0.1275739478512387,0.06602550937376954,0.8509762234350821
promptly,2,0.3298501175951176,0.04983427062201304,0.28001584697310455,0.37968438821713063
Data,451,0.3293262369394338,0.11368787773210293,0.07449667475240479,0.6462087389564205
was,126,0.32916010719807354,0.18551986320959446,0.07759439095999283,0.8287495903925716
who,236,0.3290280829785042,0.16790552578114706,0.051686649385810475,0.8383970220706525
left,14,0.3289004486461954,0.11208383048981316,0.13588509838449872,0.5104631406552981
front,37,0.32832786759158317,0.094440657919555,0.12141872988207608,0.4747109296519825
finishing,6,0.32805860285864125,0.1143848408365973,0.1670678437376425,0.4728163807150055
previously,11,0.32796616137598816,0.238256092487223,0.09426634990049486,0.768660902130793
comment,2,0.3276274174508723,0.01860035243394395,0.3090270650169284,0.3462277698848163
sets,4,0.32757877287306114,0.07262669393329005,0.22250160143644274,0.423623092055523
throw,3,0.32718981560388444,0.024291942922352552,0.292839828582795,0.3448192650006181
like,524,0.3270228888151949,0.16437619068118398,0.04665968645326936,0.6992623655303934
suggested,22,0.32612190323249524,0.1595367074505907,0.1272547067322128,0.8536099403973579
empty,5,0.325883122345681,0.2703214526885431,0.05015065585600653,0.7363463126554607
step,582,0.3255317871258932,0.12437905380568348,0.06554673107437177,0.7822913931991649
-like,1,0.32494630709560873,0.0,0.32494630709560873,0.32494630709560873
advantageous,6,0.3244204172445074,0.13842859658079323,0.1563501338666823,0.5897183711737954
doing,574,0.3243626894183674,0.11249184636502735,0.04372975727191529,0.6904405001470879
Initial,1,0.3241558158542458,0.0,0.3241558158542458,0.3241558158542458
looking,18,0.32301840755019173,0.0846880057510277,0.23813905751313447,0.6149016177850813
obvious,2,0.32264015085553155,0.0073025224008022305,0.3153376284547293,0.32994267325633375
both,141,0.3221399297968974,0.11652050391635276,0.025945440954749172,0.696632026485281
so,226,0.32182934289083637,0.1864993526736423,0.04788859097526081,0.9191392942485895
identities,5,0.3217858508105011,0.03786824948834345,0.26987258300624506,0.3797760789061655
do,60,0.32164536338704575,0.20091327561200362,0.03831288701024587,0.8397614239198629
This,494,0.321198847800731,0.1344191728027946,0.06686405535335582,0.8431519980566062
following,25,0.3211460650577014,0.1143238684691134,0.14080541744343217,0.6463196257357049
intend,1,0.3210943046161346,0.0,0.3210943046161346,0.3210943046161346
guaranteed,1,0.3210018120181342,0.0,0.3210018120181342,0.3210018120181342
because,102,0.320999288218688,0.15679113850810658,0.05512617460950647,0.7200962733629991
dead,79,0.32087300513217776,0.11275811301005946,0.1137893203053986,0.6239431393109217
.,13387,0.32030914835097635,0.2026014768953665,0.021267462369509424,0.9634930324170297
this,821,0.32023942891105306,0.17491689470002497,0.030824118954312963,0.9564229422652546
aside,6,0.32020289199344903,0.1964971933848776,0.1290301542021238,0.6327463178575453
win,47,0.31992181607876036,0.07881949768578202,0.10691138626017586,0.6174327240659928
meet,3,0.3198791882557983,0.13137657079780063,0.18276567016357292,0.4970159519029609
meeting,615,0.3194995633353369,0.1308035118681254,0.09203551685196779,0.849994307677197
give,260,0.3194574476685107,0.14019878138654143,0.09326247129592175,0.6755290021731779
feel,1,0.31846179826701865,0.0,0.31846179826701865,0.31846179826701865
configuration,6,0.3179070302005303,0.1284361547035333,0.20286781845162188,0.5293578445344668
my,3458,0.31760974744500936,0.15916570889937562,0.04796249485693807,0.8599325065655803
happening,2,0.317201625756416,0.16648991335120925,0.1507117124052067,0.4836915391076252
aware,28,0.3166866108011272,0.17995275210020795,0.0291399820960736,0.7351754939018322
found,15,0.3166185996962099,0.16329118598252157,0.10227540596929066,0.6810266698246256
DEAD,1,0.31597360036300043,0.0,0.31597360036300043,0.31597360036300043
key,37,0.315631063553867,0.11952478450402322,0.07468540476826081,0.57909284933811
except,202,0.31535337728677204,0.12988414106111223,0.13330892512637704,0.901820454308338
reduces,25,0.3149811727561075,0.12487228941851469,0.16277264029190955,0.6653306256125464
Steering,42,0.3143059253770983,0.09515351480591579,0.16751200930074409,0.5990362973430249
briefly,2,0.3122771242587023,0.05480894713857415,0.25746817712012815,0.36708607139727645
voting,13,0.3120495444812707,0.06892423088850838,0.2349485550022019,0.43715793555907156
fake,384,0.31171592136135945,0.09369662556669135,0.1082250730550248,0.6161592664003042
chute,2,0.31154603237655687,0.0,0.31154603237655687,0.31154603237655687
victory,1,0.3113890062937365,0.0,0.3113890062937365,0.3113890062937365
full,5,0.3112096583657856,0.07977938761797868,0.18650591790468846,0.40661609035526713
jection,70,0.31075521772319786,0.041019234440090716,0.22368802269828036,0.40034711318566363
ated,4,0.31055700847224366,0.10909725230490547,0.21483565843940822,0.4879387236596339
player,287,0.31051271427111454,0.1584566167406473,0.0697966104915373,0.8190533920702215
imestep,67,0.30964272096013074,0.05801246192969695,0.12012538709527278,0.45093638918112966
viewing,2,0.30925279776665837,0.017025333515600122,0.2922274642510583,0.3262781312822585
several,122,0.30772102120134914,0.13732039701720114,0.07818197065182661,0.7713480169576288
game,1086,0.3064727034255145,0.1649692396972958,0.07454078809808108,0.8869686424451195
strong,7,0.3063590862594689,0.10285089761798737,0.0930798842005872,0.4152510054222398
ation,1,0.30622127759956413,0.0,0.30622127759956413,0.30622127759956413
is,3622,0.3052358201134853,0.1758123583847585,0.039806855161314526,0.9614881008914903
connections,6,0.3043765867943099,0.04946464650719157,0.23443405949984109,0.36609733598826294
speaking,1,0.304222777842686,0.0,0.304222777842686,0.304222777842686
in,7373,0.3041900115575922,0.1690808378293787,0.0341382561950168,0.9390815564875246
roles,8,0.30352788179702117,0.13968870529549557,0.12405995246877076,0.5326052766575702
rather,6,0.30296130748936073,0.21833149947925357,0.056779616678792805,0.6780694497336864
which,960,0.3017996574339507,0.18010051219954512,0.01903474106602105,0.7992591765049802
proposal,1,0.3016718982840048,0.0,0.3016718982840048,0.3016718982840048
helped,1,0.301189712134919,0.0,0.301189712134919,0.301189712134919
include,71,0.3011429791960352,0.09446183718178261,0.13902235012671899,0.5474472279180443
description,1,0.30085595034856394,0.0,0.30085595034856394,0.30085595034856394
've,239,0.30021375835761427,0.16419325639929733,0.04381573936055407,0.7657572393378382
gets,5,0.2999961600189394,0.07929456613438632,0.22731719808734466,0.4527757073064015
self,7,0.2993803308916152,0.08598964278033179,0.12800557728884854,0.3971420703468461
bay,889,0.2993087951433163,0.16005511994643268,0.056654447463423,0.74421402464495
Scan,71,0.2993013324117722,0.09097846925897166,0.11442932087146528,0.581273493875942
seeing,2,0.29920270858102704,0.05274542264237811,0.24645728593864896,0.3519481312234052
ejected,67,0.29915516428941225,0.057090768388357714,0.20649343561905187,0.4413126730847503
camera,1,0.29890719384401343,0.0,0.29890719384401343,0.29890719384401343
",",14776,0.29887059417135275,0.21877974464113467,0.006204542992466008,0.9869984536240828
Using,3,0.29876675827983207,0.03879511916727488,0.26673977873644106,0.35335869206888
actually,7,0.29871898740534364,0.24345556570000365,0.046331361726990566,0.770482420736106
Communications,112,0.2980465337167989,0.10430934005995211,0.13198580883406527,0.6174657522303517
crucial,323,0.2979453732440125,0.14455028549210458,0.09049217268695268,0.7995569846008097
returned,1,0.297713662357408,0.0,0.297713662357408,0.297713662357408
proposing,1,0.29702347870610635,0.0,0.29702347870610635,0.29702347870610635
appearance,1,0.2964758735078953,0.0,0.2964758735078953,0.2964758735078953
Hi,2,0.29449081786154063,0.005677726573142444,0.2888130912883982,0.3001685444346831
Reporting,1,0.29419755620045934,0.0,0.29419755620045934,0.29419755620045934
complet,2,0.29402236838423496,0.16866673767130813,0.12535563071292682,0.4626891060555431
go,48,0.293869418794187,0.14504687137752498,0.0686642378002781,0.8615808694326537
once,5,0.2936800961552756,0.16111459966406105,0.09572834204435325,0.5283226335974519
force,2,0.29346697913604125,0.014524141976602623,0.27894283715943863,0.3079911211126439
popular,1,0.2933796741749075,0.0,0.2933796741749075,0.2933796741749075
Navigation,758,0.2932447947570885,0.11408064577799876,0.07677925916131614,0.7165318731079129
reports,3,0.29262641202938483,0.0408620242332462,0.23944704656947183,0.3387998598115053
then,257,0.2924627444632411,0.0919727204391999,0.10375376853558432,0.5650746601396053
we,446,0.2923957636909588,0.21149451419254356,0.043402621426382584,0.9112274228347047
decides,4,0.2922257499334441,0.1007864869556811,0.12548675313888558,0.38984913221368134
kill,524,0.2913093229607991,0.12060071475751363,0.07386133893145203,0.9326312253987159
Nonetheless,3,0.2907678260590184,0.04548758353625229,0.23319120944426666,0.34440327300145074
fulfill,4,0.2906384387884273,0.012528535369413521,0.27687894533609714,0.30747217805843585
steering,1,0.2902505969470694,0.0,0.2902505969470694,0.2902505969470694
worry,1,0.29002816986462865,0.0,0.29002816986462865,0.29002816986462865
noted,13,0.28987149110674665,0.2505302243711856,0.12647675394856892,0.8878504221651256
crimes,1,0.2894369510751465,0.0,0.2894369510751465,0.2894369510751465
serve,9,0.2876296672497583,0.17853351548376906,0.09830668006008099,0.6499827030821486
reactor,3,0.2873814561305856,0.016902599822562737,0.263517381567316,0.3005077630934819
real,2,0.28727605461124517,0.05502259364759779,0.23225346096364735,0.34229864825884293
shown,4,0.2872543029170195,0.09332378685681778,0.12869948133082823,0.3658495028576649
accessed,4,0.28710427866188853,0.08096979337441974,0.17853750145048786,0.3903167888569511
Still,1,0.28670816381565484,0.0,0.28670816381565484,0.28670816381565484
inevitable,1,0.2863414685241726,0.0,0.2863414685241726,0.2863414685241726
arise,1,0.2860675772651837,0.0,0.2860675772651837,0.2860675772651837
explaining,2,0.2855821878071447,0.009249824656881206,0.27633236315026355,0.29483201246402596
optim,1,0.2855630642760491,0.0,0.2855630642760491,0.2855630642760491
mean,3,0.2851081236783742,0.07571801188643582,0.21966017501783736,0.3912299896551161
accessible,59,0.2850267388232395,0.16401447833325067,0.08027320066432106,0.7588246514379008
units,1,0.2849225726114123,0.0,0.2849225726114123,0.2849225726114123
whereas,1,0.28472731923399913,0.0,0.28472731923399913,0.28472731923399913
did,12,0.2844283928593099,0.17576937112629953,0.03865484399755994,0.5495711705159332
Shields,136,0.28407605485533693,0.11871981886736863,0.08158984923751501,0.5775260437784914
rest,1,0.2840095975189037,0.0,0.2840095975189037,0.2840095975189037
est,1,0.28374130928779756,0.0,0.28374130928779756,0.28374130928779756
finally,10,0.28373529201832703,0.0814622295760781,0.1654480609882596,0.4297599904839268
longest,1,0.2826257728050582,0.0,0.2826257728050582,0.2826257728050582
wiring,82,0.2825899285572264,0.10961628220800411,0.138796101761405,0.6547393871565722
utor,62,0.2823941464675171,0.08945902781956647,0.06127583324299826,0.5126343339316393
completed,887,0.28238616319583143,0.18891796013688694,0.023684657801693196,0.9303476996532019
memory,3,0.2820166317755877,0.018358914975996368,0.2573328446889027,0.3013304425543969
optimizing,1,0.281633279804999,0.0,0.281633279804999,0.281633279804999
deal,1,0.2810635966126154,0.0,0.2810635966126154,0.2810635966126154
implying,5,0.2809247565880248,0.038093400818267883,0.23179455319099238,0.34091501427167265
olds,30,0.2808911996404964,0.09000321022335503,0.10549591635865574,0.45032207139612024
Memory,1694,0.28088602315578765,0.0007192768328450669,0.2808157871048001,0.28825202900311214
single,14,0.2808820172708404,0.06731600926355688,0.16508205853421504,0.4310709898658519
crowd,1,0.2801781008150516,0.0,0.2801781008150516,0.2801781008150516
none,1,0.28002674861290955,0.0,0.28002674861290955,0.28002674861290955
done,34,0.279999091160673,0.18144012725087974,0.019483669586015575,0.7813482207247358
adjacent,1,0.2794657210102016,0.0,0.2794657210102016,0.2794657210102016
keeps,22,0.2791354637428599,0.09004167898707388,0.11821479404482982,0.42177050562727314
-connected,7,0.27873234316142553,0.051659510001026025,0.19451967527487374,0.3639813686025183
specifically,7,0.2786614983529316,0.12946639778280386,0.12232649110625274,0.4642010064409041
happy,1,0.27811991003454234,0.0,0.27811991003454234,0.27811991003454234
requiring,10,0.27771074239382,0.0338528908291026,0.2035234388728789,0.33993459230310846
killed,179,0.27759461237716365,0.13022414889912629,0.0676002516259273,0.6975583380460851
often,1,0.27739901277916756,0.0,0.27739901277916756,0.27739901277916756
giving,13,0.27736683582495153,0.08852929823793565,0.12359732185331788,0.46823725963038976
fellow,14,0.27625329158020534,0.14601188006392288,0.13213763530633021,0.6856989993103291
pass,2,0.27583645835119386,0.029752749634298803,0.24608370871689506,0.30558920798549266
timed,3,0.275679529571682,0.07018762411038428,0.18427703461587724,0.3549015438111228
alive,1,0.275350484890896,0.0,0.275350484890896,0.275350484890896
lon,1,0.2752353549552147,0.0,0.2752353549552147,0.2752353549552147
button,97,0.2748128466202479,0.07448001045408285,0.15948352006989158,0.4756107104585826
spreads,1,0.27468187834215674,0.0,0.27468187834215674,0.27468187834215674
respective,18,0.2740318700131052,0.10024171144356595,0.10104281242050031,0.44522559528554617
a,4661,0.2733245190988433,0.14764851270476814,0.02211987986467184,0.89689311833139
ging,1,0.27281172743880117,0.0,0.27281172743880117,0.27281172743880117
mix,1,0.2726160218768341,0.0,0.2726160218768341,0.2726160218768341
mentioned,14,0.27249164888188365,0.14037649798210008,0.10624665935601117,0.6723105562568962
performing,1,0.27227758454642903,0.0,0.27227758454642903,0.27227758454642903
essential,67,0.2721924920192151,0.09990730172635569,0.1387601079026936,0.6231274821560538
meant,1,0.2716688326626443,0.0,0.2716688326626443,0.2716688326626443
accordingly,2,0.27114530454771374,0.052986531089854016,0.21815877345785972,0.32413183563756776
purple,250,0.2710037909173666,0.12858122566254668,0.04604889315767566,0.8801374912846756
Empty,473,0.2706559335195346,0.08338047764048503,0.04827744542347603,0.5558769588626676
unnecessarily,5,0.2697712839276144,0.14489926553294163,0.12476469861713421,0.5092397960225576
dispers,2,0.2695317303130771,0.1388226533541491,0.13070907695892803,0.4083543836672262
Download,382,0.26776947862487727,0.09040981224539972,0.05062709560024478,0.5646517773562845
ETING,16,0.26746893809715866,0.05216905778784903,0.19144212002701325,0.3734652299361158
term,1,0.26655612900175485,0.0,0.26655612900175485,0.26655612900175485
task,4318,0.266145573812079,0.1353429119537823,0.027011920327792444,0.8672110966143588
already,1117,0.265970297952743,0.09766912047654897,0.0464181179760829,0.6492766098376238
visiting,1,0.2657238511079848,0.0,0.2657238511079848,0.2657238511079848
phase,424,0.2655470804928177,0.15583517747169112,0.09255515719960397,0.8982144094506557
via,22,0.26526868408004445,0.09135072309532045,0.11205743714161605,0.4146010943424224
Upload,69,0.26482952858143655,0.09514214487628588,0.07000266307259963,0.5480878825390031
using,83,0.26480576841764863,0.1270207912064061,0.08313725658435372,0.6918008137289707
""".",24,0.2645730663959662,0.12760517283675418,0.050320104859301384,0.4573433780149258
discovering,1,0.2642373596190209,0.0,0.2642373596190209,0.2642373596190209
passing,1,0.26402295730013053,0.0,0.26402295730013053,0.26402295730013053
let,9,0.26390817147205425,0.1283143941603161,0.12524499090939906,0.5598076601124864
implic,2,0.26368714749743905,0.15748932629762175,0.10619782119981731,0.4211764737950608
pay,3,0.2634420549265473,0.1252392699851815,0.1158384803434222,0.42202120179803926
3,1068,0.26325942244596956,0.1271214986088805,0.029682334468098464,0.7405990261892977
accounted,5,0.2618016135902318,0.0828931294574172,0.1268006711473867,0.38849036966001843
worth,9,0.2616976064321426,0.18446883123373958,0.07489905472046958,0.6790627521573437
download,4,0.26116156431434806,0.03200899738798898,0.23591624461778674,0.3155867320304497
MOVE,942,0.26048628938410784,0.03911906437894173,0.13513741240420848,0.4024132183468424
correct,6,0.26019275353996396,0.032636394168652015,0.2273884362161849,0.3051463076099384
exiting,1,0.26011739028403785,0.0,0.26011739028403785,0.26011739028403785
blue,371,0.2596568880138543,0.11384025058774688,0.06249214490347869,0.7170101343508336
s,56,0.2592706007007461,0.07499705682066271,0.13470857988706633,0.49921640086603913
agree,7,0.25893529213694894,0.09287774709725596,0.10546321075921467,0.3574528198797852
contributes,5,0.2587238475415571,0.04481297184981089,0.21321861603951633,0.3289728280376898
engaged,15,0.25853830098342695,0.08467500490633162,0.10326739141988307,0.4469976363443922
would,838,0.2582148968179048,0.15845073507258323,0.030020328024233756,0.8743091371317813
last,1,0.2578863795012384,0.0,0.2578863795012384,0.2578863795012384
Let,15,0.2575889412539479,0.03555203017482845,0.19322853707663137,0.32912609709698915
followed,12,0.25741315376722274,0.16957093720408442,0.06933342777578297,0.5215395648481959
slightly,1,0.25692417192920586,0.0,0.25692417192920586,0.25692417192920586
destinations,37,0.2568711250050316,0.08694461780747954,0.14054561447075958,0.5754148837612594
having,71,0.25670470963569775,0.13651343978460112,0.06249035796091443,0.6190395715641186
role,9,0.25627647630821304,0.08594827080672705,0.10711598591091497,0.3754390191036361
AK,93,0.2557195698407052,0.0365861612674544,0.17303837297985444,0.350077756777728
).,124,0.25548049399651934,0.10494149602070899,0.04687611690448479,0.6421606320775582
stop,1,0.2549062825065687,0.0,0.2549062825065687,0.2549062825065687
connects,5,0.2548118606838925,0.06747350385489734,0.14751223455863155,0.3562834851608078
ality,1,0.2546405163573528,0.0,0.2546405163573528,0.2546405163573528
Observation,2,0.2545025081423008,0.02375542613231728,0.23074708200998353,0.2782579342746181
present,113,0.25447758059447323,0.1667437371266409,0.07074959779575087,0.8216033402311917
me,1974,0.25432197536847057,0.16797560267092454,0.033068909751727375,0.9205153278078076
mates,646,0.2539440117646229,0.12190842861646886,0.13078241468771035,0.8497347674576357
ifying,1,0.2539198307929501,0.0,0.2539198307929501,0.2539198307929501
including,209,0.25372888088848095,0.12475375025602563,0.029866009257012226,0.7331597101354925
groups,1,0.2535115715199456,0.0,0.2535115715199456,0.2535115715199456
observ,3,0.2530367984648177,0.05129364726960999,0.2062719912757437,0.32444364356319005
killing,326,0.25244910131175724,0.10857693209609341,0.10591424093584517,0.8094392204343706
brings,10,0.2518334835090296,0.07034912446032737,0.15303174570142103,0.36763877596222544
right,22,0.2518047659204295,0.1418589406796965,0.04052577129298553,0.6017339055483036
one,601,0.2517742452142791,0.1484268615613473,0.01647746316991245,0.8401904082406021
afterward,7,0.2514992351627342,0.1121557810510526,0.09739528949607716,0.4698081561524429
Current,3,0.2496911087364904,0.09675317428578283,0.11871932529981923,0.3494780071328505
submit,3,0.24883770902313063,0.053661899910480086,0.18626676230072453,0.317312652973466
at,858,0.2482168525751406,0.15895849894126896,0.014622694118259836,0.856553519127577
emergency,100,0.24811907318879062,0.07828402261230322,0.1501958256642079,0.6628302486625911
eject,30,0.24790875376743748,0.042952048600817146,0.17625124909620118,0.371766823415704
indirectly,5,0.24788967133032402,0.05842226302649089,0.1644584953376835,0.34094613165167603
assignment,4,0.24786127542332717,0.08218483294657163,0.13181180573081602,0.36415742788895333
sole,1,0.24775946965473827,0.0,0.24775946965473827,0.24775946965473827
One,3,0.2474082251114176,0.08851005923191813,0.12242708434315099,0.3158847554898646
manner,1,0.24706807556862165,0.0,0.24706807556862165,0.24706807556862165
diverted,3,0.24701175122846597,0.0712702494646265,0.14622039784187738,0.2974074279217603
going,47,0.24696823590201064,0.0869246393525843,0.10996930688320505,0.4684373988082689
""").",1,0.2469342249178916,0.0,0.2469342249178916,0.2469342249178916
showing,3,0.24623963975934884,0.0616963577825097,0.18726297190883473,0.3314143753674115
VENT,61,0.24622494006036966,0.04475445182175503,0.1668951450579844,0.3631952328271164
worked,2,0.24598160822976256,0.018267823921396795,0.22771378430836578,0.26424943215115937
bring,41,0.24378413993272638,0.09895973847518207,0.1269560414276998,0.6282035219577451
Firstly,1,0.2436730125039651,0.0,0.2436730125039651,0.2436730125039651
spoken,18,0.2432938043483372,0.09732685178813372,0.12143998899241253,0.48292554431682283
branches,1,0.2432359183543311,0.0,0.2432359183543311,0.2432359183543311
ensed,1694,0.24303719423763664,0.006241591520828846,0.17911799436965042,0.2436466740933504
save,5,0.24286515567009817,0.10934215415485292,0.12779199191208812,0.4494021995003327
power,3,0.2423654032631732,0.06640003361825056,0.14846157517821382,0.2893173173056529
ute,170,0.24156311059143876,0.08493926195792764,0.1040701879376027,0.6234253482729323
Currently,67,0.24036968598361363,0.16043087766909186,0.07272518530851768,0.8189288094852214
reaching,1,0.2403225248084772,0.0,0.2403225248084772,0.2403225248084772
2,1465,0.24030965259122386,0.13100117681902962,0.014049208858929654,0.8266293457691982
categorized,1,0.23956931238197646,0.0,0.23956931238197646,0.23956931238197646
initi,1,0.2385047120695375,0.0,0.2385047120695375,0.2385047120695375
ates,1,0.23848229325047443,0.0,0.23848229325047443,0.23848229325047443
proceeded,12,0.2375318280442195,0.04079081346363002,0.17250804791065347,0.33851709288417503
finished,7,0.23731853075778947,0.20020455940923293,0.10392895848450698,0.7015928954181425
assigned,1048,0.23727211905633477,0.08328573295300792,0.07263556717481617,0.635387148965381
Electrical,1056,0.23706285168600635,0.10516771860594308,0.052348639354564276,0.6576455019828915
impost,65,0.236419957869206,0.040380881885436745,0.13624319060267592,0.33382550492609986
disappearing,1,0.23620435879336052,0.0,0.23620435879336052,0.23620435879336052
")"",",2,0.23601649662743984,0.05951999461398229,0.17649650201345754,0.2955364912414221
set,13,0.23528451140376566,0.054770149057470574,0.11488189896907175,0.31724121506277464
ations,5,0.23509391481686953,0.045888031981052374,0.179196318723758,0.3047822500235842
abil,42,0.23503611693868334,0.06998890272247829,0.08772260307352292,0.45578802619562414
ability,15,0.23427651678549857,0.105585183420207,0.06428732361979084,0.4754728071902724
green,303,0.23387218195372173,0.10799027870111198,0.05730002061949608,0.7210172721172379
ields,9,0.23363230029612772,0.06781032601449598,0.14804764570429432,0.3942212990656578
two,321,0.23344492640938946,0.12174148343977441,0.028490164935509772,0.6496863372989473
Sk,57,0.23339667619556873,0.021304607753927264,0.19573614521401056,0.27429110724589323
round,12,0.23324226181290098,0.07176628254423946,0.15925091780855088,0.4179810743234772
4,942,0.23290583559488137,0.12078865661794175,0.016770050518418435,0.8248602279297056
reporting,13,0.23271903064210014,0.03271223263463659,0.16052769227498642,0.28938799634737716
vote,13,0.23170876232321086,0.07849055545776423,0.12299225901908135,0.43436603592258305
red,381,0.2316079184628059,0.10401108619434742,0.05717751892643279,0.8391952442837777
yellow,329,0.2307462899141976,0.11046424425869385,0.05821781745100634,0.8341447316227509
holding,1,0.2307378683176324,0.0,0.2307378683176324,0.2307378683176324
meetings,100,0.22995191223281605,0.07841295480737583,0.12674143712421398,0.5896723734457232
5,850,0.22948205556658952,0.11056154471433823,0.045488237731875686,0.7693513231247016
""",",21,0.22922959779760582,0.11656266285611404,0.0678786670122203,0.43370452781661617
thanks,1,0.22911609501820743,0.0,0.22911609501820743,0.22911609501820743
gives,15,0.2289452065016347,0.057626419934791485,0.13434987392053363,0.31779256704894104
simultaneously,3,0.2284577195784808,0.07122978495021946,0.17272643695573275,0.32899413561394386
call,108,0.22813825472937327,0.10285443415381361,0.0983477429691699,0.656547385900421
characteristic,2,0.22782712530175564,0.018803838958741256,0.2090232863430144,0.2466309642604969
common,228,0.2275319652216853,0.07194235946545771,0.09513571765314778,0.5569268077895267
sense,133,0.22748984748869078,0.07996886520207672,0.06223095020743873,0.48216707219332317
cyan,352,0.2270460535637306,0.12037056972896103,0.06009592638431728,0.842875728917992
six,2,0.22649445030921597,0.07188262046305913,0.15461182984615685,0.2983770707722751
align,78,0.22634988830972141,0.2684570532185748,0.02228337426504448,0.7905503249493807
Unlock,30,0.22590577243945714,0.05196778568484852,0.14649133113038107,0.35026026212220424
Fuel,238,0.2255714602568938,0.0889916875561497,0.05054352428950145,0.5196408835316841
Chart,46,0.22546342728104937,0.08830084194621354,0.07174796988990717,0.5499052905895498
surely,3,0.22540755682294247,0.0322047560710922,0.18463940840584708,0.263375374272879
tie,1,0.22523822538764926,0.0,0.22523822538764926,0.22523822538764926
care,1,0.22487446172917863,0.0,0.22487446172917863,0.22487446172917863
met,3,0.2247954647014485,0.06138949580550911,0.15013381498817896,0.30049598905458325
Weapons,1108,0.2246396938284748,0.09968012787240298,0.042834313237560484,0.6288874077812879
starts,1,0.22454096121053413,0.0,0.22454096121053413,0.22454096121053413
BODY,1,0.22452737905934414,0.0,0.22452737905934414,0.22452737905934414
reached,19,0.22330292509141264,0.09602078412127497,0.08819555755196382,0.48017328285957045
afterwards,3,0.22305274146336576,0.08349529109556209,0.1226348804204203,0.32706116399330215
lay,2,0.2223639170369855,0.03379482065004058,0.1885690963869449,0.2561587376870261
moved,1887,0.22228274022169067,0.09656339681882245,0.03909157339498937,0.7575252951840744
feeling,1,0.22219635971096546,0.0,0.22219635971096546,0.22219635971096546
leads,13,0.22166510701159006,0.07040044289910102,0.08432340780466091,0.31269117614786396
pink,290,0.22161790543172338,0.1381493574900638,0.05673560539049962,0.8894717047402589
back,34,0.22161563756728309,0.05559783380914926,0.11570334684437271,0.3435856412059871
Thinking,1694,0.22145238987353144,0.04357601056407497,0.10433862590546038,0.3952722834859127
identity,155,0.22141534826448706,0.10490959987098049,0.11305910589033896,0.7786656958033334
earlier,16,0.22080635556966083,0.06712468984298028,0.11595225067161362,0.3796925396789939
located,350,0.22065332539194737,0.09383005962417237,0.07168293551913807,0.8083444028921203
al,51,0.22027657377511642,0.1563313226844592,0.07279997863322546,0.7154933282547172
Security,679,0.220228191970547,0.11948616380943222,0.05694703505308417,0.7637723437981061
Clear,109,0.21981586172852274,0.06692498168883507,0.04596915741153305,0.4097826748302812
My,759,0.21956239366096253,0.13197657905707935,0.030838488711882037,0.7347890693438553
favor,1,0.21934314525593843,0.0,0.21934314525593843,0.21934314525593843
makes,142,0.21924826726216895,0.16380203131746487,0.04188521127877777,0.7767911833374318
),454,0.21873770682804053,0.11293006905368465,0.027733225026078587,0.8511912771714654
7,776,0.21856469622542415,0.1096819341879286,0.0455694976281612,0.7451999154025899
four,28,0.21840949174735122,0.11609574704320882,0.049870133611719256,0.4257818075229354
reference,2,0.21826089974949586,0.03488363249363398,0.18337726725586187,0.2531445322431298
the,9744,0.21815552671155575,0.17666923798874806,0.021963556575324866,0.9449018663029531
black,285,0.2179232744471546,0.09973276563382226,0.07519456544654707,0.7839742994482187
Lower,281,0.21784864696167422,0.08199364274239562,0.0354042547417811,0.48485524155523313
three,314,0.2176861415724567,0.08385973236698163,0.08152107715595186,0.5201861440489901
Admin,3174,0.21731932229703868,0.10843637483443704,0.03725237509128493,0.8235236389753503
crew,39,0.2170373284996939,0.1292542372021104,0.0732840791073976,0.6203829948848416
fuel,5,0.21689039437564692,0.04508496456778942,0.16221774357049118,0.27827039503761275
labeled,13,0.21682146317161433,0.05495332506728481,0.11623198887628719,0.35384342414688685
orange,337,0.21679914722055002,0.08905895971527386,0.03618165229949707,0.6812873269539718
off,35,0.21626521749876168,0.18800807053094357,0.047566215702174834,0.6411935888507825
Start,90,0.2156843859560987,0.06904257246426727,0.06873954837851394,0.42593322561933955
indeed,2,0.2143437186068078,0.00398411786971585,0.21035960073709192,0.21832783647652362
convince,1,0.2141010993529702,0.0,0.2141010993529702,0.2141010993529702
feature,4,0.2140315976043532,0.018002276752279032,0.18464393612440594,0.23142331837076227
I,5900,0.21395219980599026,0.13452169092480631,0.029079381964873127,0.9068768759073291
forward,1,0.2128219173962725,0.0,0.2128219173962725,0.2128219173962725
MON,7,0.21267042265103475,0.0704672337130884,0.11385555109425201,0.3024362542531966
Submit,71,0.21265627331540235,0.06690772485708445,0.08431831810776415,0.39808072702709324
Wiring,1801,0.21058090381700706,0.08628744479627287,0.05537019859073186,0.5853985419306258
"""",1342,0.2102093832208007,0.13122010784562768,0.02731148556201999,0.6974169967579981
6,926,0.21014765421965687,0.09337134168883883,0.041201354094220405,0.5922124466389687
They,3,0.20992135317776475,0.10317981584218179,0.09183871090317755,0.34320200884149876
reluctance,1,0.20935611093648887,0.0,0.20935611093648887,0.20935611093648887
brown,341,0.20739938548749162,0.09155297629381359,0.08157349308181133,0.6992363435987692
marked,1,0.20729122014267862,0.0,0.20729122014267862,0.20729122014267862
Fix,1802,0.20658478593508292,0.08212184549431277,0.022098339163621233,0.5135478546589121
-only,1,0.2062324966134682,0.0,0.2062324966134682,0.2062324966134682
Med,889,0.2061806652732825,0.09961980545078553,0.033285494554688065,0.6598701276990283
listed,1,0.20596087936977206,0.0,0.20596087936977206,0.20596087936977206
Output,202,0.20582905265652995,0.07430415005468607,0.025686243756563927,0.5383281150943663
Killing,71,0.20574217016013463,0.09768458024534227,0.09686169754733343,0.5684022236040999
innoc,3,0.2053120447826112,0.006317906331753311,0.19648779409981887,0.21093799076176337
vents,70,0.20496274362520572,0.07692246368076743,0.06287938852546454,0.6189045802236001
it,2342,0.2043869254355377,0.12261155956308731,0.021889646875093288,0.8492078425119994
killer,5,0.20398512673215463,0.054067810728938626,0.10876556337430561,0.2724924899498496
Engine,1333,0.20351823946217118,0.10366963769580576,0.028554553281668477,0.6940042024629568
1,1577,0.20288331355504283,0.1367198390819653,0.025520167711341694,0.6156982720834946
hot,1,0.2022110595562654,0.0,0.2022110595562654,0.2022110595562654
active,3,0.20198028343469798,0.08519913341547763,0.1001990370698833,0.3087168726168193
highly,13,0.20189400963018309,0.09398716890428548,0.09240704882553502,0.4507166047613152
shortly,1,0.20159132592536083,0.0,0.20159132592536083,0.20159132592536083
actor,8,0.20049508516194586,0.033615999899863164,0.14691643827325843,0.24075559410153305
whom,1,0.20038323044812673,0.0,0.20038323044812673,0.20038323044812673
Viewing,9,0.2002625473682487,0.03375273438009281,0.15904245599229822,0.2541321938513214
lime,332,0.20022655770553408,0.08865322588751057,0.0769956176444489,0.8662081960276974
Assigned,2,0.2002209426372978,0.08291481133497061,0.1173061313023272,0.2831357539722684
Engines,238,0.20006791626310855,0.07616230520182245,0.05496752841384897,0.5412069718313348
At,14,0.19904008349998126,0.07698464008807422,0.10576142847523629,0.3824095388235368
connected,54,0.19888876284696816,0.07718334506593533,0.07344757983721988,0.5250902446006446
engines,5,0.19877270795414456,0.02909713712670115,0.14557218939764746,0.2293691508187303
discreet,13,0.1986015844426508,0.2151736769094573,0.038448553272376375,0.7325443309828424
""":",1,0.19783371615660605,0.0,0.19783371615660605,0.19783371615660605
white,306,0.19759718878347274,0.08177915775554334,0.06722194805353855,0.680021653272308
pressure,6,0.1968621463821757,0.029096486432941684,0.15027713185133154,0.220100130075479
an,1465,0.1959907502713828,0.10438194849407838,0.0211729743254809,0.7297127163846152
saves,2,0.19584996926794743,0.042537525940993054,0.15331244332695437,0.23838749520894048
ILL,45,0.19421439158361334,0.03933628576807788,0.10210677444689464,0.259440108467321
decided,2,0.19421003673728804,0.10777702865310333,0.0864330080841847,0.3019870653903914
there,475,0.19413566581483874,0.12789008943974367,0.041261603265541416,0.7602544571444793
foul,4,0.19382948169265568,0.03740249118120488,0.14369446409347328,0.2491503201744629
falls,1,0.19346480031180138,0.0,0.19346480031180138,0.19346480031180138
REPORT,1,0.19285421040499015,0.0,0.19285421040499015,0.19285421040499015
equal,2,0.19274036971325115,0.009988554922882226,0.18275181479036892,0.20272892463613337
Multiple,10,0.1923283346439742,0.10699967719437319,0.05728833325172786,0.3728940075583443
Communic,4,0.19216916130586983,0.06300286890572618,0.12271423680641107,0.29195680514485234
amb,1,0.19076991551624645,0.0,0.19076991551624645,0.19076991551624645
ed,491,0.18994224997595308,0.07720417004352045,0.014880318132319464,0.8148006255501216
In,3,0.1894082960936625,0.06174473115572695,0.12798835070390185,0.27387057543187315
"),",332,0.18917019813142427,0.10559478575800109,0.015313913174375708,0.7115713346153298
swipe,47,0.18884549059602043,0.07942826006528007,0.10223813393320114,0.5330016214296107
",""",115,0.18812469616784852,0.08168166233208322,0.05325467607641509,0.5742040731863083
arrive,1,0.18801401484427221,0.0,0.18801401484427221,0.18801401484427221
VIEW,7,0.18761878051087358,0.029913464094550198,0.13088832589638397,0.22485083248478682
aforementioned,1,0.1875303268727307,0.0,0.1875303268727307,0.1875303268727307
(,911,0.18725845361131338,0.09657291757341707,0.034404976854287235,0.7797449882157734
coinc,1,0.18699264353454226,0.0,0.18699264353454226,0.18699264353454226
exclusive,2,0.18650251012879862,0.015777140144283247,0.17072536998451537,0.20227965027308187
bringing,13,0.18612923536459353,0.036398893715604716,0.12363549784509674,0.2502561431971449
necess,2,0.1860673375924723,0.008080049950116061,0.17798728764235625,0.19414738754258837
scrutin,1,0.18554103255810797,0.0,0.18554103255810797,0.18554103255810797
places,1,0.1851069726638869,0.0,0.1851069726638869,0.1851069726638869
convenience,1,0.1849450140904443,0.0,0.1849450140904443,0.1849450140904443
Orange,2,0.1847109224869285,0.017108664104671545,0.16760225838225695,0.20181958659160004
per,3,0.18367235657575245,0.04009868244109203,0.13550804513191772,0.2336775874937819
correctly,5,0.18353606695455718,0.048805226099137115,0.10796632134517262,0.26146377370994706
Align,202,0.18322759147079087,0.07040678909589355,0.036249101406430805,0.4748418482114302
rical,37,0.18304161646792877,0.04872395456493612,0.09305783551138841,0.28050748622205574
vigil,3,0.18303433686303403,0.01877357799560234,0.1674640945358139,0.20944327373501004
dealing,1,0.18287801186345376,0.0,0.18287801186345376,0.18287801186345376
such,50,0.18263683733243333,0.2022831557559873,0.038360611610367315,0.7132355674786534
lead,145,0.18119160867516046,0.13792708599650644,0.038874440826154204,0.6163660070682807
Player,3603,0.18059375059396796,0.10749260496939401,0.019372927833234275,0.7936102641114854
Power,462,0.18052507860419037,0.06028534075345939,0.048897114337421006,0.45753229630240144
Not,15,0.18005385868904364,0.057323793058285014,0.1016447084455879,0.29846383755128836
calling,112,0.17920684596551043,0.07304671702502906,0.057259685218965205,0.5297062017683711
->,51,0.17888807964882286,0.04534628158339056,0.07790957170043798,0.2654408053163577
preferable,1,0.17833116941296184,0.0,0.17833116941296184,0.17833116941296184
Distrib,62,0.17778420082178656,0.07781475176210839,0.04753526464683218,0.3572995269043989
introduced,1,0.1772081880157287,0.0,0.1772081880157287,0.1772081880157287
TASK,538,0.1772045303683719,0.06013458367935207,0.07644052642769301,0.4352079816927137
connecting,2,0.17714950825514042,0.03629768219311803,0.1408518260620224,0.21344719044825847
Other,228,0.17709533638461286,0.11032881787950706,0.05087160594190257,0.5333924541329471
calls,2,0.17704928428882277,0.00383214897223165,0.17321713531659114,0.18088143326105444
laying,1,0.1761184044363998,0.0,0.1761184044363998,0.1761184044363998
unique,1,0.17567635546391067,0.0,0.17567635546391067,0.17567635546391067
ably,4,0.1750345863977256,0.031988166237059516,0.1417329106382339,0.22743853024360075
Card,420,0.17487819088542164,0.05817399510998614,0.05921432844467375,0.43700532830597894
compared,101,0.17478763623242247,0.08171202040675862,0.03299622849555279,0.41174049811577323
security,14,0.17474569323445283,0.06989244052634459,0.08283823834770178,0.34170149982674575
chosen,4,0.174157477252178,0.11290052325585656,0.07155615951382081,0.36419943079291006
total,1,0.17358733607119795,0.0,0.17358733607119795,0.17358733607119795
respectively,33,0.17350358342542566,0.04830507075406459,0.07491558826797834,0.2760364472522115
Players,908,0.17332160506388208,0.07742729902448237,0.05847913665998641,0.6159404057313675
second,6,0.17312175045197933,0.059702163430544734,0.0877002616872749,0.28783659417479845
does,131,0.17207881066947134,0.13989865670847385,0.03865155881065606,0.608687139070863
joining,1,0.1720439323499515,0.0,0.1720439323499515,0.1720439323499515
ost,1683,0.1717548833073395,0.03598875252873398,0.06727557319458809,0.4331560436812604
goes,15,0.17165709307206667,0.04969397457982484,0.08851205928589252,0.277640844351385
voted,2,0.17149798429839935,0.042230514693818264,0.12926746960458108,0.2137284989922176
distributor,3,0.171437203963798,0.052410624856164156,0.1328847579809813,0.24553670739588096
Cond,1694,0.16876758782775708,0.008722363116927376,0.07944317921634653,0.1696193104366859
claimed,2,0.16847081581746248,0.01436786336604158,0.15410295245142092,0.18283867918350408
Four,2,0.1673872690603018,0.01778732461403601,0.1495999444462658,0.1851745936743378
coming,2,0.16721041648703322,0.014491997377958768,0.15271841910907444,0.18170241386499197
Our,37,0.16687469185587817,0.12473557945422388,0.03509067831941225,0.6484330706878348
Previously,13,0.1667754858801433,0.037932688775393485,0.0710011624299574,0.2065801411882837
Aster,109,0.1667654855557106,0.07984142600414575,0.0361493984466378,0.38079889031526387
votes,3,0.16612454029686888,0.04609034292053281,0.12988858565418965,0.2311647539156052
COMPLETE,538,0.1661196473969709,0.030985680816510312,0.06327509313236529,0.2862918703578958
Another,6,0.16571431009481533,0.020411321378301803,0.13391761538607413,0.19496527334967248
A,25,0.16521270145522637,0.04862981846916989,0.066931903890245,0.3742296277192415
due,30,0.16377095145034845,0.1388487244914642,0.04607256595944489,0.5483987735893336
third,12,0.1637602930143377,0.046273109769728656,0.09273788925291766,0.22736152322756942
Swipe,418,0.16366970986150473,0.08542539119158413,0.03273176283949462,0.472200095582607
The,655,0.16240452672471967,0.12561458413155252,0.038041157296786615,0.7516691698045763
special,6,0.16237290703257412,0.020285023181247055,0.13791155553565274,0.19645937585755718
rushed,1,0.1621588351134444,0.0,0.1621588351134444,0.1621588351134444
Speaking,2,0.1620508401657642,0.04651176458341044,0.11553907558235375,0.20856260474917465
We,138,0.16194007866849913,0.14246534615294268,0.05040354868270192,0.859191480162751
vent,304,0.16184898423930605,0.05901269505220881,0.07116467848016288,0.46911304118517544
inc,2,0.16168698072236048,0.06791793773873277,0.09376904298362772,0.22960491846109327
t,1,0.1607716893646255,0.0,0.1607716893646255,0.1607716893646255
Caf,3094,0.15998677062326758,0.08078287720383187,0.015506063610169216,0.556393864737692
revelation,1,0.15754963153282694,0.0,0.15754963153282694,0.15754963153282694
Some,3,0.15668220088212872,0.0682121471013468,0.06489972785650627,0.22828975035460292
five,46,0.15595955367840944,0.05044023686865723,0.06184937905943152,0.3595591127684536
ENT,16,0.1548594890048272,0.053352052954102384,0.10097064277945939,0.28523573772086885
und,23,0.15415664508501528,0.09125963279450634,0.02328444236699248,0.49961269351566157
well,39,0.1536757606364457,0.07346113669332613,0.05611856639492519,0.38284419431843597
opens,1,0.15327647379512427,0.0,0.15327647379512427,0.15327647379512427
card,57,0.1529103235983314,0.09646284972953811,0.07640617623839127,0.6846755651389196
Upper,849,0.15284895838621831,0.0704062608180241,0.03801267382568657,0.5555146128155208
ibr,2,0.1526641271305956,0.03990132630547136,0.11276280082512424,0.19256545343606696
anyway,3,0.15250594802137848,0.05879463534771668,0.07953241253865401,0.22350881429473196
On,91,0.15243875910298324,0.07127180754902115,0.028699074398503784,0.41175171217482626
en,1,0.150957952604578,0.0,0.150957952604578,0.150957952604578
It,103,0.15045665265586083,0.1065293619237948,0.04461284312199708,0.806134410464077
Observ,6,0.14982393392744367,0.058248595156288656,0.0790077919465726,0.24480499451865326
V,16,0.14927180612111068,0.047576265490154715,0.08030618178644039,0.22307415435292577
C,21,0.14870983895415701,0.06219111512445941,0.06387764023418804,0.2775723312948998
No,1038,0.14758058916768788,0.0893642099900838,0.05792442758863153,0.7866756895202601
classified,2,0.14619537868969845,0.01918226849193337,0.1270131101977651,0.16537764718163184
There,70,0.14594199023413268,0.08287806205968781,0.04044586624252947,0.43422814925489145
pick,3,0.14540281832168625,0.046423647444016475,0.09256416045787212,0.20556810611347165
ED,2,0.14517497339102686,0.017119051526216886,0.12805592186481,0.16229402491724376
Crew,1204,0.14510785783092167,0.0715404928581806,0.02470240782053883,0.5754164700261875
(s,1,0.14477208665541272,0.0,0.14477208665541272,0.14477208665541272
],5082,0.1433976353376415,0.03728064360833819,0.04025687790416493,0.2999573739218254
Imp,1683,0.14316345517913592,0.07591409181383836,0.026178328233134214,0.5851100897140645
ert,462,0.1424294276985939,0.04869498700082901,0.0378195734399236,0.3506356859053433
soon,27,0.1419002815304333,0.1394624656632795,0.04351987195555091,0.5459969251734133
iping,11,0.14071508822591824,0.027316876520419562,0.10948271828483729,0.19910717120862154
Vent,70,0.13983315611269673,0.054837202503321684,0.056313357130429814,0.3253457333101162
enable,1,0.13959588207859316,0.0,0.13959588207859316,0.13959588207859316
Two,16,0.13876048156612966,0.07181639740663205,0.08177568747508647,0.38849694934417345
Then,6,0.13803420085544113,0.03851944746799928,0.08542788868266783,0.19706213912379056
Now,2,0.13669430483667727,0.023238758650143375,0.1134555461865339,0.15993306348682065
CALL,16,0.13585713545101066,0.022701271197048865,0.09015118099797259,0.17828904177139807
Initially,15,0.1356904633195968,0.05259192459007917,0.0653764415442929,0.24780557848414683
explained,1,0.13557167277603116,0.0,0.13557167277603116,0.13557167277603116
went,4,0.13538180909084846,0.04162871645818033,0.06806055768115785,0.17858375379888608
clearly,1,0.13522088125938117,0.0,0.13522088125938117,0.13522088125938117
Moreover,4,0.13498923978167485,0.037567741518291495,0.07274893139622256,0.16602594126119502
prompting,1,0.133847587861621,0.0,0.133847587861621,0.133847587861621
Prime,34,0.13153651259418123,0.051011848061161165,0.06284109536591308,0.29138103725780035
Most,1,0.1309015991765459,0.0,0.1309015991765459,0.1309015991765459
ellow,3,0.13074568539745482,0.029101205106128913,0.08962789301372515,0.1528262813165493
"(""",6,0.13046084269178848,0.05200015198025661,0.0438485433155848,0.20899296809272755
grouping,1,0.13045610710335992,0.0,0.13045610710335992,0.13045610710335992
Calling,133,0.1300785514125733,0.07564343824538947,0.05051473370280954,0.4932250956180454
stating,1,0.12991456341050672,0.0,0.12991456341050672,0.12991456341050672
fulfilling,1,0.12971358371921324,0.0,0.12971358371921324,0.12971358371921324
Furthermore,2,0.12846941675430937,0.023062427701156595,0.10540698905315278,0.15153184445546597
-efficient,1,0.12803198698487495,0.0,0.12803198698487495,0.12803198698487495
Consider,1,0.12785589439374162,0.0,0.12785589439374162,0.12785589439374162
For,63,0.12740453248307668,0.08644908578835378,0.039170206117095534,0.5550386149616958
haven,20,0.12685284953147505,0.12052084057559599,0.05504768335100442,0.624963290605618
conver,1,0.12640188505983266,0.0,0.12640188505983266,0.12640188505983266
"""),",1,0.12590064440601711,0.0,0.12590064440601711,0.12590064440601711
Task,1,0.12449726580339653,0.0,0.12449726580339653,0.12449726580339653
Additionally,663,0.12421863722614253,0.08534265075348482,0.03539572195201154,0.7409794822697952
gone,14,0.12287445482721705,0.05054895553358856,0.047647928498640045,0.225299227901311
end,1,0.12038514278337907,0.0,0.12038514278337907,0.12038514278337907
accompanied,1,0.11930370180917386,0.0,0.11930370180917386,0.11930370180917386
minim,19,0.11807766231528913,0.06852517828429525,0.027157297771813808,0.2994992158368502
result,9,0.11786157789082756,0.0391581197975752,0.06784739587543055,0.20044016619180197
dev,3,0.11758125172078142,0.031695065864065265,0.07622653452243333,0.15323213109079098
took,1,0.11507607504381064,0.0,0.11507607504381064,0.11507607504381064
accepting,2,0.11293517155949352,0.0,0.11293517155949352,0.11293517155949352
itself,1,0.11279644633519233,0.0,0.11279644633519233,0.11279644633519233
S,92,0.11272418424756517,0.045886481508042934,0.05262632548055659,0.32039071308260253
able,17,0.11245161028300375,0.04772045045977827,0.06808437016344333,0.2662255353536679
FA,104,0.11231427540549634,0.03878003419109343,0.031944052842356366,0.25471330671761894
-,585,0.11216888559579148,0.03467966206650474,0.0473750329124234,0.3570968622802041
number,81,0.1111158348768563,0.08619234048212428,0.031032511136776998,0.4101004656130226
React,236,0.11024586228242297,0.06349260531616586,0.030128929130896424,0.44907851222342443
stated,2,0.10987167112637733,0.016985942405891213,0.09288572872048612,0.12685761353226854
An,1,0.10924761210990357,0.0,0.10924761210990357,0.10924761210990357
meaning,3,0.10859887942979325,0.024844754317582565,0.08559458050769941,0.1431009071291868
det,3,0.10820122765754747,0.07428781639603108,0.04876334753477459,0.21294265302979787
:,3831,0.10565836455336455,0.06856413654473706,0.015251103672234317,0.5514010468201105
Sw,2,0.10540520827798198,0.04382008311602968,0.061585125161952296,0.14922529139401167
O,372,0.10521294002522823,0.06506239568275836,0.03214720711124558,0.40655120882198315
along,34,0.10481199266652204,0.08240971090088473,0.0376879967327677,0.45322750401618966
ipe,1,0.10424731271262525,0.0,0.10424731271262525,0.10424731271262525
portion,1,0.10417910262641594,0.0,0.10417910262641594,0.10417910262641594
didn,24,0.10140611775155821,0.04742152176442157,0.03846559534268427,0.26916090910927365
Elect,37,0.10068514776341506,0.04333574995242419,0.029732838020940084,0.1772982336057199
Accept,411,0.1000927961963117,0.038332188673359885,0.015952617642370496,0.3165339952343437
11,1,0.099295900404161,0.0,0.099295900404161,0.099295900404161
serves,1,0.09854112098802767,0.0,0.09854112098802767,0.09854112098802767
SPE,1,0.09752991438416393,0.0,0.09752991438416393,0.09752991438416393
misunderstand,5,0.09739900978634153,0.040528683611294226,0.05707561495639121,0.14954186325153349
Three,2,0.09713195257684896,0.016944594040085206,0.08018735853676376,0.11407654661693417
indicated,1,0.09703925256370645,0.0,0.09703925256370645,0.09703925256370645
eld,57,0.09670378551777867,0.0017412743847935255,0.09352404406578572,0.10335592317993218
f,5,0.09627879369393495,0.0272351869162168,0.0564500668042809,0.13185276924258987
-p,3,0.09617988692401934,0.008476931187714247,0.08531476738213303,0.10599986353716634
e,71,0.095996832311043,0.035825875158588746,0.01434217861803786,0.25985942758842245
T,67,0.09506442873480601,0.043641409103495794,0.03559236741952721,0.23943953823168768
agreed,1,0.09445360419438592,0.0,0.09445360419438592,0.09445360419438592
reass,13,0.09396638016010442,0.06283359648375722,0.040816614824949485,0.29198778817805415
doesn,65,0.09359960518621809,0.030430559934707172,0.04854919925604317,0.20311331815051442
Several,1,0.09277126415361263,0.0,0.09277126415361263,0.09277126415361263
""")",2,0.09163277733947638,0.04123008497258881,0.05040269236688757,0.13286286231206518
mim,2,0.09124151973360028,0.011031708044364437,0.08020981168923585,0.10227322777796473
af,21,0.0903085321286281,0.04257020215604906,0.038785957494210356,0.23568186982887926
maxim,6,0.08997025605462998,0.01201986379104787,0.0691351651613812,0.10673828963609855
Ins,96,0.08988839335349667,0.04668402518545325,0.039711710340715536,0.2681380048051139
ME,16,0.08723278371530496,0.048104248741759684,0.03269502927391365,0.18440225618118528
isol,22,0.08722042263712099,0.050637702429066435,0.03956928320992093,0.24986926000390086
So,4,0.08710930400977245,0.005907485631140218,0.08053202161169745,0.09487188666756245
alongside,1,0.08679182821724703,0.0,0.08679182821724703,0.08679182821724703
Sh,9,0.08596437828954365,0.03703076506848427,0.04235708357617738,0.139900704204521
K,45,0.08563699755851763,0.025761297051949825,0.043390865095599786,0.1465328516971239
sw,10,0.08548098246335442,0.033369916268860704,0.04958856516898717,0.15261372457667594
v,1,0.08408993027140144,0.0,0.08408993027140144,0.08408993027140144
However,601,0.08394122649723867,0.03229514195934724,0.03489354280024871,0.4365933983028826
uen,1,0.08302652817174862,0.0,0.08302652817174862,0.08302652817174862
h,3,0.08218161520243034,0.02156000773987579,0.06348313407569617,0.11238813275202289
don,98,0.08138996906266892,0.03096984670170982,0.03650977976613794,0.19092754473266432
Gar,303,0.08131378991775266,0.05432277632230753,0.03164716388509312,0.36033599303373226
instantly,1,0.08128677777827376,0.0,0.08128677777827376,0.08128677777827376
layer,1,0.07988756466646461,0.0,0.07988756466646461,0.07988756466646461
Comple,252,0.07971899652341463,0.056550965881233775,0.020132481652167845,0.41826792704798527
couple,1,0.0796523162289387,0.0,0.0796523162289387,0.0796523162289387
PE,92,0.07822593554682229,0.013891212723294515,0.05095841623996181,0.11598609135981529
lot,2,0.07804654272928048,0.012593237522889641,0.06545330520639084,0.09063978025217012
degree,2,0.0771220202594001,0.005229354128399137,0.07189266613100097,0.08235137438779924
shouldn,1,0.07684423264610378,0.0,0.07684423264610378,0.07684423264610378
Cal,62,0.07630733252211065,0.04743170169158799,0.029523044193828982,0.2790371804523062
won,2,0.07557767339768183,0.013328841775532178,0.06224883162214965,0.088906515173214
part,50,0.07494876555953946,0.041641459632759184,0.03753588866356848,0.32434844110110866
mitig,1,0.07446725205200083,0.0,0.07446725205200083,0.07446725205200083
amount,39,0.07427561787270391,0.0328907488527123,0.03860851445709461,0.20685253411886434
trans,2,0.07388608543491562,0.005852006175971286,0.06803407925894434,0.07973809161088691
St,42,0.07335345199587068,0.039630073734914784,0.03779965695181303,0.219906346448493
level,13,0.06907842550172151,0.03898779587502628,0.0358009385908228,0.18682860246058478
addition,1,0.06843389160759021,0.0,0.06843389160759021,0.06843389160759021
et,23,0.06663913618966989,0.019093379941458415,0.041247825799224966,0.1256444849958172
arou,13,0.06622312869157772,0.018965591540557835,0.027157032083902168,0.0987594821507374
parts,80,0.06593071045791,0.016538989790225538,0.03255946572838174,0.12373010231875424
hasn,1,0.06582556593127145,0.0,0.06582556593127145,0.06582556593127145
Re,8,0.06498081924457647,0.009811501163418248,0.04654642450307039,0.08131177438688378
Man,30,0.0647803944732558,0.035892720034753245,0.023077400007995325,0.17591874136058455
Ch,170,0.06268121540510875,0.027561545060466743,0.02984207434278945,0.23017729114054591
ga,1,0.06235871827317966,0.0,0.06235871827317966,0.06235871827317966
terms,14,0.06058093456143536,0.01081176175428717,0.038504645049238215,0.07598616419554936
arous,124,0.05985221906116796,0.01884928429751634,0.027239863601195884,0.12847013599136337
comp,2,0.05968622033504885,0.007548310826150817,0.05213790950889803,0.06723453116119966
rid,1,0.05650691257580942,0.0,0.05650691257580942,0.05650691257580942
Div,462,0.056031897562857993,0.02935346719487323,0.021700050574547127,0.27512175632273256
isn,2,0.05526780465558989,0.0036861585107424814,0.05158164614484741,0.05895396316633237
-s,1,0.05489531003344825,0.0,0.05489531003344825,0.05489531003344825
congreg,3,0.054381956746198314,0.02216152292531127,0.032976569597312815,0.08491030789632796
ded,1,0.05008529214030397,0.0,0.05008529214030397,0.05008529214030397
opport,8,0.04760121400143934,0.017386021428942314,0.031844502671220035,0.08803443729373553
Specifically,1,0.043769410862130737,0.0,0.043769410862130737,0.043769410862130737
cal,3,0.04369488318504039,0.014387440262126076,0.029154618996198853,0.06329113364386886
wis,1,0.04368607311521907,0.0,0.04368607311521907,0.04368607311521907
ug,1,0.04248412325770614,0.0,0.04248412325770614,0.04248412325770614
clar,1,0.039874906065818824,0.0,0.039874906065818824,0.039874906065818824
conven,2,0.03984759027402192,0.0037430021037887437,0.036104588170233175,0.04359059237781066
according,1,0.035962426944584756,0.0,0.035962426944584756,0.035962426944584756
