token,count,mean,std,min,max
Hey,2,0.9979798584593143,6.230248192540255e-05,0.9979175559773888,0.9980421609412397
Hi,2,0.9975857806252924,0.00026940577339368277,0.9973163748518987,0.9978551863986861
thanks,1,0.9965525641699011,0.0,0.9965525641699011,0.9965525641699011
happy,1,0.9955943657255341,0.0,0.9955943657255341,0.9955943657255341
Hello,23,0.9944801249034626,0.0014335218723491047,0.9915707131395363,0.9969171399780227
ideas,1,0.9940126426804703,0.0,0.9940126426804703,0.9940126426804703
...,1,0.9936855414328706,0.0,0.9936855414328706,0.9936855414328706
Was,1,0.9934185929277641,0.0,0.9934185929277641,0.9934185929277641
add,1,0.9931599810811947,0.0,0.9931599810811947,0.9931599810811947
job,2,0.9922098584137751,0.001286226058710871,0.9909236323550642,0.9934960844724859
uous,3,0.9909458090394107,0.002081485441823105,0.9880565718240334,0.992878386356153
statements,7,0.9891950754011587,0.01237754826291156,0.9590919504677301,0.996389899541533
idental,1,0.9886474564727873,0.0,0.9886474564727873,0.9886474564727873
deflect,28,0.9876577586374528,0.018225694128247667,0.8971764761837008,0.9981075097534889
Maybe,2,0.9870633213077129,0.0017171805030924414,0.9853461408046205,0.9887805018108053
speak,10,0.9863156101759042,0.01098856011596779,0.9621212578222375,0.9977521407817673
mention,1,0.9859419592188865,0.0,0.9859419592188865,0.9859419592188865
tell,10,0.9856544839418662,0.009965853147765486,0.963979289663543,0.9950995085875359
listen,1,0.9855249249598428,0.0,0.9855249249598428,0.9855249249598428
shift,3,0.9848755646146778,0.0028913536993878837,0.9821311265481164,0.9888728425228321
contradict,1,0.9846674784743691,0.0,0.9846674784743691,0.9846674784743691
curious,1,0.9843166863597699,0.0,0.9843166863597699,0.9843166863597699
Has,15,0.9840954607885162,0.011414499877859948,0.9579982847889411,0.9938145610979101
S,92,0.9840831330872026,0.008510302302747333,0.9534911434729357,0.9983182432497034
coinc,1,0.9838053672457058,0.0,0.9838053672457058,0.9838053672457058
Can,32,0.9836543553809245,0.006413048255779729,0.9697253293838322,0.9951907965718617
speech,1,0.9832439251366174,0.0,0.9832439251366174,0.9832439251366174
vag,1,0.9831943500969541,0.0,0.9831943500969541,0.9831943500969541
notices,1,0.9829904122949362,0.0,0.9829904122949362,0.9829904122949362
'd,35,0.9823625259181294,0.012105152913646508,0.9515022045501714,0.9960636358807763
agree,7,0.9822320783571933,0.01863195695183283,0.9414887460215632,0.9971561135983275
questions,55,0.9816063892449146,0.009941439360176793,0.9575605314934778,0.9973769323867244
great,1,0.9814060090247835,0.0,0.9814060090247835,0.9814060090247835
agreed,1,0.9809996856904453,0.0,0.9809996856904453,0.9809996856904453
steering,1,0.9801897568514565,0.0,0.9801897568514565,0.9801897568514565
neutral,1,0.979883043696776,0.0,0.979883043696776,0.979883043696776
Did,4,0.979573863307326,0.01641241860437653,0.9523670323620349,0.9938797003305416
yours,1,0.979145274248278,0.0,0.979145274248278,0.979145274248278
innocent,7,0.979042388773247,0.02074750255018035,0.9331052767081612,0.9954633997955602
Reporting,1,0.978955469431447,0.0,0.978955469431447,0.978955469431447
pretend,26,0.9786813990156327,0.014831060214097741,0.9279273969343725,0.9958302546281033
ordinary,2,0.9784126050280704,0.014796325467988647,0.9636162795600818,0.9932089304960591
cooperative,14,0.9783006510346982,0.022799100777268603,0.9017107073632992,0.9926204720565187
Regarding,2,0.9781967690091449,0.002995967891573803,0.9752008011175711,0.9811927369007187
maybe,2,0.9778612627086065,0.0032914153135480406,0.9745698473950585,0.9811526780221546
Does,10,0.9774982368875653,0.012470512732822176,0.9526028856284096,0.9925511649252096
blame,2,0.9774703075551672,0.007061291562769079,0.970409015992398,0.9845315991179362
accident,1,0.9770492334341229,0.0,0.9770492334341229,0.9770492334341229
ITOR,7,0.9770341394331302,0.0029050183684651417,0.9722657079405714,0.9804825834638603
sides,1,0.9768438013834378,0.0,0.9768438013834378,0.9768438013834378
AK,93,0.9767182218610022,0.003441416413620458,0.9683591746914688,0.9870727450525442
identical,1,0.9766871236974299,0.0,0.9766871236974299,0.9766871236974299
accidents,1,0.9765002836578986,0.0,0.9765002836578986,0.9765002836578986
excuse,2,0.9763624791017127,0.0016545071507116371,0.974707971951001,0.9780169862524243
Have,2,0.9753082057021255,0.01622570244594801,0.9590825032561775,0.9915339081480735
ask,71,0.9745580530174485,0.017184214116731374,0.9160864566685395,0.9976945393922616
answering,1,0.974508753598349,0.0,0.974508753598349,0.974508753598349
Let,15,0.9741765635136478,0.014431788936928315,0.9349473693869247,0.9944360623094942
respond,36,0.9734696452428983,0.01889142619476546,0.9240220662480796,0.9978600105269019
crowd,1,0.9733358556762151,0.0,0.9733358556762151,0.9733358556762151
look,12,0.9728621577198578,0.014556802444752782,0.9474960491497935,0.9946979496231495
personally,1,0.9724834278046607,0.0,0.9724834278046607,0.9724834278046607
performing,1,0.9723945747271151,0.0,0.9723945747271151,0.9723945747271151
question,9,0.97239132084638,0.021070004539185283,0.9288541121922891,0.9928148820771587
focused,6,0.9723212397790636,0.019997679988070883,0.9441145675387759,0.9977908747524927
normally,2,0.9720569183818564,0.0073022837237778915,0.9647546346580784,0.9793592021056342
acts,4,0.9718287613594256,0.005369313289115537,0.9662975786221799,0.9801521671300574
listening,4,0.9717504433133443,0.016178916654976692,0.9507452213064811,0.9904002788873785
everyone,46,0.9714857327822718,0.031992417509548635,0.8327783749080833,0.996934645287522
appear,29,0.971408301341434,0.023940961039171503,0.9079106366952294,0.9922057011898054
blending,31,0.9711449829699462,0.02850575094872203,0.8220745356501041,0.9867992918219453
reacts,4,0.9710529327797615,0.010373621112882092,0.9565680059725179,0.9852345365389161
Speaking,2,0.9708336236979711,0.0004414120366703078,0.9703922116613007,0.9712750357346414
hear,15,0.9705212104516838,0.015751749657585804,0.9311426885531568,0.9879690223142717
Do,2,0.9701871125399435,0.00338991212847517,0.9667972004114683,0.9735770246684187
blend,229,0.9691050596652424,0.013398749987197098,0.8917617856715011,0.9867478837658508
assumption,1,0.9689971452163119,0.0,0.9689971452163119,0.9689971452163119
integrate,1,0.9688991893255164,0.0,0.9688991893255164,0.9688991893255164
comment,2,0.9688859394550926,0.027129975751186086,0.9417559637039065,0.9960159152062786
onto,1,0.9686951706446143,0.0,0.9686951706446143,0.9686951706446143
inc,2,0.9684346953527677,0.013662206957376966,0.9547724883953908,0.9820969023101447
linger,1,0.968412295378801,0.0,0.968412295378801,0.968412295378801
"?""",61,0.9683639971479283,0.017241147731575236,0.9229166259450399,0.9976229521516645
Looking,2,0.9681403607118062,0.0045386692649349025,0.9636016914468712,0.972679029976741
What,6,0.9681167775010183,0.021048204393478046,0.936436080790607,0.9954600710150464
issues,1,0.9678774620403423,0.0,0.9678774620403423,0.9678774620403423
tone,1,0.9677946543914068,0.0,0.9677946543914068,0.9677946543914068
rim,2,0.9676088871123771,0.00376558440742486,0.9638433027049522,0.9713744715198019
FA,104,0.9669400158786252,0.015795876954738643,0.8809560117689954,0.9863636293107926
passive,1,0.9665590325975761,0.0,0.9665590325975761,0.9665590325975761
Were,2,0.9664518129926019,0.01659599254556693,0.9498558204470349,0.9830478055381687
laying,1,0.9663395645315448,0.0,0.9663395645315448,0.9663395645315448
hearing,4,0.9661880057508437,0.01752596560278079,0.9486585112373765,0.9891710388208331
non,1,0.9661377592840833,0.0,0.9661377592840833,0.9661377592840833
-up,1,0.9661297334684433,0.0,0.9661297334684433,0.9661297334684433
looking,18,0.9660895976768037,0.0112103403560617,0.9389917169002704,0.9818500731492117
speaking,1,0.965655087008035,0.0,0.965655087008035,0.965655087008035
conversation,7,0.9656476803717717,0.022586099260706094,0.9245628399072945,0.9900076824425951
idle,1,0.965444220760018,0.0,0.965444220760018,0.965444220760018
Chart,46,0.9650343201094138,0.019182740532948234,0.8568683459352353,0.9791916651703605
stumble,1,0.9649995616775022,0.0,0.9649995616775022,0.9649995616775022
stories,4,0.9646921264847514,0.0020003968166245876,0.9620794727489335,0.9675580610216501
Should,3,0.9644680099045768,0.010691463664590907,0.9504613119115963,0.9764029308043225
MON,7,0.9634232777529234,0.006925712267954061,0.9527273201519955,0.9714895264716988
quiring,2,0.9631465811966278,0.007078538803836132,0.9560680423927916,0.9702251200004639
vague,2,0.9630553068835574,0.03156591507316936,0.931489391810388,0.9946212219567268
aked,2,0.9627104427103617,0.006431876120748747,0.9562785665896129,0.9691423188311103
Asking,1,0.9622289889751874,0.0,0.9622289889751874,0.9622289889751874
interested,6,0.9622104272048334,0.0394648377606897,0.8976709429168903,0.9982269295193548
PE,92,0.9622100877405232,0.005609641373916498,0.943311923867315,0.9757105226905726
VIEW,7,0.9621731594845825,0.007576878303741654,0.9525564647312258,0.9771379874399446
lay,2,0.9621715769372077,0.00232742655967888,0.9598441503775288,0.9644990034968866
observ,3,0.9621354110986937,0.003415020351471235,0.9591965321133538,0.9669238547693649
responded,1,0.9620167766556786,0.0,0.9620167766556786,0.9620167766556786
seeing,2,0.961878632996138,0.0066534286306080825,0.9552252043655299,0.9685320616267461
deny,1,0.9617381763009,0.0,0.9617381763009,0.9617381763009
whole,1,0.9616590944980936,0.0,0.9616590944980936,0.9616590944980936
stays,1,0.961657854342727,0.0,0.961657854342727,0.961657854342727
stimulate,2,0.961584189664844,0.004054551991494237,0.9575296376733498,0.9656387416563382
icking,2,0.9615445116630721,0.0001553420053416743,0.9613891696577304,0.9616998536684137
worked,2,0.9613403535603855,0.012009015142002755,0.9493313384183827,0.9733493687023882
theirs,1,0.9610576035388796,0.0,0.9610576035388796,0.9610576035388796
prompt,1,0.9610410074587546,0.0,0.9610410074587546,0.9610410074587546
confusion,9,0.9608690943055596,0.034635092239199326,0.9046770110083453,0.9913006443178886
believable,1,0.9608647447869525,0.0,0.9608647447869525,0.9608647447869525
inconsistent,1,0.9606177747686963,0.0,0.9606177747686963,0.9606177747686963
throw,3,0.9605210892655195,0.0034223399892099196,0.9562154468696051,0.9645882508646323
express,6,0.9604835754660724,0.029236653961935474,0.9007093021761301,0.9952723924679497
experiences,1,0.9602121258055666,0.0,0.9602121258055666,0.9602121258055666
legitimate,27,0.959929868252209,0.040031794162098594,0.7845171362320177,0.9908160888328807
conver,1,0.9596776109365507,0.0,0.9596776109365507,0.9596776109365507
cover,68,0.9595183557562335,0.016483420950688315,0.9191935776808724,0.987513877095448
Thinking,1694,0.9593591322768735,0.005148387064069167,0.9415917934184487,0.9748394932916704
encouraging,1,0.959351074695594,0.0,0.959351074695594,0.959351074695594
reaction,1,0.9592837589200229,0.0,0.9592837589200229,0.9592837589200229
pay,3,0.9591355227190634,0.003354122113049066,0.9543962399676953,0.9616772163420617
watching,3,0.9591142682556356,0.00805914230290281,0.9477553231386239,0.965603331055679
nothing,1,0.9587467878823173,0.0,0.9587467878823173,0.9587467878823173
Perhaps,9,0.9587064227135537,0.02000126239566048,0.9140604932265253,0.9773616336387528
mim,2,0.9587005631563175,0.0009410229790764446,0.9577595401772411,0.959641586135394
let,9,0.9585267095042863,0.030592037681495803,0.8841922662047886,0.9950046007142902
scan,3,0.9584693906266498,0.006600636811352858,0.9530034054589466,0.9677556163120259
yield,1,0.9583854958328841,0.0,0.9583854958328841,0.9583854958328841
MOVE,942,0.9582351576544188,0.005679717583301206,0.9410760936245655,0.9739010136350567
checked,1,0.9579830037877196,0.0,0.9579830037877196,0.9579830037877196
corridors,2,0.9579646526577433,0.013922913975104256,0.9440417386826391,0.9718875666328476
antage,1,0.9579370426168005,0.0,0.9579370426168005,0.9579370426168005
mis,4,0.9579152951879188,0.022152555392161717,0.9230135501740562,0.980052924204099
response,4,0.9576603336950129,0.01622252824110805,0.9300837308424504,0.9712416970579484
tie,1,0.9573140345743407,0.0,0.9573140345743407,0.9573140345743407
ging,1,0.9567298987408647,0.0,0.9567298987408647,0.9567298987408647
asking,16,0.9565412655670588,0.03253175194815821,0.8875613901156229,0.9958220384711368
craft,1,0.9563857419053302,0.0,0.9563857419053302,0.9563857419053302
round,12,0.9561399205236061,0.009946413390631894,0.9378675661287497,0.9708176364776161
sow,1,0.9560489266730324,0.0,0.9560489266730324,0.9560489266730324
responses,4,0.9558658718664319,0.010640823635044202,0.9390484802751897,0.9675868978050355
work,90,0.955782678838801,0.029261508248545037,0.8445399250015341,0.9908824327825421
request,1,0.9556166528913311,0.0,0.9556166528913311,0.9556166528913311
TASK,538,0.9555880515060774,0.011147837110160416,0.9204355699138876,0.9882595426101515
watched,2,0.955519093526044,0.004621801903571088,0.9508972916224729,0.9601408954296151
popular,1,0.9553805019157673,0.0,0.9553805019157673,0.9553805019157673
alive,1,0.9553302519672244,0.0,0.9553302519672244,0.9553302519672244
groups,1,0.9551822546543196,0.0,0.9551822546543196,0.9551822546543196
REPORT,1,0.9550189078315963,0.0,0.9550189078315963,0.9550189078315963
SPE,1,0.9549430945058291,0.0,0.9549430945058291,0.9549430945058291
vigil,3,0.9548993249446864,0.0073967944470527715,0.9454094552293049,0.9634555104798765
wait,30,0.9547440070304755,0.014849477157180999,0.9116761425554808,0.9785597306930695
icious,1,0.9547007639777427,0.0,0.9547007639777427,0.9547007639777427
intercept,1,0.954668209855026,0.0,0.954668209855026,0.954668209855026
reactions,31,0.9546569997914629,0.018167494923981807,0.9218105581314538,0.9853723211674738
often,1,0.9546193236561841,0.0,0.9546193236561841,0.9546193236561841
plausible,10,0.9545220129935654,0.051538661236134806,0.8060896099857988,0.9877476762437454
say,7,0.954219406743654,0.07808901371539465,0.7633055469137651,0.9931078461537122
discover,1,0.953882979459727,0.0,0.953882979459727,0.953882979459727
normal,3,0.9538240931646628,0.029117883764513446,0.9127878693309893,0.977308344405614
working,231,0.9538183282012446,0.026940407347850137,0.6875646639268997,0.9921114379372706
you,81,0.9536058336012487,0.040546952544983424,0.7501636780324952,0.9920247998269897
saw,19,0.9535567587751215,0.02799067448260275,0.8863022497879606,0.9850501410523135
behaves,4,0.95351338822871,0.014371326968853996,0.9299103768947262,0.96685526035883
Scan,71,0.9534700389743065,0.012779746177020443,0.8960869647054084,0.9753779641342194
shortly,1,0.9533218696036407,0.0,0.9533218696036407,0.9533218696036407
ibi,39,0.9532938630681179,0.025329533243006307,0.9006461980224431,0.9865326227431181
overlap,4,0.9532709245112824,0.0268010191486424,0.9074289104843242,0.973793760754586
dispersed,3,0.9532252895141108,0.02390351057064287,0.9208559610049359,0.9778501347679477
Everyone,1,0.9531026591053932,0.0,0.9531026591053932,0.9531026591053932
discord,1,0.9528865691442557,0.0,0.9528865691442557,0.9528865691442557
h,3,0.9525906318313607,0.005938766209187443,0.9465693401467663,0.9606719236845579
'll,31,0.9523844664128268,0.027866532942586845,0.8650621478884141,0.9883596338796102
Observation,2,0.9521369411457963,0.005828965207787695,0.9463079759380086,0.957965906353584
ETING,16,0.9520789805810135,0.008803172447638528,0.9347732317673609,0.9665876063297756
behave,5,0.952018106396922,0.013047908895958924,0.935044029756894,0.9662659693977461
heard,4,0.9514331893028484,0.01191269197573336,0.9425232751803032,0.9718903343445361
pointless,1,0.9513782924094125,0.0,0.9513782924094125,0.9513782924094125
head,184,0.9511421728777785,0.020184806500622415,0.8507742758199989,0.9856738289144052
oneself,1,0.9510096686390431,0.0,0.9510096686390431,0.9510096686390431
bit,17,0.9507222508162753,0.053970402586149775,0.7868329903147958,0.995000308067507
ib,12,0.9507200062234902,0.012424933365787155,0.9243936169141774,0.96686876949565
KE,104,0.9506600585778439,0.01872799852577469,0.8956762734983064,0.9774397519226273
see,123,0.950343385532001,0.022618461579353925,0.8819520425407729,0.9930529586953984
rely,1,0.950297601809656,0.0,0.950297601809656,0.950297601809656
publicly,1,0.9502929063383427,0.0,0.9502929063383427,0.9502929063383427
drawing,50,0.9499694132738771,0.022876738978500913,0.8768195303616224,0.9811536190779581
accusing,2,0.9495787144287988,0.018053443219033016,0.9315252712097658,0.9676321576478318
spoken,18,0.949533001488137,0.015779436923562987,0.9066123796849882,0.9675286726206552
flags,2,0.9492996524966661,0.027737369896138064,0.9215622826005281,0.9770370223928042
complet,2,0.948903207043235,0.006487262857180653,0.9424159441860543,0.9553904699004157
react,15,0.9484888900020371,0.017464559978567266,0.9159231835856068,0.9701057732434557
disappearing,1,0.948448815881978,0.0,0.948448815881978,0.948448815881978
identification,1,0.9481524735853274,0.0,0.9481524735853274,0.9481524735853274
solitude,4,0.9479216193870309,0.020678583537033644,0.915423305071325,0.9682567367650663
cal,3,0.9478052692637043,0.02165890017074524,0.9214805407806569,0.9745292867093855
reass,13,0.9477750810276299,0.014972194915856928,0.9204043591627182,0.9766273704089324
natural,11,0.9477479174418284,0.032100936806798167,0.9005960303472481,0.984887685922654
-path,1,0.9477081318222459,0.0,0.9477081318222459,0.9477081318222459
Action,1694,0.9476756285552425,0.007533770038049854,0.9093504375424399,0.965579906545057
innoc,3,0.9476180791452152,0.050441589035607484,0.8773133474248701,0.9932329676435185
Calling,133,0.947485080047089,0.031162726925915187,0.710804704600825,0.9734492211769568
headed,4,0.9465520890566125,0.024102249751603966,0.9171412558982859,0.9755128747882855
-oriented,1,0.9465472429468436,0.0,0.9465472429468436,0.9465472429468436
passed,5,0.9464713311204094,0.008615124169559644,0.9359473416696725,0.9605210523617108
comp,2,0.946450394074738,0.0017941631998329988,0.944656230874905,0.948244557274571
familiar,3,0.9461140331894216,0.011489629088836408,0.9301515118457124,0.95672508456821
ipe,1,0.9460568232479095,0.0,0.9460568232479095,0.9460568232479095
draw,20,0.9459926974128813,0.008192625286600938,0.9261739264432529,0.9581638809554731
Viewing,9,0.9458056520273137,0.01036826742009624,0.9301330577227553,0.9622131226610317
overlapping,1,0.9455841669895442,0.0,0.9455841669895442,0.9455841669895442
Course,46,0.9453742909413417,0.022735349932865828,0.870544156632752,0.9711262029470619
iating,2,0.945246926763188,0.0021211507656849204,0.943125775997503,0.9473680775288729
mimic,6,0.9449846223086311,0.031172602780024667,0.8821190026159448,0.9748842754614411
scene,3,0.9448035826526935,0.006509696244131005,0.9391113087571604,0.9539157176223201
attention,98,0.9446115727344213,0.047768883201105394,0.6009736462569257,0.9926763730310215
ibr,2,0.9443841652913136,0.018590235536254662,0.9257939297550589,0.9629744008275682
fake,384,0.9442419589514625,0.022031265104738202,0.8492161935536794,0.9857949902940567
observations,619,0.9440181288343545,0.013413404254346114,0.8779314322561389,0.992107065251388
thinking,5,0.9439062046917313,0.05596233176917163,0.8413297189179233,0.9862569344265532
?,71,0.9438601483373359,0.04630573650989144,0.7846117557110994,0.998848115953559
CALL,16,0.9433911912581414,0.008746382622535747,0.9278788030602856,0.9603339427977567
again,4,0.9433745834307419,0.03737959411717569,0.8827262812932276,0.9777548492725862
genuine,4,0.9432819983986583,0.004238327205831323,0.938939429225446,0.9475925176190579
explain,11,0.9431287651839462,0.04139965671387374,0.8540486763240642,0.9785615356527644
scrutiny,3,0.94299652694722,0.002932404530982929,0.9405299160100296,0.9471169360446088
visiting,1,0.9428096984020746,0.0,0.9428096984020746,0.9428096984020746
raise,73,0.9428083984730166,0.02857499202226873,0.8311349547166045,0.9791504546019041
heading,64,0.94279224688425,0.03529511829342514,0.8322333706195574,0.9882544820184531
->,51,0.9427117378794998,0.01516044636496507,0.8973144633226277,0.9703553769747155
unfold,1,0.9425795086606277,0.0,0.9425795086606277,0.9425795086606277
drawn,1,0.9425394726248918,0.0,0.9425394726248918,0.9425394726248918
separation,2,0.9423662436629874,0.02097805229476052,0.9213881913682269,0.963344295957748
seen,156,0.9421754750151212,0.030183984963953588,0.7679322486364827,0.9971677451795683
raising,179,0.9417846633857226,0.029762312346046246,0.6573797239997384,0.9813368873707717
VENT,61,0.9416986717179514,0.012428319424172116,0.8905439501161676,0.9626314277353605
attract,1,0.9416034126275864,0.0,0.9416034126275864,0.9416034126275864
disguise,3,0.9413888377121157,0.006595208582825429,0.932312511887634,0.9477872147309436
download,4,0.9413747722420683,0.007020597368753237,0.9297037807098469,0.9484700494688932
discussion,75,0.9412424330133071,0.045773946031665756,0.7848179435225208,0.9946073036532509
Clean,61,0.9411639719730578,0.02155216496066144,0.8686455637315144,0.971758599728699
individual,1,0.9410697374088315,0.0,0.9410697374088315,0.9410697374088315
10,1,0.9410364930018555,0.0,0.9410364930018555,0.9410364930018555
went,4,0.9407867036906589,0.022737650604044056,0.90327501328422,0.9605570153709734
ibrate,63,0.9407288499587393,0.018083524643873975,0.855507853430827,0.9718326911142314
confirm,17,0.9407103039248681,0.0869598812447059,0.6178494813507517,0.9905953219120559
meeting,615,0.9406908857277687,0.026564977332564,0.6837654577849441,0.9782726613763788
lon,1,0.9406199842115749,0.0,0.9406199842115749,0.9406199842115749
11,1,0.9405035781336901,0.0,0.9405035781336901,0.9405035781336901
thoughts,6,0.9404002669905843,0.031819559875755535,0.885922011264035,0.9824697535673557
follow,106,0.9403400931719331,0.01975698991213292,0.8704053385501714,0.9844461725744552
Current,3,0.9403349714736166,0.0059895317394605685,0.9321534333393688,0.9463253618202053
helped,1,0.940333183707539,0.0,0.940333183707539,0.940333183707539
anymore,1,0.9402466823739647,0.0,0.9402466823739647,0.9402466823739647
behaving,3,0.939969494248552,0.017381124257018578,0.924429151341407,0.9642329530458635
meet,3,0.9398383325277019,0.013686361262203866,0.9238503377004428,0.9572802261596429
pretending,9,0.9398280376540716,0.048975772696742956,0.8193839300348856,0.9809416154637356
Then,6,0.9398030416071245,0.017067381158832703,0.9126674604580011,0.9650386820317594
stop,1,0.9397860863170006,0.0,0.9397860863170006,0.9397860863170006
coming,2,0.9396419915722984,0.017967212589241555,0.9216747789830569,0.95760920416154
inquire,2,0.9396270547192525,0.011510941027094657,0.9281161136921579,0.9511379957463472
se,13,0.9392908319367674,0.02245382125495574,0.885594404048886,0.962102549569244
figure,2,0.9392432656747947,0.02019514243636833,0.9190481232384263,0.959438408111163
versatile,1,0.9392264114797586,0.0,0.9392264114797586,0.9392264114797586
reports,3,0.9390370299612991,0.007078546595600739,0.9318126712102104,0.9486504769809178
backtrack,2,0.9388453748033174,0.015906967530716354,0.9229384072726011,0.9547523423340338
contributing,15,0.9387684944177029,0.050624878858202146,0.8383561196302742,0.9893322524975748
preparing,1,0.9386505695900051,0.0,0.9386505695900051,0.9386505695900051
show,11,0.9386219377569809,0.018713608992975167,0.898588468435164,0.9547292167520005
visible,2,0.9385727408726372,0.005086410475580616,0.9334863303970566,0.9436591513482179
destinations,37,0.9381138495511298,0.009389206566776474,0.9215069360474489,0.9636625999433126
rushing,2,0.9380514241115432,0.04717584759263038,0.8908755765189128,0.9852272717041736
away,25,0.9379545129787848,0.035102187909942795,0.8123149324419441,0.9870711344140336
downloading,1,0.937862595268931,0.0,0.937862595268931,0.937862595268931
obvious,2,0.9378561142825819,0.010640549654389875,0.927215564628192,0.9484966639369717
noticed,30,0.9377903892593057,0.06396685923824416,0.7585585877263882,0.9906703847443962
swipe,47,0.9375478247849833,0.015306556795643578,0.8715127420694453,0.9637060700154974
walking,1,0.9375467806663607,0.0,0.9375467806663607,0.9375467806663607
Submit,71,0.9375163646019767,0.01727346655273546,0.8708476119332772,0.976382082996569
falls,1,0.9374014847573361,0.0,0.9374014847573361,0.9374014847573361
predictable,2,0.9373811359873414,0.0036179404116788993,0.9337631955756625,0.9409990763990203
else,47,0.9373595072400689,0.034461122901532915,0.8461343411618732,0.9856542097916469
arrival,1,0.9373169753791607,0.0,0.9373169753791607,0.9373169753791607
arrive,1,0.9372716382496301,0.0,0.9372716382496301,0.9372716382496301
calls,2,0.9372230773747702,0.007082497033334412,0.9301405803414358,0.9443055744081046
ions,2,0.9371752354595082,0.002555377193722619,0.9346198582657856,0.9397306126532309
perspective,4,0.9369207721678176,0.04413535187548614,0.8608280228490987,0.9678114729938714
busy,2,0.9366296604410899,0.028234804808101588,0.9083948556329883,0.9648644652491914
dispers,2,0.9365339740973082,0.038929114017868194,0.8976048600794401,0.9754630881151765
outside,1,0.9365206793002727,0.0,0.9365206793002727,0.9365206793002727
grouped,1,0.9364559427347452,0.0,0.9364559427347452,0.9364559427347452
join,12,0.9363683275230641,0.01711186337468809,0.9035223511538483,0.9611397053500282
began,3,0.9363599301341474,0.0,0.9363599301341474,0.9363599301341474
enters,4,0.9363409910207136,0.002592990337238884,0.9323075539682115,0.9395322079518922
Samples,1,0.9363384589523263,0.0,0.9363384589523263,0.9363384589523263
And,7,0.9362883643207348,0.02638894546453825,0.902997981416313,0.9736179215335963
viewing,2,0.9362787839263799,0.0068025351400100575,0.9294762487863698,0.9430813190663899
gone,14,0.9362053831950267,0.01694562299779475,0.8949924634552201,0.9635980511528264
please,15,0.9361565793996388,0.014495050533624404,0.91350218628943,0.9671578990465279
voted,2,0.9360912063232916,0.0031992406444592003,0.9328919656788324,0.9392904469677508
goes,15,0.9360156008767632,0.011817028722116714,0.9195402482536406,0.9604625951614798
pathway,1,0.9359132596837264,0.0,0.9359132596837264,0.9359132596837264
yet,571,0.935606184244736,0.02931246831058688,0.639345233161193,0.9839323254381582
destination,16,0.9355932186974332,0.03684755574718245,0.8629349872217824,0.9760545369191447
vote,13,0.9355653869907641,0.009971293164548424,0.9208543666169287,0.9483275001062117
al,51,0.9355602044864042,0.03669211243074169,0.849905204745445,0.9792680766662663
share,107,0.9355019381846846,0.044062445923882636,0.780272961677941,0.9951588602404837
passing,1,0.935467298975914,0.0,0.935467298975914,0.935467298975914
far,24,0.9353296953672622,0.03158014869303849,0.8503459399440487,0.9903105495250701
fix,76,0.935291653759859,0.022869366975660506,0.812965139603451,0.9768706940523193
eteria,3115,0.9352562409644628,0.029761960325803038,0.7089924393161502,0.9825840406760079
branches,1,0.9352217748837157,0.0,0.9352217748837157,0.9352217748837157
Align,202,0.9352183174766565,0.02559648711536554,0.8046631914875327,0.9678587283295604
relocate,2,0.9351584440195992,0.02841331672430497,0.9067451272952942,0.9635717607439042
spreads,1,0.9351198592144923,0.0,0.9351198592144923,0.9351198592144923
similar,5,0.9350017671963693,0.0213332746245042,0.8982781189265862,0.9620994877523933
travel,12,0.9347396681189294,0.02041014017402011,0.8963545975462162,0.9616298295043603
trail,2,0.9345960560302178,0.024364717453451645,0.9102313385767661,0.9589607734836694
usp,1,0.9344708850578547,0.0,0.9344708850578547,0.9344708850578547
miss,24,0.9344707229638208,0.019721133026352644,0.8849000267240387,0.9660723064906614
Caf,3094,0.9343253170701027,0.03901716601761233,0.7423801307721346,0.9887908449451493
profile,6,0.9342793318608945,0.029761739403268483,0.8808821707668858,0.9695807199034913
rooms,228,0.9341835154207815,0.02162823917501255,0.8176676821094331,0.9633035227430915
low,9,0.9341068513286552,0.027187006550696714,0.8766857400179195,0.9701014873896131
observation,51,0.9338494955845883,0.02359345265033792,0.85537915382809,0.9731890292868147
hasn,1,0.9338076951131926,0.0,0.9338076951131926,0.9338076951131926
Accept,411,0.9338002455409503,0.022903300809969846,0.8397940944260218,0.9654249926264725
".""",42,0.93375167807876,0.06260808057705582,0.71575692188235,0.9952648985526051
meetings,100,0.9337056926307086,0.012604207082311733,0.9048434087035693,0.9769304630766648
doing,574,0.9336483858776711,0.0704913775618394,0.30220816382500293,0.9952163411220248
ground,5,0.9336124031078761,0.013735719289070011,0.9165425638212777,0.9556928965229919
outdated,1,0.9335004896338875,0.0,0.9335004896338875,0.9335004896338875
elsewhere,1,0.9334896300464869,0.0,0.9334896300464869,0.9334896300464869
set,13,0.9334589541496029,0.013138701351392978,0.9096928291717357,0.9594365208365572
scattered,15,0.9333787322090752,0.011192552473523687,0.9025952735118257,0.9453207161501761
Observ,6,0.9333577947499476,0.045052796615252654,0.8435296093853786,0.9709553781567303
sequences,5,0.9332034222065054,0.03343131317882655,0.8674307694622878,0.9567972227811006
piece,6,0.9330983757758567,0.08321612881135171,0.7474844251568161,0.9792581974305891
f,5,0.9330900036560408,0.02516824548941029,0.884425498191936,0.954682013198288
C,21,0.9328350028769311,0.025166528629688344,0.8626036970845289,0.966722948385329
Also,9,0.9327441058944329,0.01930375019338531,0.9086211056466539,0.9611323488426017
intermediate,1,0.9327106418308583,0.0,0.9327106418308583,0.9327106418308583
counter,1,0.9326386900015781,0.0,0.9326386900015781,0.9326386900015781
end,1,0.9326321503377928,0.0,0.9326321503377928,0.9326321503377928
met,3,0.9325978859386145,0.03234941074050764,0.886867139113845,0.9565815880252845
public,6,0.9324638532016268,0.013431761786329181,0.9054749853883827,0.9504334870766059
patterns,2,0.9322582961554189,0.007511428831159128,0.9247468673242597,0.939769724986578
COMPLETE,538,0.9321909797091743,0.011764111329114497,0.8741254155990426,0.970164272681226
iping,11,0.9321136167569154,0.013688608595890026,0.909416547416072,0.9552713378459335
separated,1,0.9320607348606756,0.0,0.9320607348606756,0.9320607348606756
turning,1,0.9319388930505825,0.0,0.9319388930505825,0.9319388930505825
populated,44,0.9318529383728418,0.02877939531753831,0.8407645681339891,0.9623799624902704
connects,5,0.9317952689808953,0.011431406449053388,0.9167653876196474,0.946406236358941
anything,80,0.931771423891757,0.049190792898474056,0.7821215445374571,0.9967304946023146
moved,1887,0.9316346194144635,0.030727548370155056,0.759904824934073,0.9830214250974958
af,21,0.9314499716442791,0.036715297442625514,0.865136097555305,0.9767080253129943
dev,3,0.9314074965821808,0.01991974177857846,0.9099270793343802,0.9579318087578562
report,32,0.931276513666954,0.01799151792522047,0.8813976494798977,0.9667974912168256
Upper,849,0.931172210205122,0.025000982174588997,0.8042667099624163,0.9788511161032919
attended,1,0.9310187884253293,0.0,0.9310187884253293,0.9310187884253293
anonymity,1,0.930987094505676,0.0,0.930987094505676,0.930987094505676
pect,96,0.930963822154709,0.01789832636983805,0.8425464090955492,0.9610002884430715
sw,10,0.9308974135203213,0.02071981782418221,0.8880209264815145,0.9620456881171185
reporting,13,0.9308967070011148,0.007370815563821239,0.9182878425379359,0.9414904327224299
Inspect,9,0.9308428806833875,0.01941955881009812,0.9035599626388808,0.9559749153982334
voting,13,0.9307949416373321,0.015242964737051876,0.8974363529516189,0.9632648702948108
off,35,0.9307360408075258,0.048013882355007066,0.7662540406757089,0.9676296714491022
performed,3,0.9307321840190058,0.021359707103280636,0.9107085264111127,0.960330882999382
navigation,2,0.9305768114005855,0.013526932421118965,0.9170498789794664,0.9441037438217044
accuse,7,0.930318065531443,0.055284236325563126,0.8166544411319255,0.9926296706588246
from,1546,0.9302737222198946,0.043094086293262196,0.565849511976367,0.9765216703653862
experience,1,0.930147363454282,0.0,0.930147363454282,0.930147363454282
showing,3,0.9301291643317405,0.05249258233391805,0.8646024639630071,0.9931066743458034
ongoing,6,0.9297938392360928,0.015425428292224742,0.9056102181796093,0.9558943926518733
directions,1,0.9297387332341469,0.0,0.9297387332341469,0.9297387332341469
Med,889,0.9296593090000038,0.027772833488298173,0.8062466876800262,0.9894070645609304
ers,1,0.9296489904699222,0.0,0.9296489904699222,0.9296489904699222
distributor,3,0.9292977288460552,0.03685495688887418,0.8772142251603888,0.9570463063361179
communication,1,0.9292305637806287,0.0,0.9292305637806287,0.9292305637806287
seem,181,0.9291949641629929,0.041874376661602035,0.7583035143491527,0.9947739559287914
interact,15,0.9291491721678498,0.046595354511340496,0.8294705741454454,0.9783264437727084
encourage,6,0.9291421123374489,0.03193946488539227,0.8764493387837472,0.9831373799334211
path,468,0.9290175410633331,0.021247707911760665,0.8063300666760912,0.9775550005396034
ENT,16,0.9288071982825618,0.015564675528148447,0.8971942048734051,0.9532743028047391
Vent,70,0.9287828421233958,0.0271099105554543,0.7840099876143805,0.9584557982674604
Sh,9,0.9286860376826483,0.01914527783382632,0.8973473246732375,0.9499830596384784
introduced,1,0.9286143569821826,0.0,0.9286143569821826,0.9286143569821826
group,38,0.9285791015914753,0.03787338740212418,0.8417969996278843,0.9786831325888322
give,260,0.9285570182368074,0.025372196841042038,0.8464641841806261,0.9796790518585239
wiring,82,0.9285523457852639,0.0184055343077305,0.8536201056429744,0.963392133274935
Swipe,418,0.9282932283755412,0.02434207107481934,0.8400048456773644,0.9801356280084635
ME,16,0.9282892028194654,0.02258856788494222,0.8700618403011509,0.9540649844002481
discovering,1,0.9282681601213661,0.0,0.9282681601213661,0.9282681601213661
moves,31,0.9282483461212407,0.07643950744535014,0.5845567155559458,0.9769477383093577
-,585,0.9280267872978532,0.04002942933561374,0.5482276328227327,0.9558987676243967
DEAD,1,0.9277776177256429,0.0,0.9277776177256429,0.9277776177256429
single,14,0.9277344467363324,0.014213629747673064,0.8945422682587946,0.9445383131644897
T,67,0.9275996528307388,0.014609414836167794,0.8993414147787379,0.9562106784918671
spread,15,0.9275567466545439,0.021554945015220615,0.8797017810898886,0.9546192639786597
appearance,1,0.9275291434603574,0.0,0.9275291434603574,0.9275291434603574
abruptly,3,0.9273561947168849,0.04142349017205811,0.869077859318004,0.9616514291734128
Prime,34,0.9273311875864718,0.011647349996793649,0.8991602006148495,0.9576863048226587
overlaps,3,0.927313252738681,0.018059945732336016,0.9136011191717982,0.952830120806241
anyone,264,0.9272712003370639,0.04171326644782134,0.7717356289115044,0.9969490481391972
eye,129,0.9271797818982701,0.027385259685006793,0.8338981719367726,0.9790507148444016
submit,3,0.9270899097578518,0.013232372740291418,0.914058165873959,0.945236507000289
clearer,1,0.9270140088011374,0.0,0.9270140088011374,0.9270140088011374
listed,1,0.9269517874966454,0.0,0.9269517874966454,0.9269517874966454
made,546,0.9267906444611116,0.1002962399068963,0.2731341364801361,0.9919908595380597
monitor,32,0.9266423662434955,0.047484564586652914,0.7579502297943453,0.9749957565706155
finds,1,0.9266133358685187,0.0,0.9266133358685187,0.9266133358685187
fuel,5,0.9264784622591294,0.019803045414565113,0.8983422779092176,0.9499580576702407
accomplishment,2,0.9264751722829241,0.0006509461517928972,0.9258242261311311,0.9271261184347169
leads,13,0.9262872744483149,0.030762730729004123,0.8564386155778695,0.9591752512424091
forth,1,0.9262509912481314,0.0,0.9262509912481314,0.9262509912481314
imestep,67,0.9260431541134257,0.014102915560646702,0.8739937194502357,0.9562540071287505
history,41,0.9260117841711102,0.01793510940331412,0.8875325075918798,0.952027260571952
Sw,2,0.92596172648611,0.014560552967740226,0.9114011735183697,0.9405222794538501
So,4,0.9259589865751257,0.01812070447571671,0.8949522041849732,0.9402547913652178
det,3,0.9258539564453382,0.027357984044756995,0.8948908740116112,0.9614266544517307
deviation,1,0.9258149163650773,0.0,0.9258149163650773,0.9258149163650773
observe,444,0.9258072096579605,0.021996468385404644,0.7970209648169886,0.9736570738245771
front,37,0.925706636690791,0.02638456089131274,0.818344724025064,0.9516708067070759
indirectly,5,0.9256015799440022,0.03570591869392037,0.8773149832897101,0.9683868618526433
occupied,3,0.9255559737417164,0.010773887447096274,0.9169336624769266,0.9407463199425249
opens,1,0.9254393592405369,0.0,0.9254393592405369,0.9254393592405369
divert,3,0.925429103202303,0.06542419894212192,0.8338623802992858,0.9827076877238128
Download,382,0.9253463668300562,0.02304968484512669,0.7764748867265129,0.9666032821692981
go,48,0.9251753216121886,0.02757928721920798,0.8226582854498032,0.9681439927142763
room,1293,0.9251530363995946,0.03026878216355673,0.7382458564110882,0.9806077324019106
hub,3,0.9251201357546912,0.009449593588674221,0.9138220224731373,0.9369503497057581
assessment,1,0.9249717205561003,0.0,0.9249717205561003,0.9249717205561003
card,57,0.9247560008310983,0.033129308413393226,0.7896295334682346,0.9537368687332916
unwanted,1,0.9246628182539469,0.0,0.9246628182539469,0.9246628182539469
Fix,1802,0.9243852038175525,0.023839875928879435,0.7766406601567327,0.9835479956289377
create,131,0.9243825848964357,0.03684553687734679,0.7803183205801036,0.9860015134157548
Task,1,0.9243175575674032,0.0,0.9243175575674032,0.9243175575674032
explanation,12,0.9243051524955025,0.05076975676464188,0.808177467306633,0.9925429910929219
process,8,0.9242543650793213,0.061049810928869686,0.7956811804543144,0.9587494246495537
going,47,0.9242342112868979,0.034617490361164044,0.841124702863249,0.9649776022787083
sight,1,0.9241613952138654,0.0,0.9241613952138654,0.9241613952138654
accidentally,2,0.9241479833613997,0.0041889457423635035,0.9199590376190362,0.9283369291037632
minutes,1,0.9238717761106184,0.0,0.9238717761106184,0.9238717761106184
waiting,13,0.9238531704788718,0.030013491166487716,0.8582132071853541,0.9698837174199699
Navigation,758,0.9238251557485008,0.02793006710680357,0.7922482998544494,0.9762719244539172
what,65,0.9236654502618104,0.04315641825980586,0.7985420793315776,0.9955014772608667
disrupt,3,0.9235825264519538,0.0072816958812375165,0.9133014170793251,0.9292317410553853
asked,15,0.9233120722150608,0.028541350009258636,0.8427095244045838,0.967858992092659
e,71,0.9232248499903629,0.02477692848185982,0.8555111111178367,0.9749581297924496
communicating,1,0.9231362364490435,0.0,0.9231362364490435,0.9231362364490435
missing,7,0.9230347604845692,0.016991379481881494,0.8871570139240551,0.9410049389159806
here,252,0.923002077437251,0.02473490667612955,0.824056097981286,0.9810942594854808
doubt,2,0.9229964851942267,0.008883407413203648,0.9141130777810231,0.9318798926074304
quired,1,0.9229640211342947,0.0,0.9229640211342947,0.9229640211342947
calling,112,0.9228829698185937,0.04922050513880586,0.6434716854170497,0.9702329054031638
locations,412,0.9228245320290073,0.045103470707269055,0.3922812698125198,0.972326532331907
split,3,0.9227952351386991,0.021063543540108216,0.9051767595252239,0.9524059461502866
gathers,1,0.9227899073917162,0.0,0.9227899073917162,0.9227899073917162
linear,3,0.9227419969152253,0.015878835612525982,0.9080530802130524,0.9447964153343033
pass,2,0.9227357658064737,0.015211435487548441,0.9075243303189252,0.9379472012940221
detected,219,0.9227038196616228,0.0505256556694206,0.33393091124400726,0.9633936449558742
vent,304,0.922595651319796,0.015065807854575248,0.858983794043508,0.96011144838204
been,1140,0.9223662990509846,0.026928204189907056,0.5425082300882936,0.9959958830008205
votes,3,0.9223656453592392,0.02847705226120989,0.8827314815405475,0.9483684812263778
engines,5,0.9223202472028579,0.017622266078613624,0.8934439170297835,0.9435498199582849
visit,14,0.9222401007046139,0.024525639819471652,0.8737384728166988,0.9649230242329395
At,14,0.9220975081992565,0.015606879507754481,0.8945852386380266,0.9545434769927272
diversion,48,0.9220369455181793,0.024166733791589727,0.8612330561959353,0.9611920957895744
force,2,0.9218500363775589,0.01262659140586242,0.9092234449716965,0.9344766277834213
Engine,1333,0.9217744479517551,0.03221961848130774,0.681188943679136,0.978133177460697
O,372,0.9217469091258099,0.03494525031562767,0.7466232949484275,0.9927424418574863
advance,1,0.9216463141407436,0.0,0.9216463141407436,0.9216463141407436
centrally,2,0.9216106322603901,0.0040498257455025555,0.9175608065148875,0.9256604580058926
scenario,2,0.9214499449374214,0.022027656564474307,0.899422288372947,0.9434776015018956
accidental,6,0.9214209055270154,0.009159379682530966,0.9104219476134229,0.93935681846527
crowded,82,0.9213111025286119,0.024224196583098594,0.844315323556834,0.9634692755426711
No,1038,0.9211720017978055,0.009673730107199659,0.8396685221746055,0.9628003423997658
All,187,0.9211587625875958,0.012467867363744214,0.8848597115275643,0.9508880976626997
Card,420,0.921035037067241,0.023104191724463645,0.8161853943548903,0.9699435608024197
t,1,0.9210124632057999,0.0,0.9210124632057999,0.9210124632057999
move,864,0.9208736964451,0.060068059331731594,0.3935167927130175,0.9858980065453713
pairs,2,0.9207968186706593,0.03191923029567456,0.8888775883749848,0.9527160489663339
asty,3,0.9206780302484338,0.03238351475398941,0.8970432448279364,0.9664672602703155
eject,30,0.9206360411612721,0.011808854171319095,0.8920104846141912,0.9453292912789908
")""",1,0.9206015132174614,0.0,0.9206015132174614,0.9206015132174614
call,108,0.9205513926488906,0.04093955296229126,0.6981499436755763,0.9739522554232167
arrived,23,0.9203156922806268,0.025808207423066304,0.8417506016383668,0.9505859096943191
Four,2,0.9203146331374372,0.00021218525014338185,0.9201024478872938,0.9205268183875805
tracking,15,0.9201689886029366,0.023908936528856853,0.8567558335076698,0.9552767313227833
St,42,0.9200911413517658,0.024878187231197096,0.8650256246430797,0.96691709376156
separate,5,0.9196633965337366,0.03958575600954961,0.8428388946903007,0.9532977401535032
wis,1,0.9196512370731976,0.0,0.9196512370731976,0.9196512370731976
connecting,2,0.9195567258116679,0.00848501611917879,0.9110717096924892,0.9280417419308468
suspicion,633,0.9194342490549952,0.05853132381838743,0.4391927398243733,0.9820731226786231
bring,41,0.9192880568549394,0.027142085195074668,0.8234226754196823,0.9679347671591599
avoids,1,0.9190287567763786,0.0,0.9190287567763786,0.9190287567763786
timelines,1,0.9190144270259221,0.0,0.9190144270259221,0.9190144270259221
data,6,0.9188521217196516,0.0202623936285886,0.891049518871336,0.9460848795398347
K,45,0.9188195078395692,0.025382400766471927,0.832928951007096,0.9716422323857226
adjustments,1,0.9187686409398245,0.0,0.9187686409398245,0.9187686409398245
respectively,33,0.9187007596315437,0.0313091725561407,0.8602563526014233,0.961466403735069
discussed,5,0.91869515170225,0.01068791948699378,0.906893642800684,0.9369573692613229
camera,1,0.9185337766574597,0.0,0.9185337766574597,0.9185337766574597
instantly,1,0.9184711223961898,0.0,0.9184711223961898,0.9184711223961898
finished,7,0.9184499236415394,0.03106876843326376,0.8457371964279182,0.9412123049228938
reached,19,0.9184127295938611,0.01907120177255335,0.8821494044769373,0.9425593788784045
start,661,0.9182152442632626,0.034249286813943555,0.7824983821664965,0.9942832914824469
congest,1,0.9181892217951804,0.0,0.9181892217951804,0.9181892217951804
back,34,0.9181288013848069,0.04962146158650093,0.7053351397649972,0.9553941052209578
bay,889,0.9179136601926892,0.03127321814536981,0.7049190107185153,0.9660770065124205
timed,3,0.9178868847872904,0.02422349177066691,0.8839526852733435,0.9389183304764015
rid,1,0.9176918063155273,0.0,0.9176918063155273,0.9176918063155273
stay,20,0.9176733835321258,0.04024570017511824,0.8494933679400514,0.9829072612763218
last,1,0.9175591287910309,0.0,0.9175591287910309,0.9175591287910309
temporary,4,0.9172678257179886,0.012538885783237402,0.8991074743514971,0.9336230223855213
uced,1,0.9171222141236722,0.0,0.9171222141236722,0.9171222141236722
button,97,0.9171020195942595,0.025165795589512933,0.8095953224621428,0.9451963399853897
gives,15,0.9169854772817445,0.014169142893377866,0.8904572371611966,0.9433223503068028
scouting,2,0.9169813561071091,0.014540791726001645,0.9024405643811074,0.9315221478331107
details,17,0.9169069910767071,0.054015850323455385,0.7490039132299617,0.9809513367816891
Lower,281,0.9167627338030475,0.022362702773644924,0.8042447738229083,0.9616364355235305
cameras,18,0.9167430070556019,0.03281116453904558,0.8120410710520309,0.9544801237450923
bage,303,0.916738833708406,0.022433562364395743,0.8026732416240377,0.9657964554454358
],5082,0.9165402393910805,0.018413029058072777,0.8750000060163611,0.9679588698265573
ields,9,0.9165381726081239,0.026538838041118725,0.8749219035997731,0.9518091495125991
Weapons,1108,0.9164917379392835,0.034211483302563815,0.8033050929563317,0.9742684338570309
via,22,0.9164491112616138,0.027897203025894532,0.8611496435182077,0.9557511194764479
tries,6,0.9161809246156842,0.018712697242757297,0.8912852148384418,0.9506613376521695
general,8,0.9161072123475242,0.07178314218142554,0.7764980348389178,0.9928574188633257
Start,90,0.9160243589472361,0.028958711869094204,0.8212402204866479,0.9540644954690112
Wiring,1801,0.9160224707407131,0.026432565662845027,0.7011405194905146,0.9845567228705586
previous,404,0.916021634730844,0.01889919815989933,0.6504569337069958,0.9397974053008434
concerned,7,0.9160069917636809,0.06422212485431276,0.8098325483291482,0.975952961561233
unknown,5,0.9157504877262086,0.06307332249571582,0.7971665449905863,0.9614746513880267
shows,30,0.9156998729241754,0.02778158598645606,0.8378640400914577,0.9553748327516993
observing,91,0.915655787461217,0.02480541936102787,0.8345122330160455,0.9785789343780475
radar,1,0.9155508877892911,0.0,0.9155508877892911,0.9155508877892911
others,90,0.9154815985198592,0.05956685906879097,0.5636894554336511,0.9794413480527079
Other,228,0.9153609755203339,0.026090969207989527,0.7525029533685008,0.9607907562564749
empty,5,0.9153137291697752,0.03638903081820001,0.8803740847542426,0.9688412970835413
center,1,0.9152960433583559,0.0,0.9152960433583559,0.9152960433583559
Data,451,0.9152587321258797,0.026643418568516042,0.8080353995923121,0.9624419579530568
Admin,3174,0.9152477969269553,0.030225593995238796,0.7321014776835316,0.9763241171173421
Upload,69,0.9152217101345448,0.025235292803792077,0.8119496468250964,0.9571605309658583
lucky,1,0.915204088514749,0.0,0.915204088514749,0.915204088514749
detailed,1,0.9151373503603393,0.0,0.9151373503603393,0.9151373503603393
finalize,1,0.9148919056718559,0.0,0.9148919056718559,0.9148919056718559
plans,75,0.9147294932646296,0.04889178883388526,0.6545156389277718,0.9871346674559143
much,27,0.9146668531947323,0.05144520370407751,0.8176838770780454,0.991680982431777
lime,332,0.9146119859807081,0.03993601084775273,0.6963927930313871,0.9846323279764648
sets,4,0.9145195577874912,0.032404849751141045,0.8732389443036477,0.9627387783878204
Shields,136,0.9144095756392349,0.025720224476124556,0.8258760089453407,0.9616543005560967
notice,22,0.9142358747473444,0.07496693586310892,0.6965909352598026,0.9909628280205568
acting,24,0.9142068189486116,0.05527933108617899,0.7202995062329577,0.9694079543909717
catch,38,0.9140288535655368,0.016590710691228146,0.8812736595092399,0.9577067634339761
noted,13,0.9139951038177917,0.01896617899155927,0.8914048354030034,0.9406498800556974
One,3,0.9139842770283594,0.021199379036297036,0.8966227619477357,0.9438323171733383
vents,70,0.9139633459693252,0.02682092298867413,0.7708964240339714,0.9418639283150986
called,131,0.9138299056213967,0.03364109916639895,0.7122450316441927,0.9740252100567542
will,582,0.9137934258159334,0.03560941877349353,0.7780843976889592,0.9855516023416963
traffic,1,0.9133826203503733,0.0,0.9133826203503733,0.9133826203503733
open,7,0.9132615643893639,0.05132032219696932,0.8042040919481733,0.9715911606106866
develops,1,0.9132281659583622,0.0,0.9132281659583622,0.9132281659583622
lowering,1,0.9131899414341136,0.0,0.9131899414341136,0.9131899414341136
ize,43,0.9130093583061971,0.024683615532380857,0.8454610432501739,0.9645985700574154
monitoring,6,0.912828377890456,0.030962645475944767,0.8466769246993011,0.9419536629532107
Crew,1204,0.9127578285212959,0.025046825493750462,0.749091738493201,0.9774156671655845
contribute,86,0.9126738769017468,0.04490380080408541,0.7728490473366051,0.9971831837144192
interruptions,1,0.9126412597569226,0.0,0.9126412597569226,0.9126412597569226
ert,462,0.9125377280250963,0.02898997093901249,0.791166580815444,0.9618741937202032
your,25,0.9125220991050236,0.07074600440563722,0.6692521925327986,0.9821544408881809
guilty,1,0.9125071952056344,0.0,0.9125071952056344,0.9125071952056344
accompanied,1,0.91241934584307,0.0,0.91241934584307,0.91241934584307
optim,1,0.9122783382537072,0.0,0.9122783382537072,0.9122783382537072
movements,411,0.9122724125885082,0.04125210644864742,0.5730419394100955,0.9834626941145934
pursue,3,0.9120651419148924,0.022787920930120806,0.8863071330382494,0.9417169739177375
illusion,3,0.9119732672812136,0.013816824870294238,0.9007214736836313,0.9314340775192941
hot,1,0.9119653180688353,0.0,0.9119653180688353,0.9119653180688353
imesteps,1,0.9119507010059427,0.0,0.9119507010059427,0.9119507010059427
abil,42,0.9118831105210938,0.01725098540806937,0.8489522868985858,0.9515100167525136
communicate,3,0.9118662635919152,0.0165780018392006,0.889163505926867,0.9282855624388415
Cameras,5,0.9117163206046444,0.019681700161378577,0.8933634970310889,0.9464817585084527
places,1,0.9117000943241658,0.0,0.9117000943241658,0.9117000943241658
there,475,0.9116183301422052,0.03913165962861942,0.727944510733876,0.9840083528947077
Clear,109,0.9115951735729572,0.027473506088957638,0.7478163636328234,0.9499908508079105
Cal,62,0.9112122193098691,0.031315634705899154,0.803835781478555,0.9562185337880564
Empty,473,0.9111328253565837,0.021051318856461432,0.804334801384471,0.9810048713367655
analyze,1,0.9110777450240933,0.0,0.9110777450240933,0.9110777450240933
Not,15,0.9108783556134925,0.02705198727999342,0.8436530786727267,0.9508746783302371
remained,1,0.9108522927935478,0.0,0.9108522927935478,0.9108522927935478
out,88,0.9107450145837395,0.04803423187848981,0.7284694218372494,0.9767244053124754
enter,3,0.91068771026368,0.03277659778280885,0.8784421740593721,0.9556484236722622
Output,202,0.9106772594061326,0.04878895727045244,0.6444684934523356,0.9629769983012236
mistaken,1,0.9105926123796364,0.0,0.9105926123796364,0.9105926123796364
test,1,0.9105869821232759,0.0,0.9105869821232759,0.9105869821232759
convincing,2,0.9105416495149757,0.057980005076636476,0.8525616444383393,0.9685216545916122
ings,8,0.910502832036188,0.07257867608548037,0.7819737352689673,0.9816500533030562
inate,2,0.9104925415293703,0.025240546542736608,0.8852519949866338,0.935733088072107
rest,1,0.9104745389258057,0.0,0.9104745389258057,0.9104745389258057
direction,17,0.9102954124726851,0.028185621989411633,0.860953211959416,0.9732477741629617
starts,1,0.9102465058562783,0.0,0.9102465058562783,0.9102465058562783
Comple,252,0.910144945185624,0.0368407725259527,0.7417228967855788,0.985354956077749
sharing,62,0.910051330593451,0.08523032645141065,0.5741018117080411,0.9821338740470921
units,1,0.909991988168048,0.0,0.909991988168048,0.909991988168048
arises,1,0.9099667316174294,0.0,0.9099667316174294,0.9099667316174294
re,12,0.909874120096336,0.03739936603958587,0.8655228517617181,0.9752219079524338
Ins,96,0.9098472896695694,0.0249996376879446,0.7834395723200844,0.9649180181941699
1,1577,0.9098232615039469,0.044179804106828646,0.7650513929370019,0.9867934504939773
hunt,1,0.9097716626551527,0.0,0.9097716626551527,0.9097716626551527
witnesses,90,0.9096947916916507,0.04889674424427763,0.5590541041633142,0.9558553833126181
list,32,0.9095261021257992,0.03795889734855527,0.793591731882977,0.9594839933997183
Electrical,1056,0.90924879178371,0.03244882643323793,0.7273056716654606,0.9697615892005804
return,7,0.9092168961786512,0.029433889763589734,0.8734189572145853,0.9677158217502443
discussions,3,0.9091778904530213,0.049391166337868095,0.8468508227828871,0.9676495447846425
ute,170,0.9091581510647984,0.03185695584562333,0.7575113619011417,0.9392559825703903
gets,5,0.9090350222705739,0.03000151177714185,0.8678136349616984,0.9604691027701071
using,83,0.9090230140726023,0.04852538643714594,0.7391551866975601,0.9555518870481567
make,233,0.9089621755983684,0.051006563343119864,0.6562570056667213,0.99692246640833
exhibit,3,0.9089502023290364,0.028217817997325336,0.8690623796269408,0.9299377030916366
""")",2,0.9089309363912024,0.025756358774752297,0.88317457761645,0.9346872951659546
timestep,179,0.9088983789985848,0.01338197732845641,0.8667901945014272,0.9376726635994772
location,1031,0.9088567075216504,0.043817963948966455,0.39316310828640244,0.9891771085831135
iate,1,0.9088459636811912,0.0,0.9088459636811912,0.9088459636811912
positions,48,0.9088287105204248,0.014625224773033477,0.8552509732329143,0.949508714371743
facade,3,0.9087236238511426,0.043535506550188875,0.8478713195353627,0.9472589245751329
surely,3,0.9086751312020295,0.008920589102344879,0.8993941927162262,0.9207158369625272
done,34,0.9086032008059304,0.025123346474508895,0.8669925734457977,0.97101578588705
except,202,0.908586567644711,0.02928581628832707,0.7555665316736877,0.9807300564467839
Re,8,0.9084453841801907,0.021464400994950266,0.8654216869978193,0.9450523364869174
ded,1,0.9084320319713156,0.0,0.9084320319713156,0.9084320319713156
reaching,1,0.90815552768329,0.0,0.90815552768329,0.90815552768329
garbage,1,0.9081363537295836,0.0,0.9081363537295836,0.9081363537295836
leave,20,0.9080269727399031,0.046772754357608304,0.8339072206106873,0.9639561149214813
eld,57,0.9079655003360662,0.0016684193973551967,0.9058711995748975,0.9104885348983387
minim,19,0.907946857797206,0.04254538607767189,0.7907825812051246,0.9570269813922454
next,683,0.9079087519791597,0.0346993399172356,0.7326218960744689,0.9760115583881127
ejected,67,0.9078447103460668,0.018611879720548435,0.805473249822334,0.941074205420856
along,34,0.9078215335675284,0.03134998109660895,0.8438378843357321,0.9556818152236145
spreading,3,0.9076966232090804,0.03387504181934054,0.8601444363749852,0.936509564138668
planning,28,0.9076093975615146,0.05917522260295135,0.7676412287736186,0.9871279495618649
clarification,1,0.9072321386532798,0.0,0.9072321386532798,0.9072321386532798
reported,134,0.9069885934254026,0.03012373804680515,0.8011341433917805,0.9501350561492
learn,3,0.9069805418112774,0.026484109985256524,0.8699475014290275,0.9303475838920279
appeared,1,0.9068603792200487,0.0,0.9068603792200487,0.9068603792200487
interrupt,2,0.9068263804853318,0.022994350098976823,0.883832030386355,0.9298207305843087
moving,1517,0.9066940356510267,0.05358122212428524,0.3766567679288931,0.9841257246697597
distributed,5,0.9066482300527248,0.03932038955789655,0.8621486012903115,0.9552394233516297
security,14,0.9066096493680281,0.026993998478119677,0.853205704300561,0.9475930557791984
track,2,0.9065851577222117,0.004636515078048076,0.9019486426441636,0.9112216728002598
paths,200,0.9061709836873411,0.02428058409354665,0.7752091694527171,0.9535080403760338
cooperate,1,0.9061405674972387,0.0,0.9061405674972387,0.9061405674972387
avoiding,42,0.9059557133494448,0.05751897715668492,0.7965298080685739,0.9835941150884597
shared,52,0.9058406592740675,0.047975201679155144,0.7729023856303262,0.972230997070927
starting,222,0.9058170345897897,0.04727380639894572,0.739341490246601,0.9784983988618917
encounters,4,0.9056217084535093,0.03189399564949772,0.8632779923402413,0.9529684349870379
did,12,0.905420689607601,0.05275340452075809,0.7947590123067673,0.9719857239765071
ected,23,0.9050934506084068,0.030459349039256643,0.8345148431667532,0.9568694678477877
aligned,1,0.9048605139466895,0.0,0.9048605139466895,0.9048605139466895
amb,1,0.9046375417512901,0.0,0.9046375417512901,0.9046375417512901
2,1465,0.9045059477510382,0.03622097593248856,0.7212124467337228,0.9784176905181456
testimony,3,0.904400689858726,0.02211006224966157,0.876663455349704,0.9307699729102857
wasted,1,0.9043588292418157,0.0,0.9043588292418157,0.9043588292418157
Communications,112,0.9042863790249217,0.030204953872152523,0.7474733681798529,0.9658260958822856
closest,82,0.9042273324295471,0.026689760694595128,0.833230295594206,0.965095893205099
seeking,2,0.9042229844580473,0.048836935026339234,0.855386049431708,0.9530599194843865
ga,1,0.9041858233157631,0.0,0.9041858233157631,0.9041858233157631
orange,337,0.9041693019890716,0.053479197600759226,0.5495210982194797,0.982464606722956
assignment,4,0.903857629747453,0.04675708715366114,0.8307226553997581,0.9489202061309745
seeming,3,0.9038524727378917,0.0018733314891012742,0.9012031819391843,0.9051771181372457
traveling,4,0.90380834056904,0.016968295124578894,0.8793423862079671,0.9267551699051949
specified,1,0.9037395634599894,0.0,0.9037395634599894,0.9037395634599894
provide,539,0.9037298973053337,0.037836636735751585,0.7373515442730167,0.9970051071373344
encounter,15,0.9037081235323489,0.032739194354928676,0.8515595037182864,0.9580200182151625
gathered,18,0.9036004908460495,0.024199344076875413,0.8520409266761927,0.9566151183330671
avoid,384,0.903557355220682,0.04851574745903024,0.6389548611113658,0.982259842102255
discussing,35,0.9033552497981674,0.09254486742713554,0.5714246935867011,0.9940870550824535
happened,32,0.9032376675651743,0.060855011716482596,0.7363154824309116,0.9937366203445988
Storage,254,0.903232180814181,0.03242860579695267,0.7406406247927853,0.9676869866603123
reluctance,1,0.903167578997227,0.0,0.903167578997227,0.903167578997227
central,38,0.9029494196300852,0.027008292452082902,0.8168876827589486,0.9390836529696319
choose,54,0.9029424707827831,0.043005266675469986,0.7859082547063347,0.972093907508424
relocation,1,0.9027876815294474,0.0,0.9027876815294474,0.9027876815294474
keeps,22,0.9027815729121652,0.029568888531250878,0.8290249555590565,0.9402242322422177
found,15,0.9027583645840864,0.032858467396463385,0.8424136613890587,0.9470764216346921
updated,1,0.9026731060010615,0.0,0.9026731060010615,0.9026731060010615
tasks,3956,0.9025750687597428,0.0416376352786899,0.4770081136055981,0.9930360930000114
provoke,1,0.9024452394253595,0.0,0.9024452394253595,0.9024452394253595
crew,39,0.9024041580109662,0.0191870451970578,0.8518276353692374,0.9355187845316448
movement,174,0.9023803352644303,0.03598152344353092,0.7830109907675205,0.987479051429256
Players,908,0.9023115764352,0.024332432754669515,0.7908692258720779,0.9643163603568852
free,9,0.9021732839778777,0.022349957922727415,0.8597581253927059,0.9314335100330858
Steering,42,0.9021285801146137,0.032784509414424304,0.7535707689767406,0.9494445908945275
interactions,12,0.9020478525354539,0.02273210623364952,0.858874355079644,0.941954596588291
We,138,0.9019656492254968,0.041527434966107966,0.5805219878921996,0.9771882192893002
chosen,4,0.9018821622081322,0.01919712082604281,0.876895772538542,0.927355514269493
Distrib,62,0.9018450187459665,0.028272008315151864,0.8297147593945761,0.943452455799712
less,108,0.9017502860650817,0.04850676766684626,0.747220480643107,0.9823606880991508
Several,1,0.9016859709934443,0.0,0.9016859709934443,0.9016859709934443
occurring,2,0.9016271404986598,0.0210035419323521,0.8806235985663077,0.9226306824310119
to,14285,0.9015596609052648,0.06471840494224812,0.3558146392125139,0.9989897387418386
Filter,62,0.9013859068689901,0.027402407145932083,0.8043658422015652,0.940237850682307
Our,37,0.9013506966898793,0.03096273087929793,0.8206612236780924,0.9519912259360896
Communic,4,0.9013075273160983,0.01887573622827488,0.8741802701748803,0.92548939591943
staying,20,0.9011837724733741,0.05063585096876515,0.8033126215056008,0.9732225991149598
fixing,6,0.9009597226537118,0.06586593246811671,0.7646496941981602,0.9675733927362613
investigating,4,0.900957304790233,0.01530284706878689,0.8797981945658225,0.9164976513749057
ess,14,0.9009308721143731,0.03208502769639889,0.7933072027987627,0.9251366542120857
creating,19,0.9009226161782188,0.08108384003418974,0.6017338113186297,0.9805641498410702
task,4318,0.9008389626264021,0.04906076939114223,0.47054953827528234,0.9937735853606391
white,306,0.9008185309647911,0.04855784008545388,0.5586525135962336,0.9632417433797401
observed,424,0.9005585237544045,0.027438347886070694,0.7674087551173322,0.9572978156003553
ations,5,0.9005449434246119,0.021104396626430374,0.8650799602672902,0.9186474570364233
maintain,43,0.9004943351374924,0.03690238271566482,0.7786036932908584,0.9634440996043159
It,103,0.9004744544728324,0.034890228539590395,0.8103655216886808,0.9852496584520781
processed,6,0.9004633184019802,0.006784952437358505,0.8956656325234957,0.9100586901589489
all,432,0.9003340124050098,0.046142625208026034,0.5497658675336773,0.9732218264238657
started,618,0.9003235960278179,0.034548300826211034,0.7468025599104973,0.9652506058155903
interfering,4,0.9002967962373766,0.029560820684247424,0.8691112653459588,0.9311870538792242
stalk,1,0.9002253168653813,0.0,0.9002253168653813,0.9002253168653813
Moving,585,0.8999980048443825,0.04622654450952968,0.6523538290879008,0.9816877869688537
stealth,20,0.8999289074292948,0.053331871388090916,0.7571333341387064,0.9485203818996427
recorded,25,0.8998943103775509,0.006730155270453555,0.8959416560152009,0.9277879311630439
ensed,1694,0.899893992840781,0.000832922428182551,0.8998126595078233,0.9084238261347193
interaction,3,0.8996485552286227,0.03934164852359671,0.8440241853811377,0.9285071970955642
red,381,0.8995250094105405,0.0465606738582945,0.5999456095658657,0.9637009927470045
knowledge,1,0.8994698706743581,0.0,0.8994698706743581,0.8994698706743581
order,9,0.8994678952054984,0.05284998329975912,0.8168930287965627,0.9698498104452148
upon,3,0.8994206976652347,0.02859065857901835,0.8604951123125305,0.9283564909583395
inconsistencies,9,0.8993583853324196,0.021870799917119137,0.8592297370445957,0.9307212614200946
Now,2,0.899335125594201,0.0048702715411013675,0.8944648540530996,0.9042053971353023
reason,55,0.8991869161372473,0.08400446614446665,0.48736249967793255,0.9846218063265769
new,32,0.8991217696341344,0.03798127358443399,0.8113431407629221,0.9674582077051179
continue,19,0.8990079988353307,0.04720315174191384,0.7615928376317344,0.9630216584395289
initi,1,0.8989197601478475,0.0,0.8989197601478475,0.8989197601478475
Fuel,238,0.8989028568186196,0.025042247550444235,0.8246081556173677,0.965222232318119
solo,32,0.8988766387186328,0.023886513531605383,0.8430488320155475,0.9427919296017727
en,1,0.898848117029131,0.0,0.898848117029131,0.898848117029131
some,160,0.8988336675028303,0.0374509729446847,0.7671269487249729,0.9961854608380553
Most,1,0.8988025284763878,0.0,0.8988025284763878,0.8988025284763878
around,60,0.8987211299659756,0.07024098736400237,0.5962355197054807,0.9795476279624059
build,16,0.898692379283924,0.029683822662456706,0.8422728170842448,0.9707267915608492
Initial,1,0.8986921477219704,0.0,0.8986921477219704,0.8986921477219704
right,22,0.8986362799256716,0.04894293090859863,0.8230770854518482,0.9804712442169139
clarify,24,0.8985243125426333,0.05450533578314264,0.7126915881509663,0.9709347587542089
completely,2,0.8984793150450645,0.001451813799051238,0.8970275012460133,0.8999311288441157
pick,3,0.8983112631515117,0.0343830949060277,0.8511034672978082,0.9320079223928728
ing,306,0.8983036244215709,0.06110079362897157,0.36337155989976994,0.9884713549011618
0,207,0.8982977016607813,0.01952738383086306,0.8164354460505738,0.9421564675215217
didn,24,0.898265214443077,0.03135739806206108,0.8489579705626282,0.9751105207406562
connected,54,0.8982120780256307,0.027716119634200245,0.7880270331848337,0.9410537702902839
none,1,0.8980585952557759,0.0,0.8980585952557759,0.8980585952557759
description,1,0.8980311046540158,0.0,0.8980311046540158,0.8980311046540158
witness,26,0.8977219868408194,0.03636595998910687,0.7804514859231113,0.9305637749021718
followed,12,0.8976831356015067,0.035295543984911894,0.832938143002956,0.9417053639389757
towards,596,0.8976679712431699,0.050236450076355424,0.5078606081730646,0.9786194116682779
following,25,0.8976580655380998,0.07837729322781968,0.6168030240675049,0.9668628381371288
brings,10,0.8975638300122759,0.04736366140206789,0.7655607794790177,0.943781233345117
hidden,1,0.8975454520698086,0.0,0.8975454520698086,0.8975454520698086
My,759,0.8974927432027565,0.03808571058935786,0.7314873409732686,0.99600679399203
clues,10,0.8974335712144029,0.03937606295918577,0.8318774468161559,0.9689540905141691
can,810,0.8974019499401658,0.05530628335384455,0.6445416048071778,0.9924120440198869
chute,2,0.8973564423809656,0.0,0.8973564423809656,0.8973564423809656
sees,2,0.8972602942940171,0.005021612642198747,0.8922386816518184,0.9022819069362159
beyond,1,0.8972289508130562,0.0,0.8972289508130562,0.8972289508130562
imply,3,0.8972083614671282,0.11064724963232306,0.7409452386338582,0.9824531576326099
puts,5,0.8971451780976087,0.010967248137935776,0.8834017649545863,0.9102094738712357
myself,209,0.897100207645186,0.06277505315731852,0.6769049720596211,0.9983643269525252
distract,3,0.8970699184577512,0.00965390827942962,0.8834410507033335,0.9045824858471944
adjacent,1,0.8969980979664398,0.0,0.8969980979664398,0.8969980979664398
Ch,170,0.8968606697226426,0.02490152724459216,0.8262390038688887,0.9602961556986963
specific,13,0.8968179137500306,0.04656659394112975,0.8183994056208915,0.9681131251614293
state,44,0.8967224523868436,0.05619632574480312,0.7520846238996424,0.9420791498543828
't,212,0.8966656773652067,0.057177133232389044,0.6869685669533906,0.9987028231111488
until,1,0.8965427822878818,0.0,0.8965427822878818,0.8965427822878818
hopes,1,0.8965389313497262,0.0,0.8965389313497262,0.8965389313497262
positioning,15,0.8964379379625814,0.04117366818179238,0.8199850140719469,0.9421701060327546
many,11,0.8964217069501696,0.045497776701837314,0.8223691100451364,0.9678386907134767
Unlock,30,0.896392210811608,0.02113392433887177,0.8445288473991461,0.9312923345836072
phase,424,0.8963805018762752,0.03520105626862245,0.6930068970382325,0.9552989208336407
joining,1,0.8963207506171602,0.0,0.8963207506171602,0.8963207506171602
un,2,0.8962569066637973,0.03541382911683644,0.8608430775469609,0.9316707357806338
Player,3603,0.8960847563057718,0.037657648631843225,0.5251211858727383,0.9868176394001056
side,4,0.8960444563110563,0.017973424040907394,0.8780561179460091,0.9248186529371101
easily,7,0.8959131116663833,0.034669974254268834,0.8248713457446288,0.9357136315042781
jump,3,0.8958766480577723,0.033415030021335966,0.8670644020744069,0.9427209770423226
V,16,0.8958135701428707,0.048221734291065695,0.7560543255886922,0.9707907869107673
players,3412,0.8957780172886303,0.035305404109031505,0.6565045864240107,0.9931986757769018
Engines,238,0.8957556346042036,0.03770284833905932,0.690071985133438,0.9610349451644387
observable,1,0.895662023694264,0.0,0.895662023694264,0.895662023694264
black,285,0.8956536016740616,0.04198384965102173,0.6132705795572018,0.9689749422283465
at,858,0.8956301305635965,0.04948360517136227,0.6048705267291152,0.9776847342836701
occurred,237,0.8955842803519395,0.02858898961865349,0.6699145485636686,0.9613953066057067
engaged,15,0.8955175874710437,0.035304445881905705,0.8168762943684135,0.9373537207377192
begun,64,0.8954519861785109,0.02262077922547891,0.8460941789829064,0.9446453862751685
explained,1,0.895365520981929,0.0,0.895365520981929,0.895365520981929
gather,618,0.895355334227776,0.033056373250574714,0.6801138443055118,0.9822919280486119
alone,257,0.8952972844408419,0.054140161218015626,0.5885269297330449,0.9672022332163168
finish,4,0.8952894690195872,0.025964170913967733,0.8622915925848138,0.9332544911397872
they,222,0.8950092864359785,0.07143605218395153,0.33480727206228,0.9881941873912022
thereof,2,0.894920988634121,0.009571102326499326,0.8853498863076217,0.9044920909606203
ost,1683,0.894907576827111,0.025192556128866412,0.6884067420788342,0.9552569811102607
view,2,0.894872515902216,0.020227967106588973,0.8746445487956269,0.9151004830088049
first,895,0.894743462501656,0.03857633698174258,0.6500629266230764,0.9809842586374194
brown,341,0.8947093993734198,0.053045019532000415,0.4219637268592642,0.9599489867798354
iterate,4,0.8946552697178239,0.07335672503834131,0.7748391395077405,0.9630466827920396
green,303,0.8945904132745356,0.04455693890336102,0.6489120648734761,0.9669913889114642
emergencies,4,0.8945621730368135,0.007794774648244887,0.8862694813424864,0.905644333009024
navigating,5,0.894530858975424,0.030112044211123352,0.8621317319168397,0.9478921416032194
it,2342,0.8943767851036516,0.051787950873861746,0.44688027935641156,0.9915368803227094
A,25,0.8942396026166459,0.023762803322714153,0.7989408247642661,0.9362158679778221
React,236,0.8941559374301863,0.03483719310827471,0.7603592903176892,0.9675720767823396
pink,290,0.8939701523182192,0.055149117547481544,0.46354788805912017,0.9665295127884667
disclose,2,0.8937366981810855,0.06235507688747305,0.8313816212936124,0.9560917750685585
up,64,0.8937148328141012,0.05340559221375075,0.6999739219258625,0.9915015232479969
Elect,37,0.8936299038295532,0.03723702968939628,0.8085827914195338,0.9593773030135638
visibility,1,0.8935975569659118,0.0,0.8935975569659118,0.8935975569659118
additional,13,0.8935501079507,0.027706655500695725,0.8490098203126506,0.9429912646682456
team,41,0.8935034731791008,0.043537693529699245,0.6876503141928557,0.9580571102419984
follows,13,0.8933827122764753,0.03946258227976322,0.8346117863594207,0.9458195428346344
suggestions,6,0.8933585673704285,0.0790410419864868,0.751293636916437,0.9817402848944843
their,653,0.8933006835621823,0.06143035307014636,0.5975678816450014,0.9893736781252146
discuss,107,0.8933003167797754,0.06593553825357391,0.6759309586220351,0.9916980069426725
gauge,8,0.8931806492455909,0.06352216934397574,0.7829042699330733,0.9720397268616542
actions,1473,0.8931673108229338,0.049300198471157776,0.3158662736038573,0.9839026379116876
underway,1,0.8931134483512712,0.0,0.8931134483512712,0.8931134483512712
player,287,0.893061881442664,0.03939843654450892,0.6733648488983307,0.9801332884428477
iss,1,0.8930564086395101,0.0,0.8930564086395101,0.8930564086395101
departure,1,0.8929153939751671,0.0,0.8929153939751671,0.8929153939751671
Memory,1694,0.892859819931275,0.0019169766068460785,0.8732283508634343,0.8930470091476551
Process,1694,0.8928351080379698,0.009258068778270297,0.8559932025341856,0.9199499062299754
prior,29,0.8925057921423613,0.021156291329150013,0.8262747347907612,0.9179361261041289
utor,62,0.892472902714119,0.03712791636798272,0.7316883865964118,0.9402435595454659
yellow,329,0.8924627834418561,0.06383618515014526,0.38234067600852456,0.9705299771974777
reactor,3,0.8923632693862492,0.0014445112280025215,0.8903299864930327,0.8935509065604454
in,7373,0.8923621992588344,0.0572020847379321,0.4640415175527752,0.9956885266617729
49,1,0.8922554706595536,0.0,0.8922554706595536,0.8922554706595536
perfectly,1,0.8922226285363144,0.0,0.8922226285363144,0.8922226285363144
actor,8,0.8921876476485955,0.02099636031033329,0.851122032147427,0.9203811671332621
area,141,0.8920638095629969,0.05849052327509747,0.6686611936767151,0.9714022210949652
different,529,0.8920579891449316,0.04697948950269156,0.7124042959590194,0.9730034823242991
"""",1342,0.8920305311211809,0.0483349575641611,0.6284479859402496,0.9993206039438721
mix,1,0.8920068401917995,0.0,0.8920068401917995,0.8920068401917995
50,3,0.891987259130362,0.024536564156918798,0.8580911811546376,0.9153661918615226
events,469,0.8919852471364011,0.026914108363608562,0.5725259764512937,0.9338971562078228
Some,3,0.8919251622535512,0.019910328144128103,0.8660088879833987,0.914417018294488
detection,31,0.8918366011947023,0.05235618413416512,0.7457324978309015,0.9608316844653638
Gar,303,0.8918245665646006,0.03637138305538119,0.7826483256148296,0.9680267854641189
The,655,0.891798291032467,0.03211791275492831,0.6944536440730467,0.9516963690641014
Div,462,0.8917793138098067,0.03287438465071759,0.7599548702326584,0.9807972214739843
actually,7,0.891702863693606,0.08721679001511404,0.7094824662600911,0.9814061248645594
congreg,3,0.8915719638998155,0.06795391154996323,0.7988130661886338,0.9597101193797724
ed,491,0.8914294552315406,0.028220015947894726,0.765849175988693,0.9642770021369081
completed,887,0.8913113349734199,0.03782954074423215,0.6310580651538784,0.977025701729902
conflicts,1,0.8912262107441707,0.0,0.8912262107441707,0.8912262107441707
arou,13,0.8911667021873674,0.04832006627713946,0.7864125898437543,0.9422637139693617
aside,6,0.8911463348525857,0.02677033937893934,0.8672348512308278,0.9480034799697057
blue,371,0.8910964575872687,0.059514304776618766,0.4722567570152018,0.975894085789509
They,3,0.8910904032082186,0.03111565116204648,0.8481853018005279,0.9210069852065522
map,24,0.8910022583786308,0.029340657269357164,0.8352097718223297,0.9315142631891635
status,3,0.8909664337779888,0.02732392653007019,0.8691544150231874,0.9294962068365238
jection,70,0.8909544342632528,0.020325926824090984,0.8160497161970169,0.9332059876615063
decides,4,0.89084820916637,0.008456805812484876,0.8773292161563602,0.9006598131234282
close,49,0.8907113737312973,0.03372380920136271,0.795741621937483,0.9557759671791725
was,126,0.890658216559233,0.06063900836134799,0.6733166308002217,0.9961046344845924
worry,1,0.8906539319835114,0.0,0.8906539319835114,0.8906539319835114
Before,3,0.8906471510571149,0.05603542908470238,0.8117571619033389,0.9365906975917774
accepting,2,0.8906312861629259,0.0,0.8906312861629259,0.8906312861629259
-s,1,0.8905641103103825,0.0,0.8905641103103825,0.8905641103103825
getting,14,0.8901855701240329,0.03450201392408019,0.8507911563466711,0.9850264040856167
form,1,0.8901673578332915,0.0,0.8901673578332915,0.8901673578332915
encountering,61,0.8901641496891897,0.028035785527975487,0.8075843538091027,0.938631798698851
Security,679,0.8901488239775966,0.03727808892938368,0.7397294866445246,0.9607709940316845
distractions,2,0.8901460654430979,0.003032317236687232,0.8871137482064106,0.8931783826797851
inactive,1,0.8901017123796107,0.0,0.8901017123796107,0.8901017123796107
we,446,0.8898606670138034,0.05753577837376426,0.6384962652559745,0.9943076610540089
just,694,0.8896234294949673,0.051300121326594735,0.5881468686250795,0.9970087576239774
together,78,0.8895574498744548,0.07681991082130644,0.5602644840678391,0.9873248271595177
Assigned,2,0.8895557868545754,0.014154404239221596,0.8754013826153538,0.903710191093797
few,5,0.8895397994979988,0.054596937576256825,0.796406053120079,0.9532054736230249
planned,20,0.8894206984282638,0.04521624613508814,0.7662146990387543,0.9463514743857757
explaining,2,0.8893890124077521,0.0008970279353527344,0.8884919844723994,0.8902860403431049
gain,64,0.8893238611571261,0.04338138539052142,0.7528326032844065,0.9555748597752443
confront,1,0.8892789406558921,0.0,0.8892789406558921,0.8892789406558921
place,21,0.8892385393211379,0.03037420240831892,0.8266333647620127,0.9781499915918817
exiting,1,0.8891817530639659,0.0,0.8891817530639659,0.8891817530639659
Orange,2,0.889034660581567,0.010191891492778327,0.8788427690887887,0.8992265520743453
revisit,1,0.8890345384448005,0.0,0.8890345384448005,0.8890345384448005
Man,30,0.8890330836130482,0.02559768015798034,0.8258185918344151,0.9416032134473421
:,3831,0.8889741091610567,0.04273945656456648,0.583231554724109,0.9902055850017054
oids,109,0.8888648324604629,0.03427603963065397,0.7239524592298838,0.943783022818375
past,11,0.8887372654187267,0.02956300054417585,0.7952508492303337,0.898085907037566
step,582,0.8887039794949374,0.048407141199435795,0.6103362889935646,0.9873969729369935
self,7,0.8885166457546143,0.02453760973164649,0.8513120008197098,0.9115780364241527
3,1068,0.8884387330598152,0.03994658027653756,0.7030841239349681,0.9785533267167048
Currently,67,0.8884024561806996,0.04387129684849167,0.7314266947407234,0.9350334254490841
bottom,1,0.8883591630334466,0.0,0.8883591630334466,0.8883591630334466
navigate,5,0.8883315426807419,0.006518560374935599,0.8798828409003647,0.8971870392636414
surveillance,5,0.888187668926661,0.019319059465828126,0.8610102687518757,0.9148726071687839
took,1,0.8879589195108426,0.0,0.8879589195108426,0.8879589195108426
plan,65,0.8879375374400658,0.07122031515278611,0.7214212641631408,0.983753125694172
There,70,0.8879101617405499,0.024043548409338818,0.8419541898285401,0.943874804439336
relocated,1,0.8879052334087593,0.0,0.8879052334087593,0.8879052334087593
us,221,0.8878726183372365,0.05234421090845761,0.7139093700294562,0.996074303568207
4,942,0.8878461741281491,0.045539967172621106,0.5634551537310749,0.9780327503591245
various,37,0.8877502047667644,0.057113155179454686,0.7182292340210107,0.9578003212769068
get,87,0.887659204285488,0.045802717606883835,0.7878580415363161,0.9743027265712046
focus,215,0.8876578710424959,0.07798091340278814,0.46259079825021565,0.9950315332254221
personal,4,0.8875315480712036,0.03202672146452242,0.8589496538498362,0.9415078159964276
areas,100,0.8874380218613797,0.06456398899292405,0.5427889986667668,0.9696361062410368
have,3603,0.8874284065472079,0.04967029051863997,0.36526245029885174,0.9941416103003659
cafeteria,2,0.8873288081884141,0.0018738234190016079,0.8854549847694125,0.8892026316074157
BODY,1,0.8872984610934684,0.0,0.8872984610934684,0.8872984610934684
exhibited,1,0.8872205752572749,0.0,0.8872205752572749,0.8872205752572749
notable,8,0.8871045406368845,0.03375395288853921,0.819087791454902,0.9263976833844595
I,5900,0.8870497607620003,0.048287298611944335,0.47971541874092777,0.9994182285204931
keep,89,0.8869306753794477,0.042494659402011116,0.7141512723820538,0.9628956802292539
full,5,0.8868669135873622,0.01749528756802973,0.8598683465239412,0.9141843621487518
haven,20,0.8868549231909441,0.04101617176287768,0.7929964774497593,0.9591579369463343
initiate,3,0.8867931492445278,0.04126404806666154,0.8545249596785235,0.9450360964325877
narrowing,1,0.8867316167920133,0.0,0.8867316167920133,0.8867316167920133
hiding,4,0.8866976351205741,0.023671783060028963,0.853880256389206,0.9156615762027787
story,6,0.8864838895484874,0.06203784523512228,0.8272737218026793,0.989824383117422
alarms,3,0.8863756178532203,0.0703574534703239,0.7869000633375186,0.9380414585406425
Aster,109,0.8863045584014035,0.028526985112438327,0.8017352205664807,0.9619606455338932
them,331,0.8862930714320538,0.05921127338732312,0.6978548538476559,0.9815171797563584
revealing,29,0.8862282987725933,0.055919369457163984,0.7967093187288566,0.9802827156402789
assist,5,0.8862103171365806,0.04795782188943687,0.836899973808964,0.9693413531623527
escapes,4,0.8861862360638268,0.026529526499936135,0.8414998906453859,0.9111636816675862
decrease,1,0.8861249294694267,0.0,0.8861249294694267,0.8861249294694267
lie,1,0.8859088516945777,0.0,0.8859088516945777,0.8859088516945777
body,60,0.8859050275638567,0.0659771087972067,0.5181870121636214,0.9524199850645165
inform,15,0.8858918927041181,0.11608110376125706,0.4705708738993546,0.9419327024387892
words,1,0.8856596001326591,0.0,0.8856596001326591,0.8856596001326591
solitary,8,0.8856164703077665,0.0331335474950324,0.8465600216611051,0.9379778698929677
becomes,3,0.8855302015504196,0.027712408689636352,0.8515900716085661,0.9194713324195074
find,176,0.8855301822507603,0.043777477919867636,0.769448702572302,0.9843046750657517
offer,5,0.8855271211053445,0.015994907890232377,0.8734055272698943,0.9164248906044047
Two,16,0.885346826153977,0.031025638820999627,0.7961312251671383,0.9101188298909341
unusual,43,0.8851638175236544,0.058465032408523854,0.7568089243311681,0.9770870673620982
route,32,0.8850143878565849,0.06720159433746764,0.6809101821177701,0.9740272506846976
catching,1,0.8849295069748216,0.0,0.8849295069748216,0.8849295069748216
accounted,5,0.8849061988174786,0.029795474415422355,0.8552938930221025,0.9419879496770631
trust,50,0.8848986778120336,0.06680155781994268,0.6628542904254799,0.9538552385551912
To,33,0.8846431981924473,0.035955573772055466,0.7815253195740903,0.9669663778421449
something,27,0.884634920261775,0.061059039297461405,0.7505536874406078,0.9773055730054658
bodies,16,0.8844150529653273,0.031465628996906955,0.782307212748229,0.9204304671955964
olds,30,0.8844146943177236,0.033836110998007804,0.7867414652405033,0.9268350641572127
with,2353,0.8844030491968172,0.06798469547533359,0.29745513463672796,0.9845203722576819
would,838,0.8843772381045727,0.05918598327685374,0.3332456176727938,0.9860079164267053
progresses,11,0.8842675318861556,0.0847371925652046,0.703038678295786,0.9335653379408586
trans,2,0.8842601607160551,0.04666856851655943,0.8375915921994956,0.9309287292326145
distances,1,0.8842567539831002,0.0,0.8842567539831002,0.8842567539831002
Using,3,0.8839567866905168,0.0741529633910376,0.779528264372637,0.944478018680446
For,63,0.8837826393672047,0.03939922263692359,0.7648983350690718,0.9381360071565121
workload,9,0.8837736084667474,0.033407032099557546,0.8235712435969849,0.9334207424690901
earliest,1,0.8836197314600052,0.0,0.8836197314600052,0.8836197314600052
lone,21,0.8835148438154609,0.049309252294029896,0.7504930330884385,0.9290407311328884
giving,13,0.883462753105081,0.03127883633641782,0.8374008703253982,0.9406222153280155
under,6,0.8834563762896587,0.11269161009868552,0.6334205457930016,0.954962210976115
assigned,1048,0.8834506378656714,0.0415167288395548,0.6411219823837031,0.982382921056743
then,257,0.8834148255710321,0.04931464173394915,0.7148319181859271,0.9708206208642491
cyan,352,0.8831810122067595,0.0632169217386434,0.4604706467254768,0.9567965299066725
nearby,22,0.88317825607789,0.0375191604744648,0.7436544033187205,0.9212669279103369
convince,1,0.8831086697256888,0.0,0.8831086697256888,0.8831086697256888
no,465,0.8830667556145115,0.03827439798035059,0.63621675302163,0.9547631937694201
provides,28,0.8830533857681265,0.05062249107143048,0.7778302843734277,0.979973169048957
strategies,27,0.8830331399233088,0.0666408818479903,0.7029400822503369,0.9821808558770639
kills,47,0.8829841121814979,0.0450513036801299,0.7245772359350792,0.9386296252007021
killer,5,0.8829075097624319,0.004322696401654181,0.874343360944656,0.8859689301826745
Instead,52,0.8827896614240108,0.03413464884606606,0.7673934439910106,0.93294765765139
),454,0.8827058716688888,0.05347582683109208,0.6665019711903692,0.9753187242528943
perceived,4,0.8826773824172323,0.04757829672535785,0.8156058346302509,0.9319074586948213
ahead,1,0.8826545898473298,0.0,0.8826545898473298,0.8826545898473298
accountable,1,0.8826390092102665,0.0,0.8826390092102665,0.8826390092102665
do,60,0.8826382974798039,0.09450418310810114,0.49186456643074644,0.9892848095833486
essentially,1,0.882602695816148,0.0,0.882602695816148,0.882602695816148
suspected,38,0.8825089790890461,0.05539359682508709,0.7290194833203822,0.9468542915072569
verification,1,0.8824814511344977,0.0,0.8824814511344977,0.8824814511344977
Sample,104,0.8823986273969118,0.039311957522160386,0.7180691167461942,0.944309526487681
fully,2,0.8823853707789138,0.015667087175347705,0.8667182836035661,0.8980524579542615
rical,37,0.8822693273150417,0.036050734227768194,0.779161572169137,0.9458592172522908
flexible,1,0.8822529747190715,0.0,0.8822529747190715,0.8822529747190715
've,239,0.8821286789961142,0.06211331849086294,0.6063775250534208,0.9964713381283147
reveal,181,0.8818216299399708,0.030769367996675383,0.7866370591838562,0.9816995821831443
6,926,0.881646016140746,0.03674341428870775,0.6384656429092829,0.9680976182212082
farther,3,0.8814661127354834,0.029498713081772345,0.841465376288983,0.9117240110232423
begin,35,0.8812495463463185,0.03687218376771185,0.7823822488222065,0.9424351172912188
changes,2,0.8811836495785053,0.02007093227121065,0.8611127173072947,0.901254581849716
points,2,0.8811381504150559,0.011259903733016274,0.8698782466820397,0.8923980541480723
entering,3,0.8810976887358377,0.012513024865179094,0.866705562696556,0.8972107982377482
perhaps,1,0.8809684227167519,0.0,0.8809684227167519,0.8809684227167519
were,119,0.88081902998426,0.050044968635669776,0.671816036787567,0.9705382278075391
accused,28,0.8806707345928905,0.06669849441139773,0.6236301440875683,0.9540559705753581
icing,6,0.8803267387659935,0.02180068318900642,0.843461703275118,0.9099103367113524
won,2,0.8802321112891835,0.03486549186953675,0.8453666194196467,0.9150976031587202
committing,1,0.8802249081574264,0.0,0.8802249081574264,0.8802249081574264
5,850,0.8801801925610842,0.0356607636426525,0.6642211879916243,0.9613653846022808
related,3,0.8801673438329282,0.04208760804191166,0.8216808653793128,0.9189787074634772
isol,22,0.880149952410889,0.0386149961915142,0.8028829414179396,0.9487001960605093
gained,1,0.8800791988165692,0.0,0.8800791988165692,0.8800791988165692
chaos,6,0.8800589905619159,0.07817362119341244,0.7084162283910338,0.9345072770500884
presumably,8,0.8799629519487627,0.05935305376111058,0.7999738732931836,0.9625793306390061
stalking,1,0.8799559689725239,0.0,0.8799559689725239,0.8799559689725239
initial,400,0.8798335220038405,0.03896371268211991,0.7212913472826259,0.963131964891143
quick,25,0.8797854710980864,0.039197672752018166,0.7527232973569712,0.9524115713720248
adjusting,1,0.8797718368155187,0.0,0.8797718368155187,0.8797718368155187
ILL,45,0.8797268506786505,0.01748932022055667,0.8330807929443108,0.9053594245364749
correct,6,0.8796932938207861,0.05000224476334064,0.7797819522238119,0.9462420304728729
shortest,72,0.8796191215173886,0.032215009089659616,0.7965732974543668,0.9429160808559593
purple,250,0.8795094006675308,0.053977195712903464,0.5638592864822669,0.9548577406884355
distance,22,0.8794334689339757,0.06103220791404058,0.6910689981107835,0.96378154362151
possibilities,1,0.8794241461118909,0.0,0.8794241461118909,0.8794241461118909
earlier,16,0.8793542159239223,0.046977534371857775,0.7662264803565713,0.9507638799244919
protect,1,0.8793044659696561,0.0,0.8793044659696561,0.8793044659696561
transit,1,0.8792243074184978,0.0,0.8792243074184978,0.8792243074184978
uen,1,0.8791612738457426,0.0,0.8791612738457426,0.8791612738457426
undertake,1,0.8790874426015034,0.0,0.8790874426015034,0.8790874426015034
hide,1,0.878999259141008,0.0,0.878999259141008,0.878999259141008
someone,77,0.8788900448226088,0.047755135036648105,0.7167941291294565,0.9684648092052703
collaborate,3,0.8788080216298096,0.002725130758620251,0.875165743209435,0.8817199689847787
diverted,3,0.8787587664108781,0.011251666474064446,0.8628465070839575,0.8867148960743384
through,252,0.8787164260931116,0.04903460511071786,0.7068943763375779,0.9580728503983719
across,22,0.8786039376079561,0.038067578020016646,0.7942125425384968,0.9534288998763014
me,1974,0.8784584773022522,0.04998019329526865,0.6847607226692821,0.9899037983634091
'm,435,0.8781408098504322,0.08252024907542943,0.4823397761633428,0.996681194684729
quicker,26,0.8781230386823047,0.03729495743293931,0.7754428681000649,0.9230894302758506
interfere,2,0.8777622949110873,0.024098470194262755,0.8536638247168246,0.9018607651053501
coordinating,9,0.8777005407756777,0.06949708923502251,0.7330239707206666,0.9521655186873637
wanted,1,0.8773773284418425,0.0,0.8773773284418425,0.8773773284418425
accessed,4,0.8772318469253648,0.02146956406592464,0.8443010976667668,0.8980312762854546
now,342,0.8771114177076563,0.06661319550779173,0.41364837384247954,0.9763998433363323
signs,6,0.8770824358096286,0.08869670312921095,0.7180122783483237,0.9518627132758313
equally,3,0.8770524726531196,0.014585365691807602,0.864590191764757,0.8975180082316331
near,4,0.8770023720330875,0.031038495742597125,0.8429697129525502,0.9178988557343288
establish,5,0.8769675977885282,0.06089493397698386,0.7838756936219498,0.9369359513280756
innocence,3,0.8768500429958365,0.048238372997037086,0.8213945680269151,0.9389860449828904
deaths,18,0.8767924498719684,0.032114652993372274,0.801060268862212,0.9157559805125235
behaviors,114,0.8767250138443132,0.058996353084117895,0.6610806830637296,0.958725545567008
preferably,1,0.8764756422242701,0.0,0.8764756422242701,0.8764756422242701
located,350,0.8763661614247684,0.04974120147867598,0.5916638349602511,0.9545192858540708
uring,5,0.87569498236474,0.02187306725586063,0.8449733306706225,0.9073693501934594
after,47,0.8756503879628545,0.05025127831820734,0.7576824427601885,0.9605225062063142
progress,299,0.8756198211454934,0.04456100091622198,0.7048957522826518,0.9804707270103351
alert,7,0.8756009252001521,0.05625634571642724,0.7554533615559889,0.9479101286776624
quickly,274,0.8755779908021107,0.047002925667265535,0.5487845482913067,0.983970875219105
either,135,0.8755336998213916,0.04283440981061521,0.73486537301147,0.9823245294382393
directly,180,0.8755297711502326,0.06487835980821254,0.5367892078147755,0.9650165018118979
a,4661,0.8753467819901455,0.08413266844382207,0.3110202118217305,0.9978850029401358
guard,30,0.8753465264668441,0.038374464796330957,0.7972243113631605,0.9469527837780529
spot,4,0.8752832007475433,0.01583974538390369,0.8515718346603428,0.8913680749004869
witnessed,16,0.8751581229521562,0.06464559939785659,0.7036666864559225,0.9490249429740915
',579,0.8748687461441434,0.046432004217464115,0.5885402493949028,0.9843256522171895
memory,3,0.8748511339422539,0.01774069672254935,0.850676370745487,0.8927509245581955
dead,79,0.8745821867009491,0.04045857575081305,0.7477455474186421,0.9361755767147285
available,132,0.874528892252574,0.067691167760188,0.6032382298806452,0.9519965170811079
behavior,440,0.8745021380511769,0.07154622447615056,0.3265127846797159,0.9773516880148864
beginning,48,0.8744626436631018,0.036085565539679634,0.7731959678761625,0.9377174238657238
on,1243,0.874423310694288,0.06873032531303812,0.4897395181087726,0.992735651714082
routes,16,0.8744101476803343,0.10384420249971428,0.605323092970279,0.957988173364301
building,1,0.8743278460827528,0.0,0.8743278460827528,0.8743278460827528
take,41,0.8742843153443013,0.05340872039293531,0.6941078295892386,0.9292921407741912
the,9744,0.8742253153274466,0.09157672238630726,0.15438396012832756,0.9959522527763659
guilt,3,0.8742059237658258,0.0355485059437513,0.8253545495679343,0.908912750951482
investigate,10,0.8741640309794564,0.04356007795201816,0.7907351485179765,0.922737963079758
had,6,0.8740086914902313,0.0401106433480736,0.8158074737791019,0.9500702826820673
actively,2,0.8739767433940309,0.002515559237988352,0.8714611841560426,0.8764923026320193
exposing,1,0.873950892419635,0.0,0.873950892419635,0.873950892419635
time,288,0.8732575060786618,0.04985435645612356,0.639218226864701,0.9629295012988806
mates,646,0.8731886744614902,0.05757821436844459,0.3617454612875305,0.9604842530824435
closer,162,0.8731255961199544,0.05021798146355922,0.6095220319052798,0.947664178539063
suggested,22,0.8729697141803757,0.06492801099099017,0.6983022339825273,0.9513778213737409
seemed,6,0.8729258336490403,0.03711681970408063,0.8335286861381245,0.9419644951748325
immediately,298,0.8727139750397174,0.04803328559324376,0.6137659072940967,0.9522783529146255
assignments,33,0.872589746708593,0.036169597354012366,0.7960901601267119,0.931711888414908
ourselves,12,0.8725716508299121,0.04592987767963264,0.7736858561080414,0.9497135531049373
ifying,1,0.8724993149938092,0.0,0.8724993149938092,0.8724993149938092
specifics,1,0.8724189527050921,0.0,0.8724189527050921,0.8724189527050921
attack,2,0.8723647211635805,0.0063707858529094,0.8659939353106711,0.87873550701649
unnecessary,25,0.8723030314198588,0.05092804758346274,0.7499028741533414,0.9458103403673275
connection,3,0.8722076479836794,0.06714311006668017,0.8087949894284987,0.9651219987565162
flexibility,16,0.8721598383571627,0.035794504487761475,0.8068823662846584,0.9410225930711795
opinion,1,0.872127173659112,0.0,0.872127173659112,0.872127173659112
decisions,9,0.8719200477217761,0.08067737949434621,0.7164997464646458,0.9666835124099217
're,19,0.871849329384918,0.08150936811368961,0.7116379840814917,0.9961229208572455
clar,1,0.8717957732776207,0.0,0.8717957732776207,0.8717957732776207
")"".",1,0.8717004150480017,0.0,0.8717004150480017,0.8717004150480017
collaboration,6,0.8716957387045511,0.01733297447349668,0.8426705913380612,0.8969569371197311
could,1365,0.8716299610516102,0.07394799891441371,0.470532649371615,0.9824279128925912
monitored,1,0.8715832391968572,0.0,0.8715832391968572,0.8715832391968572
point,171,0.87144276926487,0.08159241335686356,0.5862590829146191,0.9793908650259375
exhibits,1,0.8712264107878805,0.0,0.8712264107878805,0.8712264107878805
shorter,118,0.8709743534754151,0.03032313212232869,0.759958427991836,0.9416436948741683
slight,1,0.8709081016893322,0.0,0.8709081016893322,0.8709081016893322
conflict,1,0.8708747827491575,0.0,0.8708747827491575,0.8708747827491575
topic,1,0.8708591501404812,0.0,0.8708591501404812,0.8708591501404812
taken,247,0.8708203582912633,0.042221040280010905,0.7286682943323601,0.963706155134821
"),",332,0.8707233219175893,0.05462627393182566,0.5241969554143783,0.9591858218025868
Starting,13,0.8706700923816025,0.03320373140688788,0.7900646264157375,0.9167691008796548
tackle,1,0.8705953631785133,0.0,0.8705953631785133,0.8705953631785133
mentions,1,0.8705572988582984,0.0,0.8705572988582984,0.8705572988582984
has,901,0.8704401539481276,0.059743710836667935,0.3833839565021935,0.9949681927754204
longer,33,0.8704188784539644,0.045746624311237584,0.7821053205748247,0.9732387913082234
Cleaning,1,0.8703659674925233,0.0,0.8703659674925233,0.8703659674925233
needing,3,0.8702385001318449,0.04124703205805432,0.8129725656186108,0.908485833651598
Killing,71,0.8701663017936764,0.05745637407126335,0.6067488136730436,0.929838783560432
try,103,0.870124793597285,0.07312951511421965,0.6653576330173511,0.9642808325597393
gathering,153,0.8700036184898007,0.05755039893097,0.6142501782278835,0.9498472216956371
spending,1,0.8697997609602719,0.0,0.8697997609602719,0.8697997609602719
seemingly,276,0.8696621290000901,0.041842953404623816,0.7255521451036707,0.9775161142100971
grouping,1,0.8695736502196428,0.0,0.8695736502196428,0.8695736502196428
own,30,0.8694119643626307,0.09094174176275623,0.43628281622178466,0.9483765607281511
five,46,0.8694096045725881,0.016691089130585524,0.8063479072168517,0.8924081222607787
options,78,0.8692192150722183,0.06161830573394296,0.5943303498719956,0.9645503687176447
indicated,1,0.8691754959053937,0.0,0.8691754959053937,0.8691754959053937
assessing,4,0.8691696326682841,0.040706718936951006,0.8131746247447948,0.919196452047199
freeing,4,0.8691212800486284,0.013437238195266848,0.8528464131077036,0.8863490559362124
having,71,0.8690559966131852,0.0718603135034833,0.6720244922526126,0.951805439582065
wasting,5,0.8688151072396376,0.023161000351379794,0.843992213086778,0.9003898856805572
left,14,0.8687281643976252,0.03663228962401891,0.778835064529327,0.9160467964397974
good,311,0.8686350310642076,0.053838386406849036,0.6536704401661161,0.9904127886421368
emergency,100,0.8685272871436269,0.060265381568165105,0.6292956555108008,0.9452728885273772
identity,155,0.8685080459043746,0.039237665043786785,0.6936478706809396,0.9476249985679858
centered,1,0.8682185806329938,0.0,0.8682185806329938,0.8682185806329938
genuinely,8,0.8682181163341363,0.058625671999283174,0.7383919378924185,0.9461156041262883
identities,5,0.8681916609024908,0.06542231779164745,0.7724525791280343,0.9536011052523549
contribution,2,0.8681716087199078,0.02902320198930114,0.8391484067306066,0.8971948107092089
Sharing,10,0.868042560486588,0.07034378120250254,0.717780275116694,0.9810193464335747
escape,32,0.8679191447328554,0.04110152800258321,0.7531454354462315,0.9611412166134736
Specifically,1,0.8678710605847421,0.0,0.8678710605847421,0.8678710605847421
-p,3,0.8678530762246967,0.031211510067912434,0.829144860115709,0.9055781680667842
accessible,59,0.8677053139998064,0.042042271010575706,0.66330136379054,0.9440997154696328
opportunities,108,0.8676853852501272,0.046399463217181115,0.6174934102231553,0.9577541386628983
significant,384,0.8675571490471693,0.07145680467321198,0.2726546786631839,0.9327202309424281
are,1658,0.8675078067866703,0.07415014089056116,0.39582599811987457,0.9954109592933617
itself,1,0.8674366820391455,0.0,0.8674366820391455,0.8674366820391455
saves,2,0.86729617818682,0.05466718901364437,0.8126289891731757,0.9219633672004645
guarantee,1,0.8672422732713333,0.0,0.8672422732713333,0.8672422732713333
frame,2,0.8670592464488165,0.013772937994918577,0.8532863084538979,0.880832184443735
may,61,0.8670305619092427,0.07205631367738242,0.5950119352749453,0.9530351383441648
present,113,0.8670170530791772,0.09037349772391379,0.4777604759679954,0.9615899433211398
7,776,0.8670060763442791,0.03992755422506044,0.6028892397248169,0.9654728328421481
isn,2,0.866991549659986,0.00877174463821212,0.8582198050217739,0.8757632942981981
living,1,0.8665405488603162,0.0,0.8665405488603162,0.8665405488603162
behind,2,0.8664099684466706,0.038421180812182654,0.827988787634488,0.9048311492588533
allow,380,0.8663458094796755,0.04478589500176592,0.6360125800268941,0.957829054942786
noticeable,2,0.8663151188401683,0.013787970862512988,0.8525271479776553,0.8801030897026813
und,23,0.8662888424108419,0.0555720004052143,0.710522983984714,0.9684789586065112
witnessing,7,0.8662123287592685,0.012531310948436644,0.8428483545428558,0.8886415869133749
collectively,3,0.8661514954860506,0.04304426663370853,0.8270557701862913,0.9261079776683395
incidents,9,0.8660928785668048,0.029507804059024298,0.7954891332149866,0.91258473619869
conclusive,2,0.8660566054878633,0.020928021866948865,0.8451285836209145,0.8869846273548122
lack,5,0.8660197768405515,0.043648618331377835,0.8059331151892601,0.9254480911524566
After,40,0.8659285298437354,0.031669454252913815,0.7907844686468218,0.9817236964752678
prompting,1,0.8657213707411461,0.0,0.8657213707411461,0.8657213707411461
short,116,0.8656256495374997,0.03668527008390715,0.7379605988259941,0.9409132250172157
ating,26,0.865572686607917,0.056140627485097454,0.730475392322885,0.9773327966146377
help,320,0.8655523826297766,0.06390741202051121,0.6607116817901858,0.9893503059367551
later,59,0.865499607534079,0.047502787837817285,0.7422269853908499,0.956359543322293
long,79,0.8654595328926106,0.040076742157724526,0.7370855169626722,0.9641483006693992
conven,2,0.8652281872127652,0.02034890861692157,0.8448792785958436,0.8855770958296867
disclosed,1,0.8652240079569201,0.0,0.8652240079569201,0.8652240079569201
Power,462,0.8652055647995117,0.033175667710340195,0.7195677398410267,0.9498996166214068
more,757,0.8650666953934938,0.06628318855210902,0.39579223742062486,0.9898015080658167
power,3,0.8649417345584655,0.03478082587816707,0.8403479767247449,0.9141292502259064
learning,1,0.8649310364487525,0.0,0.8649310364487525,0.8649310364487525
misinformation,3,0.8649278721541688,0.06452263076103765,0.8064423639131079,0.9548281799248952
other,2353,0.8646537357306328,0.05680841077169199,0.45993523835349537,0.9741090645164984
Three,2,0.864609481366098,0.007610481523611934,0.8569989998424862,0.87221996288971
three,314,0.8643964794056507,0.04664642946057205,0.6672928871772976,0.9389471420924734
configuration,6,0.8642277940300579,0.03783915725367975,0.7814305260174957,0.8971260430551087
threaten,1,0.8640908396467174,0.0,0.8640908396467174,0.8640908396467174
think,57,0.8637382826863997,0.12010371469399106,0.4642178362057786,0.9968945620280845
clearly,1,0.8636696853052009,0.0,0.8636696853052009,0.8636696853052009
without,835,0.863659883689466,0.0458321980419236,0.6495862641495771,0.9961879784300617
bringing,13,0.8636225727278839,0.02543553697416394,0.8016961645424976,0.8989983753376682
information,1135,0.8635563336161649,0.06342651801339305,0.27282055729000154,0.9861347750266564
decide,162,0.8635561864489448,0.05430641310014871,0.6542582214339248,0.963264207448513
murder,8,0.8635481351922178,0.03845602275164251,0.7976600022954747,0.9109270410248349
one,601,0.8634139606677631,0.053328386723681884,0.6481346351165214,0.9618579951734674
once,5,0.8633853730076428,0.0766164142180698,0.7155144885817109,0.9246421862444393
being,724,0.8633744047085867,0.08301331333074266,0.2943536778881262,0.9785200171101328
Previously,13,0.86321594530318,0.029237328479855842,0.803723086695614,0.8988131114053745
currently,830,0.863155069855377,0.04295344364865731,0.6038089207821686,0.9434573278938191
confronting,1,0.8631471910588884,0.0,0.8631471910588884,0.8631471910588884
hotspot,2,0.8630432166312901,0.05631385846208414,0.806729358169206,0.9193570750933743
An,1,0.8630327692580484,0.0,0.8630327692580484,0.8630327692580484
act,66,0.8630291912424127,0.07125494686004127,0.6212548623554417,0.9609250939704534
actual,7,0.8627186842083934,0.04908116386031537,0.7777415096531926,0.9214457273048073
suddenly,1,0.8627131210513428,0.0,0.8627131210513428,0.8627131210513428
occurs,8,0.8626838605316854,0.03215228511215412,0.8175365047794277,0.9161700849235089
this,821,0.8625975926583069,0.09919170212441081,0.1552034073741857,0.9842915354113697
knowing,1,0.8625952199941167,0.0,0.8625952199941167,0.8625952199941167
-like,1,0.8625561250186841,0.0,0.8625561250186841,0.8625561250186841
mate,571,0.8624156870140609,0.061413231410353236,0.43219094229624205,0.9783139414752592
mentioned,14,0.8622464510893904,0.060166282571901805,0.7792401085410529,0.9422352717146394
harder,12,0.8618808174642942,0.048177809897338414,0.7673372611224459,0.9232706721557049
pressure,6,0.86176157761194,0.06502739853181572,0.7320957038549222,0.9260463725137693
discrepancies,2,0.8617366552026531,0.005556664418867374,0.8561799907837857,0.8672933196215205
rushed,1,0.8617357161769482,0.0,0.8617357161769482,0.8617357161769482
four,28,0.8616862206806021,0.03676477325877839,0.7607315367138809,0.9314632755190881
aim,9,0.86167306344831,0.05893575995744115,0.708326396883121,0.9325729739353119
isolate,248,0.8615106749551709,0.04479260684780059,0.6517800086609717,0.9372892335785095
coordinate,40,0.8613880828792553,0.07299778372968302,0.6891120811357206,0.9839143788398335
insight,129,0.8611394446888451,0.05056875770621437,0.7252809791801855,0.952707103237656
previously,11,0.8610412310907766,0.07007746957375822,0.7145493728168327,0.9532307273667392
prepare,3,0.8608035465733003,0.019976240692770944,0.8368583018556545,0.8857586274774958
into,189,0.8607682333750613,0.05292128063725873,0.591108040753471,0.960017909798415
Multiple,10,0.8606532236939044,0.030016048226244374,0.8118109369429128,0.9081093420413313
well,39,0.8605588715656608,0.10605144786882736,0.5281184286698829,0.9846616061122306
choosing,7,0.8605494805024243,0.028507274665387786,0.8185211984652077,0.9009091222373287
maxim,6,0.8605345176327899,0.039251607090055804,0.787561790843202,0.9188201450339353
don,98,0.8601670062943956,0.03390794848524234,0.7727555064806042,0.9438731066827512
lengths,5,0.8600689645392341,0.022203061946900624,0.8356048774351621,0.8998829619534076
undertaking,2,0.8598792946113002,0.008523481820892798,0.8513558127904074,0.868402776432193
mobility,1,0.8598629262661274,0.0,0.8598629262661274,0.8598629262661274
direct,58,0.859735539985245,0.08344526511136545,0.5849006646577192,0.9549319545449403
victim,2,0.8596664694669263,0.040435605094700955,0.8192308643722253,0.9001020745616272
where,460,0.8596451972710726,0.06715579752692948,0.5644225375494167,0.961970073997299
concrete,35,0.8596000243607163,0.028945053904873404,0.7903304464999722,0.9235516767219182
bottleneck,4,0.8595830248588521,0.01335641842874571,0.8453445840917942,0.8797404903289362
impost,65,0.8595284110202664,0.01724088586123307,0.7947988108931046,0.8902467124013808
convenience,1,0.8594916327651849,0.0,0.8594916327651849,0.8594916327651849
).,124,0.8594403301038059,0.055579622346585714,0.6166976163515236,0.9484116394480687
second,6,0.8593620880051077,0.026961733963751823,0.8174066139506854,0.9065344152060467
proceed,55,0.8592608512647761,0.08625669826030431,0.39002945101958136,0.9516805816905763
doesn,65,0.8586161348893457,0.030703414204282124,0.7949194740052508,0.9428512215932812
soon,27,0.858389421494777,0.04338512345535028,0.7934744564244067,0.9778963180016976
progressing,4,0.8583255933837213,0.025373802831099808,0.8161212780344779,0.8828652907168414
specify,2,0.8579874559968564,0.03918637288235438,0.8188010831145021,0.8971738288792108
quickest,8,0.8579644747535005,0.023609645291388863,0.8004927668790548,0.8795747246844922
uncover,4,0.8579454835309209,0.020350934723922923,0.8323470452289271,0.8867155653581894
while,412,0.8578627700015425,0.08499263563414182,0.4748259767655813,0.9838570762095948
ly,52,0.8577149106120593,0.0519730535732295,0.709598907121228,0.9555747110658297
claim,9,0.8576888211859784,0.08845104777006482,0.74407202346259,0.9910226774817925
killing,326,0.8574870938465058,0.06782138504730328,0.44859643559887374,0.9341882810412249
lose,1,0.8574351484619694,0.0,0.8574351484619694,0.8574351484619694
evidence,103,0.8573869205029893,0.04947547266521646,0.7032632833191703,0.9505543516994842
delays,3,0.8573152654570936,0.025483918467910305,0.8266770238728633,0.889069676486634
fewer,14,0.8572638730708206,0.04984203516846644,0.7627558882492994,0.9292483783592926
finally,10,0.8572029379956664,0.04596185348468914,0.7679599439865498,0.9189171555806995
access,6,0.8571098040143367,0.03850732962758531,0.8109037206673737,0.9204016953165717
early,211,0.8571075354538903,0.056191247722782875,0.6428504874484458,0.9722726492722439
misunderstand,5,0.8567936534251663,0.04454503313819948,0.7996941525217777,0.9328922381124561
makes,142,0.8566990376043703,0.06288350504421643,0.6083661418602981,0.9883438508292792
On,91,0.8566751362734314,0.036448341429352944,0.7159704020788954,0.9238021270022866
too,69,0.8566386461213995,0.07215827109037096,0.48508819243799906,0.9906969201264837
Cond,1694,0.8559304441893641,0.003853854469633902,0.855554122435809,0.8953971880934815
simply,1,0.8557624090660674,0.0,0.8557624090660674,0.8557624090660674
does,131,0.8556480077636953,0.062386404828440385,0.726227310752005,0.9780050859812819
know,19,0.8553267823136468,0.09814321729079656,0.6117469747382067,0.980807616410659
according,1,0.8552903977071152,0.0,0.8552903977071152,0.8552903977071152
involvement,5,0.8548834308359726,0.05771355299042563,0.7684696042689503,0.9259321219422013
themselves,8,0.8548463280244842,0.05435608198108531,0.7542126766495253,0.9531014336491409
favor,1,0.8548075640056348,0.0,0.8548075640056348,0.8548075640056348
appears,11,0.8548047206178793,0.11439243560322794,0.6035778634316915,0.9476307568490767
possibly,33,0.8547629202509499,0.07547708893372676,0.6660043012508076,0.9770186340377066
win,47,0.854709437182268,0.015185403415510777,0.8072629184682368,0.894215319595408
happening,2,0.8546910909427171,0.04847097236687403,0.8062201185758431,0.9031620633095911
caught,43,0.8546018860377708,0.05962512607049541,0.6389579719204693,0.9712746409306208
opport,8,0.8544763486729696,0.042563962696191435,0.7579277775056165,0.9118839038442353
helps,5,0.8544748791117078,0.02051267031678104,0.8138840458899893,0.8679014630731663
ant,3,0.8544391328517486,0.037278007968231185,0.8024571852936254,0.8880381722961198
not,615,0.8542966844745737,0.06294271997740578,0.5920777557965614,0.9746219712430838
legitimacy,1,0.854274178659934,0.0,0.854274178659934,0.854274178659934
way,102,0.8542134720121075,0.09215706287438898,0.536411928855284,0.9891960651970672
note,10,0.8540793672116516,0.17848365239430428,0.4666210279703925,0.9564879667945275
allows,344,0.853975749063375,0.05547482074416613,0.6572918010524009,0.9619560620882549
leaving,28,0.8539628283466344,0.051569418220248624,0.7408723025438826,0.9273970627088368
complete,1361,0.853855082026873,0.05305019135800414,0.5206652759774044,0.9721558302786828
""",",21,0.8538065578810584,0.05775820184203115,0.6696127492505979,0.9301580059820923
anyway,3,0.8536744354151106,0.02900184560736588,0.8126806421606492,0.8753081077053847
when,48,0.8536557732567527,0.11913257855139014,0.4511177225351614,0.9664073221297476
duration,7,0.8536115616187738,0.020564786552092006,0.8127491581654305,0.8803191183338633
save,5,0.8536101718556868,0.018812082030033195,0.8302256174278709,0.876537254173494
",",14776,0.853571167962942,0.11787773408332582,0.07608165552361178,0.9989763929086346
serves,1,0.8533496658651004,0.0,0.8533496658651004,0.8533496658651004
completes,1,0.8532387561942124,0.0,0.8532387561942124,0.8532387561942124
any,625,0.8532012248577233,0.08483719950231411,0.5381684424308202,0.9912159913241012
another,513,0.8529805551149972,0.1011180449069329,0.327734934774063,0.9741056769422876
corrobor,2,0.8529167545519817,0.04953034844397841,0.8033864061080033,0.9024471029959601
down,2,0.8528895262516079,0.051278807725573694,0.8016107185260342,0.9041683339771815
part,50,0.852788726634397,0.032437614996978656,0.7423009601649503,0.9352979366433017
be,2799,0.8526709117236793,0.09049363089948012,0.2047394448435295,0.9952949772937325
cooperation,4,0.8525020799747582,0.010277323090857745,0.8388782711692974,0.8634373519122938
afterwards,3,0.852490793122417,0.03275917880437,0.8178789652684916,0.8964661975462509
eventually,13,0.8522943730147955,0.0501445605839373,0.7494078724085755,0.9279872386898119
providing,11,0.8522140687979604,0.055909014860826105,0.7928371395963372,0.9869870978346619
tangible,2,0.8521934576394833,0.021642303339550417,0.8305511542999329,0.8738357609790337
Initially,15,0.85214971585316,0.040992399799660864,0.7836741460731821,0.9363989061825349
et,23,0.851849017455598,0.02111512043894155,0.7989951904560542,0.8867144469963641
my,3458,0.8518273959607975,0.08503262909353254,0.2743431764564469,0.9933867675238748
targets,19,0.8517961654186523,0.03152297692108445,0.7878561601924391,0.9064777082295382
action,199,0.8517753422089532,0.08883858068887036,0.39656397763347895,0.9847519075136605
Another,6,0.8517606558313017,0.032078848904796384,0.8235020692412949,0.9044940658374429
closely,29,0.8517315046583214,0.06865906318570415,0.6422646418088314,0.9559822396613417
exhibiting,2,0.8516156420486884,0.0060196033666716775,0.8455960386820168,0.8576352454153602
our,435,0.8512815500761353,0.09725402831582125,0.29761410993168397,0.9915851304548062
enable,1,0.8512754998866596,0.0,0.8512754998866596,0.8512754998866596
As,30,0.8512748681059569,0.07087516763596546,0.6751694922953524,0.9862924991282954
gaining,13,0.8512003867823673,0.04111298083827396,0.7765233648342426,0.914760711642801
expressed,4,0.8508706893978515,0.03425633357028176,0.8009402887600144,0.8895533649239551
solid,1,0.8508387459470693,0.0,0.8508387459470693,0.8508387459470693
better,75,0.8507173078343726,0.07717849587667353,0.6147613459954167,0.9399282772743601
finding,24,0.8505564324676195,0.06672570950744794,0.6336634354330198,0.9473089359036058
fire,1,0.8503474437971077,0.0,0.8503474437971077,0.8503474437971077
collaborating,1,0.8500056840864151,0.0,0.8500056840864151,0.8500056840864151
advances,1,0.8499384381377726,0.0,0.8499384381377726,0.8499384381377726
readily,24,0.8499148579263478,0.04947821752753925,0.7548791894134581,0.906533474685863
an,1465,0.849704897490503,0.0894372427545782,0.3171370782825552,0.9819641664648638
surprise,5,0.8495621026575172,0.042730173941208295,0.7899764284041356,0.908013574103079
common,228,0.8494402370918206,0.046570338070466635,0.7215677911585949,0.9567954066833386
and,7925,0.8494194227826741,0.10282952301304857,0.13634749765156887,0.9971288081025128
avoided,1,0.8492634052690741,0.0,0.8492634052690741,0.8492634052690741
by,338,0.8492327716544087,0.11589015770408322,0.3286122243126552,0.9949573419769626
pace,2,0.8492135244229491,0.02024419512629899,0.8289693292966501,0.8694577195492481
completion,126,0.8491654963941612,0.07862474744829108,0.5503849256950137,0.9706365033375306
include,71,0.8490747070156873,0.05713722132584424,0.6121860280578642,0.9591362218555641
reasoning,2,0.8489153637759544,0.03971276297499382,0.8092026008009606,0.8886281267509483
proximity,32,0.84887817717251,0.045379178720298945,0.7490374014818142,0.9081359548449963
respective,18,0.8488641060184452,0.04397124902608406,0.7684246890367303,0.9204633547074181
remaining,177,0.8487150280949753,0.04341437384166385,0.6701390622469183,0.9543247496022219
contributes,5,0.8487132277890803,0.03498823140345253,0.7868441048719308,0.8840345768060557
somewhat,9,0.8484106321889237,0.03586010191733825,0.7698692171906141,0.8904261213191687
reach,10,0.848352515955581,0.06804895119227153,0.7279002126385763,0.9183633525445968
maintaining,3,0.8482823419093849,0.08385691227559708,0.7333982005168544,0.9312037796890685
easy,6,0.8480506816545,0.06409745784712281,0.7199575325630255,0.9113177988823201
between,23,0.8480280123710753,0.06293949339813303,0.6517353496108852,0.9418479993449197
layout,9,0.8479910777002068,0.04256570865913068,0.7494064285781893,0.9050587431807425
before,141,0.8478853591016774,0.07038626197858716,0.5825254571210385,0.9717657438279481
chance,45,0.8478619358616964,0.06502222645428693,0.6494043989612899,0.9395385630354347
two,321,0.8478524412939284,0.05381379015759971,0.6107157660416961,0.9313461108702105
align,78,0.847827552883764,0.03731506819805742,0.7399887230502287,0.9359864396055141
discovered,20,0.8478150160333495,0.08791223344102907,0.6323723390020505,0.9502300076072419
suspects,4,0.8477868869161393,0.08088698329092801,0.7082583635630955,0.9027692287138397
reference,2,0.8477594972637621,0.05718837126674953,0.7905711259970126,0.9049478685305117
divide,1,0.8476968204935534,0.0,0.8476968204935534,0.8476968204935534
overt,1,0.8474586076354794,0.0,0.8474586076354794,0.8474586076354794
-connected,7,0.8468293522060705,0.02072881465636384,0.8001571269519813,0.8691706368903551
setting,18,0.8466843251294636,0.09899770590888443,0.6014570841519706,0.9593017496951249
able,17,0.8466583704013466,0.015184951184458312,0.8169819757158542,0.8715679938635676
During,7,0.8465772392788224,0.06109193969555402,0.7407729675790439,0.9118051424147474
isolated,52,0.8465007412289366,0.04246859626296851,0.7229064371695435,0.9072304745504014
promptly,2,0.8464649732495082,0.07321177052450051,0.7732532027250077,0.9196767437740088
allowing,68,0.8462429469580373,0.05481347160135843,0.6519682582914346,0.9278379809517907
Both,4,0.8455444122104616,0.030219539044038124,0.8233906128389252,0.8967821112375486
",""",115,0.8455022635390177,0.051285890563519954,0.615399574500413,0.9520494245842386
necessarily,3,0.8454932285831546,0.05986822286345449,0.7810630281504812,0.9252779421823698
maintains,1,0.8454907111481678,0.0,0.8454907111481678,0.8454907111481678
six,2,0.845186637542263,0.024624254495061615,0.8205623830472013,0.8698108920373245
""").",1,0.8450551335177654,0.0,0.8450551335177654,0.8450551335177654
focusing,50,0.8449465237722503,0.05040401101406854,0.6763868426977879,0.9626347099208237
returned,1,0.8447933472497172,0.0,0.8447933472497172,0.8447933472497172
kill,524,0.8445009202654058,0.052191792092795224,0.598143729109674,0.9523632853516599
least,78,0.8444882925128491,0.05083058186797482,0.6839488050448255,0.9738274467477968
expose,23,0.844344293680229,0.033675627622672705,0.7682342569988441,0.8873054592609885
reduces,25,0.8441721764874867,0.04518044100841252,0.7305464439829802,0.9080507509456079
whereabouts,10,0.8441258513937946,0.06613799581121639,0.7124673710195188,0.9288241939573195
ate,1,0.8441078149403549,0.0,0.8441078149403549,0.8441078149403549
or,4037,0.8438676031002833,0.07831144798267323,0.3914605223899475,0.9938043753433985
enough,18,0.8434923186709294,0.04739166013028787,0.6831077974006244,0.8918665620988541
.,13387,0.8433259588279527,0.09706967257826762,0.17385303175945666,0.998884325139063
freedom,1,0.8430688179935412,0.0,0.8430688179935412,0.8430688179935412
alignment,1,0.8430360804979773,0.0,0.8430360804979773,0.8430360804979773
activities,169,0.8429015096838685,0.046942180153590155,0.7038376226361196,0.9543547172234992
v,1,0.8428567499696551,0.0,0.8428567499696551,0.8428567499696551
sequence,3,0.8428366302471071,0.03506677231130484,0.8114478462702711,0.8917812246535705
game,1086,0.8426627311624275,0.050007372410532096,0.5592545989178905,0.9407094879484827
discreet,13,0.8425765430780255,0.047228993236319745,0.7685910546828474,0.9310078344799646
targeted,12,0.8422430679674364,0.021905851052048318,0.7851758223449695,0.8712062731006308
event,5,0.8422308057580554,0.0493395620188623,0.7621793624294294,0.896871840476528
indications,4,0.8418769333330498,0.04801855217667771,0.7702514096889085,0.8904414075460354
facilitate,1,0.8418585637057328,0.0,0.8418585637057328,0.8418585637057328
killed,179,0.8414898327326702,0.056161135113268035,0.6234083845458783,0.9669463877577098
claimed,2,0.8411454946203787,0.07492090979351462,0.7662245848268641,0.9160664044138933
efforts,44,0.8410768359549422,0.06686716500134181,0.6997310775917073,0.9760512316946547
total,1,0.8410442612860174,0.0,0.8410442612860174,0.8410442612860174
initially,176,0.8405753906926812,0.0561013933010004,0.6496775522021057,0.954964155439335
labeled,13,0.8404927224893447,0.024878804589138,0.7756365387716654,0.877662025320902
target,90,0.8402124639924471,0.0459027013829823,0.6734670416149915,0.9173826766070872
involve,30,0.8401928060706904,0.08688509953179066,0.6630602856937885,0.9541242234254012
suspicions,35,0.8400355617991356,0.08023815063163374,0.6073303430643443,0.9510771213387877
ones,7,0.8397555550782351,0.03973803631491058,0.7928068853369944,0.9207103845081368
timing,3,0.8395769840366395,0.039995098094076205,0.7834508020234419,0.8737064229394793
(,911,0.839558139812426,0.061127907864235116,0.4659893371717437,0.9781179021724936
finishing,6,0.8395323020090006,0.04938871202669078,0.7767430955529999,0.9209063271758701
roles,8,0.839384710879477,0.034684349306448606,0.7858804927867158,0.896592484712348
relevant,17,0.8390111533771002,0.10716206562847318,0.6241377318151651,0.9423342000362466
Imp,1683,0.8390061141217366,0.05683721415790964,0.543255091622469,0.9706746308693477
classified,2,0.8389819912804783,0.023288217308267467,0.8156937739722109,0.8622702085887458
"(""",6,0.838655052680728,0.0348333834213735,0.7894084196961014,0.8763474173624353
ting,252,0.8386189649217511,0.07253050452657551,0.6520096779332127,0.9778555784567583
still,82,0.8384480804652752,0.06281945904107679,0.6421511801486003,0.9526685796990066
falsely,1,0.8376301929855966,0.0,0.8376301929855966,0.8376301929855966
surroundings,19,0.8376118107249217,0.06760829785685821,0.659794379781113,0.9160915103980721
conclusions,9,0.8375171604715399,0.0996678269033935,0.6407784630705318,0.9570238722852831
tactic,3,0.8374072620019448,0.03165158966449117,0.7975142897866808,0.8749363465611174
ED,2,0.83728010891518,0.056685284213442766,0.7805948247017372,0.8939653931286228
crimes,1,0.8372669668400331,0.0,0.8372669668400331,0.8372669668400331
death,23,0.8370251807281955,0.08847062239996792,0.5125174743392769,0.9184340534635863
alliances,2,0.836684413580651,0.01812893961407247,0.8185554739665786,0.8548133531947235
dealing,1,0.8365389722372558,0.0,0.8365389722372558,0.8365389722372558
")"",",2,0.8363238579078284,0.02155447755351869,0.8147693803543097,0.8578783354613471
isolation,5,0.836153087343978,0.06830128773640173,0.7553239714830098,0.9530613507183133
validate,1,0.8358122827354523,0.0,0.8358122827354523,0.8358122827354523
opportunity,518,0.8358120648110766,0.07511078074753455,0.33976709441180697,0.9694495713839452
waste,22,0.8355907713169333,0.03339178782186784,0.7520911806875082,0.8809683669578009
reduce,128,0.8350413106650745,0.05890646499273365,0.5546876334340956,0.9388971631359905
requiring,10,0.8348801543949218,0.030418496437669803,0.7762298112987268,0.8837265036940468
requested,2,0.8348336286916491,0.00586086775189959,0.8289727609397495,0.8406944964435487
involves,26,0.8347711305083793,0.10178490106352975,0.4123056792465015,0.9150455234660599
pressing,1,0.8347241016661421,0.0,0.8347241016661421,0.8347241016661421
besides,9,0.8346324225269053,0.06747902047679939,0.7116225545123197,0.9401696364233492
feel,1,0.8346298050213501,0.0,0.8346298050213501,0.8346298050213501
suspicious,434,0.8346030132198453,0.06091228875722129,0.5076144594899125,0.9859273465707116
traverse,1,0.8345517692159627,0.0,0.8345517692159627,0.8345517692159627
afterward,7,0.8345245394653691,0.044089028790629564,0.7616135038633433,0.8817412512439669
initiated,8,0.8344886016329514,0.044285445258455916,0.7494924404623303,0.8932992631282416
deal,1,0.8342556274037854,0.0,0.8342556274037854,0.8342556274037854
insights,40,0.8342240248651709,0.06804962111525219,0.6692777046890667,0.9519328177769067
arous,124,0.8341096206146402,0.025665905301329943,0.7714170991401172,0.9072640878512389
proposal,1,0.8339497988364309,0.0,0.8339497988364309,0.8339497988364309
If,36,0.8337789137847883,0.06829731406476942,0.5854455891142928,0.9052697027724101
these,113,0.8336919309809353,0.07871493053620417,0.37464904965845686,0.938326555032339
marked,1,0.8336602886550345,0.0,0.8336602886550345,0.8336602886550345
takes,6,0.8334555592006175,0.0657969345702948,0.741924190805358,0.9079478500219962
sooner,7,0.8334200844058707,0.052714918479693514,0.7746347501566639,0.8930754461058837
foul,4,0.833412037420282,0.03496375834121744,0.7769420608160693,0.8666045833019285
unfinished,2,0.833253607831222,0.002725003900023726,0.8305286039311983,0.8359786117312458
entered,2,0.8332312553291195,0.052014669974255245,0.7812165853548642,0.8852459253033746
distribution,8,0.8332063281299686,0.04790810785918256,0.7462532465666362,0.8949796749413127
s,56,0.8332041542507999,0.05815689588057387,0.6828750626926524,0.9682342173576707
partially,1,0.8331247499008052,0.0,0.8331247499008052,0.8331247499008052
valid,2,0.8330824718217309,0.08225491976525268,0.7508275520564782,0.9153373915869836
level,13,0.83285873984043,0.07393211114248813,0.6527464462896504,0.9461514310601786
freely,4,0.8326689544114096,0.026915204000394245,0.8000676505119678,0.8727154201889733
proceeding,4,0.8326404787650548,0.050771637672969334,0.7509831010287104,0.880230446877403
evolving,1,0.832530586867729,0.0,0.832530586867729,0.832530586867729
than,44,0.8324497134253057,0.0967152037465893,0.5818039676453832,0.9625438550540404
if,466,0.8323639211609118,0.10422771631270616,0.35969916469508423,0.9814510157078254
cannot,4,0.8320182850540443,0.047009722978723224,0.7897753834505407,0.9107837264966425
idea,111,0.8319513764318358,0.08814340623581957,0.5701561872639976,0.9875692502451954
exposure,4,0.8319512552242466,0.018507104887278702,0.8051022953712476,0.8518463383330969
making,134,0.8318984536268479,0.07462049945359904,0.5831588443080149,0.9958541101264199
winning,90,0.8316821376036289,0.05545439941957079,0.6684156790392002,0.9028501895720947
opposite,1,0.8311488844955326,0.0,0.8311488844955326,0.8311488844955326
In,3,0.8308465726229931,0.00836108535485305,0.8219226550475548,0.8420267449974327
premature,55,0.8307083767135301,0.07123711408742253,0.5868305095252904,0.9066735681469721
parts,80,0.8307015433524428,0.031750893587767275,0.7381955445038086,0.9280895866748664
offering,2,0.8305201980631607,0.054152308935114635,0.7763678891280461,0.8846725069982754
addition,1,0.8304520498360533,0.0,0.8304520498360533,0.8304520498360533
ellow,3,0.8300926995611494,0.01072201973366066,0.8178581796272445,0.8439675333913451
its,191,0.8300620378440179,0.07986632450529027,0.4451944530760287,0.9589469924033598
delay,19,0.8296254074668872,0.042669698557402026,0.7376356153912323,0.9199931490213488
position,80,0.8295286043809046,0.1009158489634603,0.5223007947940257,0.941055167371245
private,4,0.8294256842162866,0.01849080520417567,0.8146178012681412,0.8609910038081573
activity,236,0.8292921295418817,0.0683069331249826,0.5069390980668049,0.9503783920395352
explanations,1,0.8290358521208498,0.0,0.8290358521208498,0.8290358521208498
meant,1,0.8288052897819668,0.0,0.8288052897819668,0.8288052897819668
steps,35,0.828580653198365,0.10957336834443565,0.5349140471049036,0.948770028630023
sure,5,0.8285797794431723,0.13011147739826096,0.5943287632214743,0.9458931540019158
ug,1,0.8283077747295138,0.0,0.8283077747295138,0.8283077747295138
mitig,1,0.8282445881299554,0.0,0.8282445881299554,0.8282445881299554
offers,3,0.8281602422880111,0.08750087221813212,0.7081795377444964,0.914381813771467
spent,9,0.8280504593599868,0.04799763395755045,0.7554599025001841,0.9201042752227077
identify,181,0.8279216211243955,0.059696727489821286,0.6453907566885478,0.9519555632947806
ship,146,0.8278300691992224,0.03692014472128374,0.6325166941397822,0.9018138225435008
allies,5,0.8275087471802189,0.02645068962507009,0.8023973958425084,0.8643254148961018
arise,1,0.8273536626654806,0.0,0.8273536626654806,0.8273536626654806
rather,6,0.8272434468912198,0.0963376543447534,0.6712489453688094,0.9546917411734098
Consider,1,0.8271022405267594,0.0,0.8271022405267594,0.8271022405267594
assistance,1,0.8270290587255001,0.0,0.8270290587255001,0.8270290587255001
put,144,0.8269639008493671,0.07623053806707071,0.5261565647120681,0.9432031996790022
faster,3,0.8266190381750106,0.10402581045166323,0.6795324631273416,0.9026539999849204
only,113,0.8265003915955126,0.048685376053686356,0.6365855103885375,0.9205910096864711
includes,5,0.8264563554754046,0.07246588861219089,0.7093219206181902,0.899723844438065
based,111,0.8262611500655784,0.08222448979160019,0.6139631445302678,0.9432463429057962
identified,15,0.8260699500396372,0.13131966333080491,0.45056164566261336,0.9258786056137108
cautiously,1,0.8259020383751488,0.0,0.8259020383751488,0.8259020383751488
length,2,0.8258698889953532,0.05054308498147775,0.7753268040138754,0.8764129739768309
so,226,0.8258287955547685,0.10719530270782363,0.3910237729931919,0.9813695479832216
completing,1019,0.8257212220438027,0.08196110164802646,0.4910626145147809,0.9788957682751229
for,1254,0.8256523659373698,0.0992450134836519,0.46912800670770816,0.9884583803577411
created,1,0.8254378472281196,0.0,0.8254378472281196,0.8254378472281196
une,8,0.8247701171391988,0.02540564918058935,0.7828842881694813,0.8605200057937022
increase,33,0.8244699259288303,0.06594162765752322,0.6589664158446232,0.947784914920355
connections,6,0.8243560041089403,0.0606333327763457,0.713968378154436,0.8919342122178202
stages,86,0.8243132078704513,0.0668665820808383,0.5112898073222797,0.9003396363009608
""":",1,0.8240114956102973,0.0,0.8240114956102973,0.8240114956102973
known,13,0.8237562595566785,0.13922643643346855,0.41422822529969794,0.9559995994405849
fashion,1,0.8237531322752389,0.0,0.8237531322752389,0.8237531322752389
-making,7,0.8236852226003938,0.03417158194121791,0.8097347326904458,0.907388162060082
numbers,16,0.823620624709714,0.059583426201578436,0.7112366811756307,0.9012866131403798
usage,2,0.8234166109816388,0.006818805005461281,0.8165978059761775,0.8302354159871
third,12,0.8233853937010219,0.046038657255870086,0.6928317484880215,0.8627306272191855
openly,1,0.8232032565309545,0.0,0.8232032565309545,0.8232032565309545
even,9,0.8231377915567114,0.11690909426636154,0.6596299894295885,0.9911321086597882
should,1450,0.8230237161032701,0.09501839323112779,0.4340755662309264,0.9910232195213046
use,107,0.8230031785608997,0.1057940152166046,0.5543755481288104,0.9899424193464451
those,48,0.822945989341226,0.07138076664149821,0.6250527897258192,0.9564004122181139
spots,2,0.8228032377229004,0.008239124769990613,0.8145641129529098,0.831042362492891
might,965,0.8226993999267139,0.10065320642313999,0.3265304582022621,0.990838404327577
that,1950,0.8226855270757906,0.09094025924136558,0.2820632390178423,0.9982413758126439
advantages,1,0.8226606590838865,0.0,0.8226606590838865,0.8226606590838865
killings,9,0.8224844884043961,0.10829139625758318,0.5385349017902629,0.9130706095576582
intend,1,0.8220433500891361,0.0,0.8220433500891361,0.8220433500891361
taking,18,0.8217781269003687,0.12412569717326592,0.3599495732069894,0.9751462817268345
several,122,0.8216064850668103,0.0705351259500181,0.5984689675220751,0.9336134641317746
future,80,0.8210587418315866,0.05058544551732671,0.7268816291462026,0.9434949518937135
slightly,1,0.8202366498891873,0.0,0.8202366498891873,0.8202366498891873
am,1540,0.8201994753467412,0.08700481450825052,0.3449963732693152,0.99287732373072
accessing,2,0.8199519265017208,0.039280723215260493,0.7806712032864603,0.8592326497169813
easiest,4,0.8198416143867784,0.012635351352642389,0.8048962915164952,0.8380800478421142
feeling,1,0.8197184643740174,0.0,0.8197184643740174,0.8197184643740174
consensus,2,0.8196350078598953,0.017819437956467066,0.8018155699034283,0.8374544458163624
space,2,0.8194966027295261,0.04589655946713306,0.7736000432623931,0.8653931621966592
enhance,2,0.8193776810889395,0.002255876415942326,0.8171218046729972,0.8216335575048819
misunderstanding,3,0.8191340347256943,0.07313637540123089,0.7185767954024208,0.8903787061140173
stall,1,0.8191143614531293,0.0,0.8191143614531293,0.8191143614531293
strategy,139,0.8191092403829738,0.07139797910527465,0.5610759220071493,0.9519718266944998
convenient,21,0.8190450432662945,0.06811151351601936,0.6609524027247119,0.938260324245735
system,19,0.8190102488539107,0.04466741047795195,0.673549037650526,0.887341694994831
interest,8,0.8189193389068063,0.10706735830903656,0.6663032556629128,0.9960315622961435
Between,5,0.8187878477633644,0.028258594101447942,0.7739465447144889,0.8578573463171038
keeping,59,0.8187278549353655,0.07362422702003685,0.5938116682927208,0.9474169036332402
lead,145,0.8186037615030015,0.06464511482757937,0.6147658462730093,0.9763427659081829
lot,2,0.8185819562396266,0.0041188180289215,0.8144631382107052,0.8227007742685482
""".",24,0.8184786410483292,0.07529605765276808,0.6572538995735991,0.9256151834508353
clear,35,0.8183801670993124,0.06429438964244263,0.678069617907413,0.9410551050617336
trying,69,0.8182595882685363,0.11193726791659901,0.4518425212843231,0.9899707341188129
izes,26,0.8172162367477248,0.04075743596777337,0.750325447463158,0.9090626310952455
already,1117,0.8171432558861658,0.060702208845223725,0.4644549683530435,0.9591073595293531
who,236,0.8170538452448801,0.087257907015999,0.5267216212174927,0.989799155650738
understanding,17,0.8169932767259386,0.05315880422701034,0.6657147861324675,0.881581327843951
certain,2,0.8168851364273859,0.07615386339047786,0.7407312730369081,0.8930389998178638
serve,9,0.8167699911447255,0.04536895509182697,0.742436805760455,0.8972233921782402
amount,39,0.8166209945461195,0.034665703152904404,0.7323711165040608,0.8954950197670675
ambush,10,0.816128769180289,0.0706690068278098,0.6192275823628821,0.8825828290489143
like,524,0.8158265622697338,0.09196015341244862,0.5406415655332507,0.9947954482303734
lurking,10,0.8157319655760353,0.025524632027718257,0.7739975904778813,0.8751282644768064
shown,4,0.8157053080002894,0.09273192101860053,0.6940585303138468,0.9059485547308148
unlikely,2,0.8149265203894575,0.007548441647045823,0.8073780787424116,0.8224749620365033
used,19,0.8147821812501063,0.06317718604978648,0.6708451785230459,0.9041020787361048
same,149,0.8145588287674298,0.05985346717588338,0.6586716480419411,0.947307962763025
victory,1,0.8142363301832798,0.0,0.8142363301832798,0.8142363301832798
appealing,1,0.8141485962788093,0.0,0.8141485962788093,0.8141485962788093
crime,6,0.8137853878822803,0.08452512039672025,0.6375044065167568,0.896419394233025
features,2,0.8131866628647724,0.0007448115965580926,0.8124418512682143,0.8139314744613305
ance,3,0.812729173712761,0.011299186086561297,0.8038406149800303,0.8286735640381219
course,52,0.8125379245492638,0.05875406439221394,0.7101444692749851,0.9340662418124301
remain,15,0.8123823069426142,0.06302597034828385,0.7044380792267334,0.9045652742788545
choice,45,0.8118484373228548,0.08865205654105872,0.5866474456472645,0.9320735535049148
operate,1,0.8116104269878285,0.0,0.8116104269878285,0.8116104269878285
is,3622,0.8116008365463458,0.11027732449534934,0.10773159971839819,0.9906182014064777
joined,1,0.8115184590781386,0.0,0.8115184590781386,0.8115184590781386
This,494,0.8114130341398311,0.06172730395230991,0.39219902715832045,0.9930878150642173
current,413,0.8113973527072511,0.1009135573134116,0.49060603353886745,0.9494957932998831
shouldn,1,0.8109040193696021,0.0,0.8109040193696021,0.8109040193696021
portion,1,0.8108215579542385,0.0,0.8108215579542385,0.8108215579542385
Among,8,0.8102737346888504,0.024674375705824658,0.7731780602506517,0.8452774606255893
strike,35,0.8101996432757521,0.04329766640328483,0.7240855057044306,0.8861705475037964
suggesting,11,0.8100537526157621,0.12051465728169192,0.6470319978333915,0.9942858392616175
require,238,0.8095926556493406,0.05494471890098553,0.6328675952054589,0.919902783001018
limiting,3,0.8095757563847017,0.030463543035743584,0.7745859507733514,0.8488382109336446
terms,14,0.8093750267460268,0.018594365717382624,0.7710647069070394,0.837728482801233
longest,1,0.8087162977005011,0.0,0.8087162977005011,0.8087162977005011
account,5,0.8087108210597099,0.1300731916826428,0.5548048295945501,0.9199479526561658
feature,4,0.808609513827658,0.011510297515639615,0.7953203380893499,0.8268224548660547
sign,4,0.8084379235730885,0.0964337921080619,0.6623176157237445,0.9142515085545178
limit,4,0.808178138600947,0.029701865418765554,0.7800319749723259,0.8539700643540798
reducing,41,0.8080509448573855,0.06839990818876082,0.658781272323827,0.9580910075677779
intention,3,0.8077975283146749,0.019414003856989503,0.7840944503612968,0.8316481668530338
recently,10,0.8076658070490769,0.08742134221917361,0.5758748371404742,0.9071807931283198
prime,2,0.8073952426585915,0.005721427548765645,0.8016738151098259,0.8131166702073572
both,141,0.8073215690744282,0.07369027299479286,0.43716861307630095,0.9242355943853771
coordination,9,0.8072806704075443,0.06400379040459366,0.7276720257528635,0.9405758079215172
seems,634,0.8070112610550426,0.10849649461110202,0.4268252540085697,0.9963287261317485
confrontation,5,0.8070085664313409,0.06169291606596945,0.7135967451468819,0.8930763228042901
mean,3,0.8069590309024474,0.05362628034970684,0.7315801968666906,0.851872743787427
care,1,0.8067447179783849,0.0,0.8067447179783849,0.8067447179783849
's,1086,0.8067115474158356,0.10826809926295891,0.2890329336573503,0.9980089051727119
trapped,2,0.8064025991366446,0.04497605423629697,0.7614265449003476,0.8513786533729415
intel,1,0.8063347869861103,0.0,0.8063347869861103,0.8063347869861103
minimize,43,0.8062644020993669,0.0582771149405642,0.6619878637482243,0.8909314370408563
attacks,4,0.8059583031085615,0.0526776964555801,0.7435866018106017,0.8881857473158071
holding,1,0.8051966126907457,0.0,0.8051966126907457,0.8051966126907457
resources,1,0.8050515584581514,0.0,0.8050515584581514,0.8050515584581514
"""),",1,0.8050389909828911,0.0,0.8050389909828911,0.8050389909828911
distant,1,0.8048772137736294,0.0,0.8048772137736294,0.8048772137736294
number,81,0.8045956983565288,0.08831485606904449,0.3608427179791553,0.9482539709706471
feasible,1,0.804307940562017,0.0,0.804307940562017,0.804307940562017
provided,30,0.8040902563794549,0.08363984592335419,0.6259599479773607,0.9736259738934366
potentially,1007,0.8040097494682186,0.06735680903165507,0.4638757285212856,0.9557922922459664
suggestion,9,0.803837521891073,0.11048898174127784,0.6003299561360315,0.9279168379759037
easier,25,0.8035416934708127,0.06196308524401502,0.6472806086551721,0.9520822809685124
temporarily,2,0.8035340090429126,0.11932438031311654,0.6842096287297961,0.9228583893560292
purpose,3,0.8032626235494873,0.039974064107140495,0.7522352180773678,0.849848621365832
further,28,0.8029224131866333,0.08094616400296516,0.5874835599235351,0.9160541836173788
involved,5,0.8027308244020219,0.051472572114573165,0.7455968359776677,0.8907618695638245
setup,4,0.802691149550817,0.013447527315174478,0.7873149328278854,0.8211475928100591
whom,1,0.8024523079432507,0.0,0.8024523079432507,0.8024523079432507
how,78,0.8021789590942074,0.14176643171112108,0.4844410799187259,0.981633386840008
simultaneously,3,0.8021619561502944,0.018332011657822733,0.7769377941443112,0.8199605789159404
intelligence,1,0.8021219226310276,0.0,0.8021219226310276,0.8021219226310276
most,402,0.8018077679154575,0.08833940403757382,0.4632988070031875,0.9491451167600609
subsequent,2,0.8017949789926333,0.020131029260726796,0.7816639497319064,0.82192600825336
investigation,2,0.8017436730437394,0.03616945676359906,0.7655742162801403,0.8379131298073385
about,729,0.8016765314893146,0.09037750816853128,0.3650491575354553,0.9945816731152995
valuable,88,0.8015932825055866,0.06278949107554907,0.5551421719014028,0.9125757237976008
unnecessarily,5,0.8010071870205089,0.10354733813383361,0.6474366466033321,0.9268116406706388
commit,5,0.800933209346774,0.08777177893968655,0.6583235662097525,0.9061186521136092
option,203,0.8006885988250119,0.09791228863214836,0.46290534542991774,0.96259160333877
Meanwhile,3,0.8001391055001719,0.04796386204676637,0.7368714001364084,0.8529554081622817
productive,17,0.7997988077932325,0.042690471283385864,0.7071055307247868,0.8735966095445155
helping,8,0.7997706886835553,0.06515658849432826,0.7248209966614595,0.9447078509270466
aggressive,5,0.7991275514605606,0.10026133919700365,0.6426269872753831,0.9079824348750257
deceive,2,0.799125698402485,0.10231406017230238,0.6968116382301827,0.9014397585747874
during,32,0.7988776995847723,0.09718706999794849,0.49944700649407525,0.9253861441944202
efficiently,184,0.798699582842747,0.07701698561970449,0.5494463921017989,0.957798853074307
However,601,0.7983005850976822,0.03505002345382008,0.6553520277777456,0.8965609683909832
identifying,90,0.7980740332918957,0.06048190462278105,0.5764662339848088,0.903934722386529
y,16,0.7980288846730528,0.08531623231550148,0.5772874712458059,0.9095955438765208
eliminate,390,0.7979222102720002,0.04967436295770649,0.47935433128858435,0.9077485990856835
due,30,0.7977838500823061,0.10218481835289048,0.361346448912351,0.9126020223512074
downfall,1,0.797642786923465,0.0,0.797642786923465,0.797642786923465
deciding,24,0.797540184602434,0.05201923959177007,0.6990114460245228,0.8794067242523131
decision,41,0.7973880975018915,0.11258617527437031,0.5437783391880437,0.9285948219708898
each,96,0.7972982247287655,0.13079721399519123,0.31388844413569833,0.957892440823185
multiple,495,0.7972977513082086,0.062055824824110914,0.5124342387596181,0.9270788493985049
run,5,0.7972362313175967,0.16379064944527005,0.5137694143751482,0.9610074933069815
per,3,0.7969891333257415,0.0796714523755469,0.6854023725967417,0.8662957149375504
transparent,3,0.7961498048983996,0.1111744389566583,0.6470470137304832,0.9138972890256987
of,2625,0.7954317318439507,0.12222454220311672,0.09972490256845104,0.9883422407620709
result,9,0.7953427745452639,0.04620422879499108,0.714844564815817,0.8597339381463953
Sk,57,0.7952111067053701,0.011069238814450414,0.7806370590983515,0.8198414815783239
safest,45,0.7947375171770444,0.048336478149614885,0.6400995621304559,0.8698621892811433
resource,1,0.7946216007577643,0.0,0.7946216007577643,0.7946216007577643
These,1,0.7944322924435689,0.0,0.7944322924435689,0.7944322924435689
stage,115,0.794279427991927,0.07313312098808337,0.49969267468036405,0.9042781879143766
findings,2,0.7939489231530892,0.011896170637759773,0.7820527525153294,0.8058450937908489
thoroughly,1,0.7938780292921446,0.0,0.7938780292921446,0.7938780292921446
why,4,0.7937816912378991,0.09943033992176349,0.7040501548085338,0.9621440631603747
(s,1,0.7937731948417385,0.0,0.7937731948417385,0.7937731948417385
page,3,0.7934993674172125,0.02498194543904365,0.7658620968501761,0.8263779700034926
occur,1,0.7933347325013732,0.0,0.7933347325013732,0.7933347325013732
immediate,168,0.7932735858220972,0.10639656364726661,0.2288496151652906,0.9283194119370599
prevent,7,0.7932319811615817,0.08515643532266157,0.6178341614139888,0.8623755693465833
context,7,0.7929825703623358,0.1333538839838147,0.6306136653201629,0.9651065547020297
secluded,11,0.7929029171344228,0.05250054787807045,0.7095033874022695,0.8833336128893797
requires,121,0.7923625082794367,0.06509432535685716,0.46070050109647304,0.9095902499745159
thereby,2,0.7921446669464164,0.01204374952663878,0.7801009174197776,0.8041884164730552
unintended,1,0.7919360464585024,0.0,0.7919360464585024,0.7919360464585024
accusations,18,0.7916505496536105,0.1485217168700999,0.5226694602412111,0.973160407269199
achievable,1,0.7915383519973389,0.0,0.7915383519973389,0.7915383519973389
efficiency,29,0.7913542784345925,0.059146210778576264,0.6127829357333512,0.8792055714288005
trustworthy,1,0.7912141910229471,0.0,0.7912141910229471,0.7912141910229471
tool,1,0.7911058463507133,0.0,0.7911058463507133,0.7911058463507133
special,6,0.7904826690780205,0.018708988275179528,0.7681017572941178,0.8234296253951345
leading,9,0.7902391775604394,0.11621836143314232,0.5816179817088823,0.9435237033254275
maximizing,1,0.7901702864607933,0.0,0.7901702864607933,0.7901702864607933
helpful,6,0.7900752929599714,0.16748064010277453,0.5320369747386219,0.9903794482392775
saving,6,0.7898088851175508,0.03349320423266529,0.7243744695723122,0.8268047945186637
couple,1,0.789776365624243,0.0,0.789776365624243,0.789776365624243
vicinity,6,0.7897324887880234,0.15832219350086807,0.4547671949063475,0.9276644971683964
progression,8,0.7897243816508599,0.06464755256790788,0.7025944422824699,0.8860475696291871
strong,7,0.7893047343196574,0.06931260441974396,0.6703452397002867,0.8739731457128243
wisely,1,0.788138758145452,0.0,0.788138758145452,0.788138758145452
such,50,0.7875728651938281,0.09845928681362105,0.17163330706519855,0.8768765532189314
suggest,3,0.7875174711563891,0.08486386352285336,0.7149736415838122,0.9065894921699459
Given,1283,0.7873118883129765,0.09132241236059369,0.1750416572040798,0.8867867817698886
unfolded,1,0.7871340047653029,0.0,0.7871340047653029,0.7871340047653029
meaning,3,0.7869442935756273,0.026521413803513305,0.7516396881349805,0.8155632143350714
whereas,1,0.7869301803875504,0.0,0.7869301803875504,0.7869301803875504
sabotage,76,0.7862547854731127,0.051306811461606164,0.5975080809565434,0.8942153847512313
approach,84,0.7861113271402524,0.060355951639161985,0.5819217986631566,0.9250517834803019
proposing,1,0.786061085470779,0.0,0.786061085470779,0.786061085470779
highly,13,0.7852872561249468,0.07376398374349959,0.6343325686656933,0.8979702056445819
moment,53,0.7851011996273781,0.11649442348375985,0.4155038690439921,0.9461614855176019
suspect,46,0.784830341732786,0.06369717895981482,0.6472915871037072,0.9515808520749
safe,38,0.7841660368675826,0.11540167755652996,0.3840773297955989,0.938612606108935
become,2,0.7837516669739083,0.04763231707935034,0.736119349894558,0.8313839840532586
collective,1,0.7835648014411473,0.0,0.7835648014411473,0.7835648014411473
By,35,0.7832556518379039,0.06205322071576001,0.6370538576067247,0.8908660204863869
want,25,0.7831935994075029,0.09510681308068958,0.6279795512933268,0.9851160883332866
desired,1,0.7828873482894914,0.0,0.7828873482894914,0.7828873482894914
attempt,29,0.7826177884176493,0.08306461126337919,0.590352150011415,0.934131187723742
larger,1,0.7823601980370757,0.0,0.7823601980370757,0.7823601980370757
cause,28,0.7813645807083842,0.06488759550886139,0.6590187784541152,0.9126740652891316
pired,2,0.781068299784176,0.03627405054150551,0.7447942492426705,0.8173423503256815
proceeded,12,0.7810470700152304,0.08148224135005712,0.5999758873937926,0.9258747963163523
safely,17,0.780943396522473,0.08071619701319308,0.6376609510843328,0.9429254266549394
briefly,2,0.7802821710040595,0.027570973746278593,0.7527111972577809,0.8078531447503381
objectives,28,0.7799279452962177,0.13024648739635647,0.2832905481655324,0.918404582395401
majority,7,0.7796842865938938,0.07803104235630952,0.6980172005407111,0.9267091139329562
advantage,52,0.7796393647006166,0.08146847101459301,0.46495232936918024,0.9183359396480695
Since,1405,0.7794462933697986,0.08707025434450394,0.3680522251496774,0.9304632711035435
promising,2,0.7788577832412608,0.052035105368264944,0.7268226778729958,0.8308928886095257
true,10,0.778855212084528,0.1297073667736718,0.5714035333097888,0.9219582796610591
manner,1,0.7780906106451363,0.0,0.7780906106451363,0.7780906106451363
stated,2,0.7779525301511745,0.012702995614643331,0.7652495345365312,0.7906555257658179
parity,1,0.7774204833907682,0.0,0.7774204833907682,0.7774204833907682
layer,1,0.7773671635279545,0.0,0.7773671635279545,0.7773671635279545
-efficient,1,0.7770664653571165,0.0,0.7770664653571165,0.7770664653571165
reasons,3,0.7769940851681448,0.06881735982054325,0.6805731750638402,0.8366500454515388
efficient,452,0.7767794426489236,0.05909975021634162,0.512760152448853,0.9087312752196971
which,960,0.776253476058261,0.09449216515744267,0.24088678689212348,0.9717349828350714
as,1173,0.7761936121351481,0.11997872393171137,0.23156445477715648,0.9814038706472495
required,6,0.7748612764767341,0.051047311036033785,0.7253394171761249,0.8791513726356431
anywhere,1,0.774740445603372,0.0,0.774740445603372,0.774740445603372
clarified,2,0.7747277764752637,0.05993788036475589,0.7147898961105078,0.8346656568400196
vulnerable,34,0.7743723356681714,0.054239619689636615,0.5789865232846282,0.8335942111614664
worrying,1,0.7742149342072808,0.0,0.7742149342072808,0.7742149342072808
concerns,9,0.7738554147634448,0.09337646167426919,0.5868215425770426,0.8984707303306827
thus,2,0.7735637754516749,0.01568773940613649,0.7578760360455383,0.7892515148578113
priorit,9,0.7734808305464722,0.12062721543719315,0.4586774288685663,0.9010801253340135
straightforward,20,0.7722190225500796,0.09232344758572641,0.5611247280254369,0.8914458825029153
whether,46,0.7714355034262482,0.1018517320370385,0.502290154557119,0.962414051240259
overall,69,0.7706606104219467,0.07636586631773709,0.4741091640086555,0.8664910674943523
ideally,2,0.769631195608465,0.008528593597300849,0.7611026020111642,0.7781597892057659
inefficient,3,0.7681170748200535,0.003670093380460334,0.7635994633574158,0.7725889707294789
needed,23,0.7676492253280315,0.051046615736568185,0.6646623418708341,0.8544441319714906
indicates,9,0.7676337117377562,0.08103362014811605,0.5882182174552013,0.874972866447569
assess,15,0.7675405169394008,0.09772258155924636,0.651116756569543,0.9214836201853392
substantial,5,0.7674540121178018,0.0571830632506976,0.6541030474192265,0.8088102906884755
control,1,0.766794773235031,0.0,0.766794773235031,0.766794773235031
aggressively,2,0.7664089338432442,0.004505576528301303,0.7619033573149429,0.7709145103715455
understand,28,0.7652115055758516,0.10417296231810291,0.5445063484499922,0.9488993964784906
attempting,10,0.764688351694198,0.055555809641315235,0.6878801031844122,0.8698441122737068
thought,4,0.764556400090695,0.18681926918314315,0.47379937341476147,0.9799029517133611
ated,4,0.7643751814744159,0.20331830818581384,0.416027165414019,0.9090439436432779
relatively,95,0.7642917138251553,0.07119233494790583,0.41473831953144774,0.9177511952953237
worth,9,0.7633224269823611,0.17875743222814158,0.3162002016781676,0.9265042578173623
claiming,4,0.7631620001943689,0.12045201132037256,0.6034641042858244,0.9413309064796778
credibility,7,0.7631252782691984,0.15480341142114737,0.5957286778568265,0.9442810512301035
real,2,0.7629279872986106,0.013151501651831599,0.749776485646779,0.7760794889504422
fellow,14,0.7628947163541142,0.0917938318466737,0.5140504971690296,0.9111348122805137
-consuming,1,0.7624715002551326,0.0,0.7624715002551326,0.7624715002551326
suggests,13,0.7622512490290085,0.18499700038078404,0.2604140910476856,0.9329262063881743
determine,5,0.7619513545457847,0.08936346480072195,0.6534139876821546,0.8736089619423881
implying,5,0.7617594026202285,0.03144331152728123,0.7121724141300905,0.807309455552017
active,3,0.7614828965024264,0.12343870392518332,0.6362160465466471,0.9294103510675191
degree,2,0.7614070771002932,0.022213349830676632,0.7391937272696166,0.7836204269309699
logical,235,0.7612778791698046,0.06599444807135163,0.5505900534453725,0.9474584428995113
putting,5,0.7610928067761641,0.05183006274378155,0.7109625494102931,0.8571068711788292
count,10,0.7610339860261397,0.1159423438124982,0.5060857630167529,0.8815490895763277
hostile,1,0.7610006464220244,0.0,0.7610006464220244,0.7610006464220244
raises,13,0.7607101928516559,0.11175570569350006,0.5009217233578076,0.9614826153469377
correctly,5,0.7599571461023237,0.08103743185203066,0.6438292852877123,0.8928447255225377
presents,7,0.7598153358056482,0.044640794461605376,0.6806536971503193,0.8410157054515885
ors,587,0.7595521954505772,0.05092498735189994,0.3953353809389791,0.898016479300415
sole,1,0.7595406020209747,0.0,0.7595406020209747,0.7595406020209747
because,102,0.7592131123071365,0.13395439681516957,0.24414180336227614,0.966409329639878
interests,1,0.7591367886421663,0.0,0.7591367886421663,0.7591367886421663
addressed,3,0.7586440801091588,0.12599773422265362,0.6078310914635393,0.9162377108080212
strategic,144,0.7578722681703872,0.0727461757089845,0.5030700109433709,0.879283367523947
necessary,58,0.7561517796433462,0.11773417319213375,0.2741033357546124,0.8952255515079868
utilize,13,0.7559818669001465,0.08231165690274427,0.5970620571953978,0.8840660596904552
outcome,1,0.7553290299325934,0.0,0.7553290299325934,0.7553290299325934
incident,19,0.7549868794570769,0.10254360069956382,0.5309730941905587,0.9369555427312877
thin,1,0.7545599705708311,0.0,0.7545599705708311,0.7545599705708311
also,1370,0.7544257809871932,0.13606272668371155,0.23481800859709231,0.989743687064249
over,5,0.7539826916037653,0.1148241129335807,0.5994998574752599,0.9551800029106899
indication,9,0.7536491042256501,0.09344512286816614,0.602450731887672,0.8467700357210649
aware,28,0.7532977252479612,0.1389712532420018,0.3298538033328478,0.923718755259109
urgency,1,0.7530921632809129,0.0,0.7530921632809129,0.7530921632809129
Thus,2,0.7528018696202882,0.03205465279472175,0.7207472168255664,0.7848565224150099
environment,4,0.752513121989391,0.052885064570142366,0.7011756210966102,0.8365561145444718
accusation,63,0.752355674739579,0.13616557374369676,0.4710038496866937,0.9407150408806823
managing,3,0.7521883734229723,0.013649272357631565,0.7411120281598891,0.7714174147467824
intentions,164,0.7521768762281685,0.0825586674992842,0.5369011614814333,0.9640758400861854
likely,131,0.7518186306034373,0.08503032251711451,0.5771638986392539,0.9269340495840317
support,1,0.75003683164018,0.0,0.75003683164018,0.75003683164018
increased,2,0.7495671889100042,0.008326791562520475,0.7412403973474837,0.7578939804725247
spaceship,57,0.7495487564965391,0.0315510238453019,0.7197625445006122,0.7967740768302551
possible,78,0.7489366898724963,0.10620959131438039,0.44521284266619504,0.9254061477968104
indicative,3,0.7488148037942933,0.04407757877926651,0.6891404727243744,0.7942558177353976
maximize,28,0.7473253924937782,0.048343825570996445,0.6018818242702069,0.8350252168951261
increasing,13,0.7472848411758053,0.08217944588861915,0.6407801447458524,0.9019849069521418
stating,1,0.746491874405983,0.0,0.746491874405983,0.746491874405983
harm,18,0.746484483601173,0.05816557738067026,0.6315017091596242,0.8227320423455323
influence,4,0.7457873865602761,0.11201771025569005,0.6057176997763415,0.9145659913362291
sense,133,0.7450708567991847,0.08221835065416153,0.5249062199127322,0.8778799635765147
best,164,0.7448538553626608,0.09694181061976655,0.4674397434275402,0.9339989829830606
play,4,0.7445406012093339,0.06340954121956703,0.6406769101406072,0.7970416014322342
alongside,1,0.7421313162813674,0.0,0.7421313162813674,0.7421313162813674
ized,2,0.7415640307505231,0.1261617339351611,0.6154022968153621,0.8677257646856843
useful,46,0.7413767067779239,0.09897162070019344,0.528658795650069,0.9199355240270822
assume,5,0.7405948731131151,0.06814903020938917,0.6611312289374097,0.8649929519339407
safer,48,0.7402355327259542,0.10371819451377634,0.47013390612179373,0.8710683445826085
carefully,41,0.7394093599051036,0.11056435112800565,0.32167829899327205,0.921386021687503
minimizing,8,0.7393183625059618,0.03885512304661859,0.6826711190728085,0.7886468880071242
categorized,1,0.7391583098185848,0.0,0.7391583098185848,0.7391583098185848
reflects,1,0.7384577425886212,0.0,0.7384577425886212,0.7384577425886212
but,721,0.738178407597421,0.15467652392259973,0.2070085475200587,0.9967154065519656
indicate,31,0.7376189872284755,0.10038051508366085,0.48911133556888464,0.8916674923929585
desirable,1,0.7370676758204042,0.0,0.7370676758204042,0.7370676758204042
indeed,2,0.7359216014765939,0.22585015662380653,0.5100714448527874,0.9617717581004005
equal,2,0.7353405792249237,0.041513538587443444,0.6938270406374802,0.7768541178123671
implicated,1,0.7349273957906944,0.0,0.7349273957906944,0.7349273957906944
Additionally,663,0.7345714366816025,0.05699572293604546,0.4844401952358957,0.9546277749317416
complex,1,0.7343343837020316,0.0,0.7343343837020316,0.7343343837020316
-term,1,0.7343168813646392,0.0,0.7343168813646392,0.7343168813646392
remains,3,0.7342130533128112,0.15056832364454056,0.5708360309744681,0.9341690222063419
unless,25,0.7337046636063839,0.09906766190430155,0.5099784467483054,0.9065827457759967
situation,137,0.7330839400448455,0.13636846370139943,0.19076430503258182,0.9332306741810256
goals,6,0.7328918446806298,0.08010970235086791,0.5996839807429273,0.8191252251667254
trap,1,0.7318101835850157,0.0,0.7318101835850157,0.7318101835850157
informative,1,0.7316329788711496,0.0,0.7316329788711496,0.7316329788711496
threats,7,0.7301990939847853,0.10320716559741594,0.5312818023858222,0.8543115577589868
difficult,13,0.7296795314293129,0.11547995040793722,0.5267012959165372,0.8855851571280675
reasonable,31,0.7294760189336226,0.1025115014695101,0.4961168552710633,0.8757606538654338
vigilant,12,0.7290605134811973,0.06999501807709603,0.6079250723803243,0.8190348685986986
balances,2,0.7290576168940575,0.15336251082624514,0.5756951060678124,0.8824201277203026
limited,1,0.7285247108775408,0.0,0.7285247108775408,0.7285247108775408
noting,2,0.7283764348455029,0.1020321269606777,0.6263443078848251,0.8304085618061805
effective,10,0.7281818847615209,0.11684722489559152,0.51603778490406,0.8776920309476067
systems,2,0.7276386826389911,0.04294513978820863,0.6846935428507825,0.7705838224271998
high,20,0.7257393345192377,0.13538042439960804,0.4130560823416284,0.9236369952624964
survival,4,0.7246238702188568,0.11594206745436222,0.6024595683957004,0.9004082210529805
exclusive,2,0.7242728943336378,0.11696662174832928,0.6073062725853086,0.8412395160819671
including,209,0.7241168926972419,0.08088584195167506,0.36383009668577926,0.8960680934549702
informed,8,0.7240911753291291,0.03827278106834195,0.695532134924924,0.8051526053753855
careful,22,0.7239133117523152,0.11544730575529848,0.4729145400959686,0.953652644765692
chances,33,0.7239082815166411,0.08245459608035134,0.5493830539075062,0.8511351628711218
means,30,0.7236432006269795,0.12534382000042765,0.4211088400828227,0.8796171050139039
deception,1,0.7235208172902854,0.0,0.7235208172902854,0.7235208172902854
alternative,8,0.7224806105070518,0.15088478159072335,0.3721684948650681,0.9046733978063656
validity,4,0.7224462539164173,0.049037326585662164,0.6757924473494894,0.8031822577918344
dynamics,1,0.72225910598948,0.0,0.72225910598948,0.72225910598948
danger,23,0.7212717684489836,0.09397768661739529,0.4880270876338512,0.817034489672453
compared,101,0.7208830127393939,0.0857373910521973,0.47355035049391403,0.9200291621419007
strategically,6,0.7189667094182499,0.10414310248027556,0.5867898071506802,0.8754773358522245
difficulty,2,0.7189279265913611,0.0033224907570862383,0.7156054358342748,0.7222504173484473
ably,4,0.7177869383229946,0.0550148538043206,0.6562176115208789,0.8008842352960279
repercussions,9,0.716307015323548,0.18526893628031443,0.21432013714131287,0.8440222127649621
perform,1,0.7159513396986201,0.0,0.7159513396986201,0.7159513396986201
success,3,0.7132413320158371,0.0078966089996126,0.7022178598656956,0.7203012757176284
requirements,1,0.7131176224193702,0.0,0.7131176224193702,0.7131176224193702
effectively,16,0.7126177364875907,0.1090908387057803,0.5195376062679735,0.9080098962444352
recent,1,0.7124027865378529,0.0,0.7124027865378529,0.7124027865378529
-only,1,0.7123756725736544,0.0,0.7123756725736544,0.7123756725736544
viable,30,0.7122157938831282,0.09955929078797265,0.3446740329155564,0.8676172002481024
raised,13,0.7097511702279772,0.1563930314700738,0.4380432053969668,0.903463659776063
urge,1,0.7092884868960381,0.0,0.7092884868960381,0.7092884868960381
addressing,1,0.7092187961314994,0.0,0.7092187961314994,0.7092187961314994
increases,8,0.7090399452005193,0.12221199999112309,0.4081508409835037,0.8164071392172012
ensure,22,0.7085530528186557,0.15059544396506405,0.2602275845443215,0.8876241352638657
assuming,4,0.7076012517477207,0.08552890388400661,0.5855901089537693,0.7879963852151133
case,10,0.7074988751958677,0.1247252339425744,0.3617438733208554,0.8033648045626465
pivotal,2,0.7073325572335132,0.0730691764338714,0.6342633807996418,0.7804017336673846
transparency,4,0.7060268743090103,0.07138158403356257,0.5935493406930958,0.7827463578350801
ation,1,0.705404128081839,0.0,0.705404128081839,0.705404128081839
prepared,9,0.7040224425073602,0.08013669013429839,0.5623596909583223,0.8302430559677043
priorities,3,0.703733464011519,0.129969319488457,0.5331518506933144,0.8483072438649357
indicating,9,0.7037228830581627,0.06916315485758447,0.5704935361525287,0.8073965878816134
nature,1,0.7025359844026456,0.0,0.7025359844026456,0.7025359844026456
ability,15,0.7019507108475337,0.08408643441465873,0.485545011995954,0.8022813597207382
address,11,0.701127421706483,0.18989059936106675,0.3722161567338308,0.9636250324323776
priority,346,0.7006381067515222,0.11776905985316259,0.19286542173527263,0.9142345630774329
need,469,0.7004863234360316,0.16178866856114663,0.12415944008328475,0.9820242921179558
dangerous,5,0.6998299756448711,0.04934392266700231,0.6561422442738927,0.7939559910044963
implic,2,0.6994568625004284,0.15691153310485684,0.5425453293955715,0.8563683956052852
safety,55,0.698733565167065,0.10173059060413098,0.3587752841651505,0.8975177876730165
presence,46,0.6984530639417911,0.2036888859343395,0.2810695225637737,0.9821791166968102
ideal,48,0.6977901715679087,0.07901775517124177,0.4200548778713864,0.809782659663715
risking,1,0.697439812777691,0.0,0.697439812777691,0.697439812777691
strongly,4,0.6966326483653011,0.14346468106040244,0.5153254693766599,0.9027763579380267
unclear,1,0.6960868572393307,0.0,0.6960868572393307,0.6960868572393307
eliminating,22,0.6950832867548722,0.1310554619406352,0.4090070796104187,0.856813509772109
achieving,6,0.692981268530691,0.1297723897355448,0.5024446855043996,0.8027046495561561
regarding,20,0.6927175486873887,0.18420390068170844,0.31224471435969287,0.9111423626592223
aid,3,0.6924279037815727,0.09128022450578778,0.5669056634384613,0.7812896841588617
urgently,1,0.6899452061398854,0.0,0.6899452061398854,0.6899452061398854
top,1,0.688277737338277,0.0,0.688277737338277,0.688277737338277
considered,12,0.6871966748392643,0.08650015230971653,0.5203567963932678,0.8698310789952283
vital,1,0.687187645101991,0.0,0.687187645101991,0.687187645101991
solely,2,0.6869471787878187,0.10053964521748882,0.5864075335703299,0.7874868240053076
Firstly,1,0.686818809109572,0.0,0.686818809109572,0.686818809109572
although,3,0.6853136032489072,0.10856865042886736,0.5367377829023434,0.7931372703120761
outnumber,1,0.6824336796204837,0.0,0.6824336796204837,0.6824336796204837
itate,2,0.681658604696471,0.046182911398092996,0.6354756932983779,0.7278415160945639
With,12,0.6814460048404126,0.1217913108135367,0.36842406543263007,0.8664481383196151
beneficial,273,0.6805851493204268,0.10527364644684059,0.3914258241926265,0.903753901644368
caution,13,0.68013765754992,0.07596850159186085,0.5213790865743672,0.8029158715932322
optimizing,1,0.6781889794085482,0.0,0.6781889794085482,0.6781889794085482
adds,2,0.6775076084442762,0.11963728758693898,0.5578703208573371,0.7971448960312151
preferable,1,0.6765611869948329,0.0,0.6765611869948329,0.6765611869948329
needs,3,0.6762258371736395,0.18331485668735045,0.4228407013850703,0.8503892881912872
manage,4,0.6759449126900475,0.07171609241669437,0.5617304816285796,0.7552230598466106
bold,1,0.6746855926176885,0.0,0.6746855926176885,0.6746855926176885
prioritize,361,0.6735869876902498,0.08061245801424717,0.30089957971380416,0.8571751692773221
allegedly,5,0.6734943937887165,0.10895395755636746,0.5139979756622038,0.8253510527505266
Still,1,0.6734573851612695,0.0,0.6734573851612695,0.6734573851612695
Therefore,52,0.6730027925946614,0.05922700320453725,0.5237043528539597,0.8141347612133598
Moreover,4,0.6700172336247217,0.057438763756774126,0.6109225859723184,0.7467582512376245
clarity,1,0.669969932021733,0.0,0.669969932021733,0.669969932021733
evaluate,5,0.6681778663121528,0.03455792511210458,0.6011475096374278,0.6927658665237506
among,56,0.6675740617494285,0.08919878556825563,0.5011145647055566,0.9243572323650876
manipulate,1,0.6672280166250258,0.0,0.6672280166250258,0.6672280166250258
decided,2,0.6660821424033994,0.0827805388072046,0.5833016035961948,0.748862681210604
characteristic,2,0.6655690616082623,0.043607668229000085,0.6219613933792623,0.7091767298372624
es,1,0.6652792845208624,0.0,0.6652792845208624,0.6652792845208624
compromising,2,0.6642017801248248,0.20177806097405085,0.4624237191507739,0.8659798410988756
advised,2,0.6640351120253324,0.22233491259324348,0.4417001994320889,0.8863700246185758
Furthermore,2,0.6634319208835375,0.0375211629912256,0.6259107578923119,0.7009530838747631
unique,1,0.6634210642919866,0.0,0.6634210642919866,0.6634210642919866
scrutin,1,0.6629793285937278,0.0,0.6629793285937278,0.6629793285937278
ality,1,0.6608077916479561,0.0,0.6608077916479561,0.6608077916479561
main,6,0.6598647951442161,0.18789122300438288,0.32582346355228164,0.8745991552773753
functionality,3,0.6575895610975296,0.02978688918791887,0.6212062900903346,0.6941681850536385
fulfilling,1,0.6558363936732043,0.0,0.6558363936732043,0.6558363936732043
likelihood,2,0.6555561858804662,0.05373270349304138,0.6018234823874248,0.7092888893735075
mission,4,0.6555265455175128,0.09980973042792904,0.5430087626594834,0.7967313942213494
ushed,1,0.6542311744494324,0.0,0.6542311744494324,0.6542311744494324
matter,2,0.653741898412513,0.028238156315970986,0.6255037420965419,0.6819800547284839
accessibility,3,0.6531291494268044,0.056205481731325474,0.6001572254789342,0.730938261342275
surrounding,6,0.6522905616168361,0.16660027575714903,0.3202059809777926,0.8380065203255243
[,5082,0.651881257957991,0.3831031300142787,0.10640020499733124,0.948964781208408
risky,179,0.6515538085636031,0.15256149333873364,0.2105772600072744,0.8690910487247602
specifically,7,0.6510390625147792,0.06715352845468582,0.5374081728895519,0.7288593403378816
affect,1,0.6507573372144931,0.0,0.6507573372144931,0.6507573372144931
aforementioned,1,0.648669737851341,0.0,0.648669737851341,0.648669737851341
advantageous,6,0.6476739168467059,0.08321753715496613,0.530468277238938,0.7461206757967332
truth,1,0.647434354973386,0.0,0.647434354973386,0.647434354973386
lower,2,0.6474129465050421,0.21232333635527897,0.43508961014976316,0.8597362828603211
eliminated,1,0.6467309280206953,0.0,0.6467309280206953,0.6467309280206953
achieve,17,0.6465112827847688,0.0699229699084385,0.5138386845351476,0.7505535157656281
achieved,1,0.6461408341852026,0.0,0.6461408341852026,0.6461408341852026
poses,1,0.6447536480590148,0.0,0.6447536480590148,0.6447536480590148
varying,1,0.6423469892501731,0.0,0.6423469892501731,0.6423469892501731
guaranteed,1,0.6420008449765796,0.0,0.6420008449765796,0.6420008449765796
minimal,3,0.6419938230622283,0.117454769477713,0.5386011401041795,0.8062774601950978
balance,9,0.6411666589772586,0.08619850566578531,0.5088819338715134,0.7516453997334845
committed,3,0.6409208973223661,0.03815248331476563,0.6053297096797771,0.6938358376106397
particular,1,0.6400559105025323,0.0,0.6400559105025323,0.6400559105025323
element,2,0.6396976237806553,0.0018666077323160057,0.6378310160483392,0.6415642315129713
hinder,1,0.6385262503486924,0.0,0.6385262503486924,0.6385262503486924
sudden,1,0.6379085792305043,0.0,0.6379085792305043,0.6379085792305043
complicated,1,0.6375725615540067,0.0,0.6375725615540067,0.6375725615540067
role,9,0.6361187148517615,0.14988795824632814,0.47486631864516327,0.8375898867948618
complications,1,0.6341927288770832,0.0,0.6341927288770832,0.6341927288770832
since,415,0.6336712713570913,0.144272810471993,0.2297037359935097,0.97208030890329
involving,3,0.6326479662130774,0.17857648997099485,0.47742294787710654,0.8827807333726662
potential,702,0.6323925366223694,0.12990053492408887,0.13636852160764962,0.9160038816499814
value,3,0.6315858947786154,0.18474998185059144,0.46539063478453824,0.8892778699226737
necess,2,0.6299340788413179,0.01004622594287613,0.6198878528984417,0.639980304784194
riority,3,0.6257095829888292,0.08513466781085881,0.5118322681167121,0.7164984304248782
fulfill,4,0.6243301271753462,0.012230181186484427,0.6063287984404032,0.6395503276368001
noteworthy,1,0.6240349872896712,0.0,0.6240349872896712,0.6240349872896712
key,37,0.6221217544048637,0.0744327131707483,0.47977125802452303,0.8210171266981007
primarily,1,0.6193054424379355,0.0,0.6193054424379355,0.6193054424379355
inevitable,1,0.6148610895558587,0.0,0.6148610895558587,0.6148610895558587
whose,1,0.6128462194793505,0.0,0.6128462194793505,0.6128462194793505
dangers,1,0.6121222987955065,0.0,0.6121222987955065,0.6121222987955065
believe,4,0.6097473796348558,0.31368976506739543,0.28294033274161745,0.9545335407399604
goal,501,0.6070383964971493,0.13868080982257883,0.20617958222511062,0.9514227613882448
associated,2,0.602666880258393,0.37588682752999547,0.22678005272839744,0.9785537077883885
indicator,2,0.6016687650461139,0.07444000464957168,0.5272287603965422,0.6761087696956856
est,1,0.5982374609243802,0.0,0.5982374609243802,0.5982374609243802
ily,1,0.5960969994764783,0.0,0.5960969994764783,0.5960969994764783
higher,2,0.5938675371199984,0.057625017711655846,0.5362425194083426,0.6514925548316542
urgent,6,0.5798055218833458,0.10771811756089632,0.39719479874502145,0.7439181960887792
cautious,219,0.5788627982018147,0.11634414872049441,0.31364509918240796,0.9422602835218652
wise,35,0.5781193470502787,0.13760702953418846,0.3266495036547133,0.8746054766633454
Although,1,0.5778790115561591,0.0,0.5778790115561591,0.5778790115561591
against,50,0.5777226536211915,0.1814811603293176,0.17688976449844407,0.8456784136262638
depending,1,0.5775796118842127,0.0,0.5775796118842127,0.5775796118842127
objective,102,0.5769601091091756,0.16447282249208914,0.1585929990520683,0.8432803480020128
-risk,8,0.5758890600601474,0.1267808045480409,0.2939675493173167,0.7180085515573069
benefit,8,0.5750163090420143,0.24185072845187597,0.2516069614885682,0.8753879375880239
determining,1,0.572122660811,0.0,0.572122660811,0.572122660811
licate,2,0.5673493970155903,0.08527295746343244,0.48207643955215784,0.6526223544790227
alleged,4,0.566326446493501,0.10307454502991084,0.4104158971661865,0.6679627106078845
important,74,0.5645799506581547,0.22776448967147506,0.19049304801229988,0.8911764508866009
-sensitive,2,0.5636503836100825,0.03655539056921653,0.5270949930408659,0.600205774179299
must,43,0.5557627243704399,0.15124043940733914,0.27903184465925174,0.897843704063979
Considering,183,0.555227121132846,0.10879780274330487,0.2102419770888067,0.8150749132512604
izing,8,0.5522179472778621,0.10157481399274708,0.40270542053938985,0.7621233645913965
hand,131,0.5521849327580116,0.17989128290371206,0.2385630039648078,0.9157622989748333
term,1,0.5514605501076798,0.0,0.5514605501076798,0.5514605501076798
remember,2,0.5503191619601316,0.1404285701848338,0.40989059177529785,0.6907477321449654
compromise,1,0.5500061139281739,0.0,0.5500061139281739,0.5500061139281739
accordingly,2,0.5475570554647666,0.19341648637687564,0.35414056908789093,0.7409735418416422
sensible,2,0.5433627849668423,0.012572644584147974,0.5307901403826943,0.5559354295509903
risk,274,0.5430740379947241,0.20128716346377068,0.07418755536326439,0.8845847845818501
weigh,26,0.5386827637590207,0.15781802893468622,0.24413197455854324,0.7937776273043422
prudent,22,0.5370689127877657,0.11425418100390138,0.30182097808092473,0.7516527472829725
revelation,1,0.5326300803065958,0.0,0.5326300803065958,0.5326300803065958
advisable,1,0.5316964250023812,0.0,0.5316964250023812,0.5316964250023812
though,5,0.5238895098411229,0.2411233108021946,0.31872882885944587,0.9851974564696407
consider,409,0.5231969162953974,0.17407935741524536,0.16106812357527564,0.9164939478477995
pose,3,0.5165927659148908,0.05259676285633193,0.44659304711542497,0.5733792891355167
primary,138,0.5135681673675024,0.15202827377423808,0.17829295534331818,0.8123775925981804
particularly,4,0.508134653449752,0.12645076975384004,0.33554861832499555,0.6921684354956941
significantly,3,0.5056906884007978,0.23749801135808343,0.3152745617561506,0.8405114227858257
probable,1,0.5049053133871856,0.0,0.5049053133871856,0.5049053133871856
iness,4,0.5045631856858721,0.051004770538023374,0.4569194259543637,0.5875093353133712
justify,1,0.5022249562214838,0.0,0.5022249562214838,0.5022249562214838
ates,1,0.500108230975779,0.0,0.500108230975779,0.500108230975779
impact,6,0.497249162385033,0.13176795528338017,0.2639644748114897,0.6604011771560357
But,19,0.49707769401733937,0.09449677394685757,0.3318945226912597,0.6472936932280182
Secondly,1,0.4965140567582735,0.0,0.4965140567582735,0.4965140567582735
detrimental,2,0.4946533865257421,0.0682446347443598,0.4264087517813823,0.5628980212701019
complexity,2,0.49254304675263955,0.15632076600490924,0.3362222807477303,0.6488638127575488
concern,7,0.48840445173235775,0.18959371113477969,0.23890965139788817,0.7606633630350006
versus,7,0.48795305237370296,0.09768088690419612,0.3323508313277194,0.6340056638444547
essential,67,0.48069273700633514,0.11569525599069404,0.18087566629970975,0.6752867432794876
balanced,1,0.47993137059097574,0.0,0.47993137059097574,0.47993137059097574
compelling,1,0.4770018763592522,0.0,0.4770018763592522,0.4770018763592522
weighed,1,0.4718540120145422,0.0,0.4718540120145422,0.4718540120145422
forward,1,0.4688447515510193,0.0,0.4688447515510193,0.4688447515510193
consequences,9,0.467003757896206,0.29284476640459706,0.09926238914393537,0.8293605554291061
consideration,4,0.4669062368739446,0.1487942940269047,0.33620120392742003,0.7194057296257387
crucial,323,0.46179195952777263,0.1315406140948196,0.1517135859286207,0.8045451567834921
warrant,5,0.4593476624286389,0.05246172297502438,0.3717298057997633,0.5352991799021574
ier,3,0.4562892118923176,0.10547692461951122,0.32802078566550585,0.5863664349897831
appropriate,2,0.4558559185029786,0.0011160066155009585,0.45473991188747764,0.45697192511847956
mindful,60,0.44404476028516526,0.10947177090480027,0.2439629306175751,0.7290546561544181
given,36,0.4411178079594939,0.16175574816958987,0.11905162535475176,0.772255260260852
especially,139,0.4405725829281657,0.13858249499132025,0.12943520807711761,0.786784161414095
circumstances,2,0.4364307216497404,0.21683442043590928,0.21959630121383114,0.6532651420856497
risks,62,0.43324765720622527,0.24926996506856838,0.07991771203957701,0.8867282217720048
serious,5,0.42844332946200003,0.22489977686646995,0.1754624154370707,0.7656575307125841
motives,1,0.42842561824487085,0.0,0.42842561824487085,0.42842561824487085
ultimate,2,0.42227570186218494,0.015834497784026957,0.406441204078158,0.4381101996462119
fact,48,0.41174191805265464,0.2031736421213401,0.12471786033841631,0.9608941732584959
considerations,1,0.4110261112699306,0.0,0.4110261112699306,0.4110261112699306
factor,2,0.40556314869566956,0.09585888447196259,0.30970426422370695,0.5014220331676321
ensuring,2,0.39816646390090915,0.1640582375264953,0.23410822637441386,0.5622247014274044
Yet,1,0.39213282197533167,0.0,0.39213282197533167,0.39213282197533167
threat,5,0.38869723502690523,0.12387295887418116,0.21977594324773514,0.5578078177565154
critical,12,0.3881623142841031,0.10804509372985982,0.15389105226056873,0.5294979154636892
mind,13,0.3804835048838759,0.12545253610631832,0.15998109536788188,0.6464274775160488
possibility,56,0.3796977571509655,0.09583025766965492,0.18321449002294565,0.7698535663714149
benefits,49,0.3702006678740398,0.18820918020754818,0.14121700107435572,0.7946848421588285
considering,181,0.3519685825582214,0.15461665915297207,0.09588982506097081,0.9053642082899099
Nonetheless,3,0.3281848272094919,0.08079605653669353,0.26727028701416916,0.44236227541503337
seriousness,1,0.3115785172917548,0.0,0.3115785172917548,0.3115785172917548
considers,1,0.2661421736923197,0.0,0.2661421736923197,0.2661421736923197
impacting,1,0.251886174308891,0.0,0.251886174308891,0.251886174308891
aspect,2,0.243410501637633,0.004320363673967723,0.2390901379636653,0.24773086531160074
implications,2,0.21653749538200295,0.06755603136820067,0.14898146401380227,0.2840935267502036
despite,1,0.2004652789843228,0.0,0.2004652789843228,0.2004652789843228
posed,2,0.18951878146913567,0.06547745465538271,0.12404132681375296,0.2549962361245184
importance,1,0.1249842284465142,0.0,0.1249842284465142,0.1249842284465142
<|begin_of_text|>,1694,0.0007116104730422126,1.0842021724855044e-19,0.0007116104730422125,0.0007116104730422125
