token,count,mean,std,min,max
...,1,0.9921001993064186,0.0,0.9921001993064186,0.9921001993064186
happy,1,0.9731062704404175,0.0,0.9731062704404175,0.9731062704404175
uous,3,0.9700994464357505,0.0013896733406224587,0.9682067053889503,0.9715040052258852
Hey,2,0.9646223904006326,0.009366582886025265,0.9552558075146074,0.9739889732866579
Regarding,2,0.9575716077084604,0.008824144565579395,0.948747463142881,0.9663957522740398
innocent,7,0.9569623187107321,0.044658900501564715,0.852899242610497,0.9875307651394879
mention,1,0.9487258468404185,0.0,0.9487258468404185,0.9487258468404185
Hi,2,0.9466029861548559,0.005994355664146911,0.940608630490709,0.9525973418190028
believable,1,0.9421214225894208,0.0,0.9421214225894208,0.9421214225894208
innoc,3,0.9389407139796647,0.045330851890609127,0.8754090009510147,0.9781308737896839
Was,1,0.9385085935101831,0.0,0.9385085935101831,0.9385085935101831
convincing,2,0.9343067131123531,0.015852203844718193,0.9184545092676349,0.9501589169570713
thanks,1,0.931961933455693,0.0,0.931961933455693,0.931961933455693
concerned,7,0.9278183711165334,0.06344875242364471,0.8111692151591317,0.9861191230770219
ordinary,2,0.927504185935013,0.053795088387954826,0.8737090975470583,0.9812992743229679
trustworthy,1,0.9254010872768936,0.0,0.9254010872768936,0.9254010872768936
Hello,23,0.9172841735344737,0.02737812968552409,0.8695213433588839,0.9648484722467101
icious,1,0.9147900505857222,0.0,0.9147900505857222,0.9147900505857222
genuine,4,0.9130884572479484,0.02653359626720309,0.879005863201468,0.9524441985641365
Maybe,2,0.9121353255763682,0.014246709318135042,0.8978886162582331,0.9263820348945032
Do,2,0.9079392887818761,1.1492069596275023e-05,0.9079277967122799,0.9079507808514724
maybe,2,0.9070240725360721,0.008196613088541804,0.8988274594475303,0.9152206856246139
add,1,0.9068814667238062,0.0,0.9068814667238062,0.9068814667238062
whole,1,0.9049439450723801,0.0,0.9049439450723801,0.9049439450723801
personally,1,0.9024577337356962,0.0,0.9024577337356962,0.9024577337356962
blame,2,0.9017188102551179,0.023010351218858804,0.8787084590362592,0.9247291614739768
identical,1,0.8995960610610901,0.0,0.8995960610610901,0.8995960610610901
pretend,26,0.8957466016140203,0.04507222059812248,0.7957174717903346,0.9633323709589526
Were,2,0.8951945425968544,0.0034351665919183927,0.8917593760049359,0.8986297091887727
deflect,28,0.8937690906514716,0.08141381611187032,0.5312130938935371,0.9598225316070065
believe,4,0.8924436034797383,0.06473871738423727,0.8212713835930872,0.9853062137389642
agree,7,0.8916281174131503,0.10293104462337854,0.6572413783371921,0.9798638063178428
job,2,0.8886388443977964,0.026219790839127566,0.8624190535586689,0.914858635236924
Reporting,1,0.888542341113857,0.0,0.888542341113857,0.888542341113857
detailed,1,0.8882622383594428,0.0,0.8882622383594428,0.8882622383594428
claimed,2,0.886780763414331,0.012318730089048269,0.8744620333252827,0.8990994935033793
craft,1,0.8862846291440488,0.0,0.8862846291440488,0.8862846291440488
urge,1,0.885820135540406,0.0,0.885820135540406,0.885820135540406
agreed,1,0.8810173529533826,0.0,0.8810173529533826,0.8810173529533826
statements,7,0.8796182849323484,0.06085078731135513,0.8083728145138781,0.970372035547557
Has,15,0.8793896225779977,0.035697053604726754,0.8025500671357904,0.9281529102915854
shift,3,0.8790989833649325,0.01773068433016213,0.8590803668770277,0.9021852559223801
protect,1,0.8778652507295146,0.0,0.8778652507295146,0.8778652507295146
steering,1,0.8773445245840692,0.0,0.8773445245840692,0.8773445245840692
speech,1,0.8761227738490274,0.0,0.8761227738490274,0.8761227738490274
Did,4,0.8755894406239116,0.03901031870784529,0.8351222699243733,0.9351486767660799
cooperative,14,0.8753390474486739,0.05579998066801967,0.7496068325197396,0.9603087390516762
Speaking,2,0.8747480820654949,0.031176468096539844,0.8435716139689551,0.9059245501620348
story,6,0.8743021229021485,0.08217086426112823,0.7373636584904036,0.969293425752067
neutral,1,0.8719329609404972,0.0,0.8719329609404972,0.8719329609404972
strongly,4,0.8717911499193444,0.018849335754689358,0.8540858050471952,0.9006450060073607
curious,1,0.8682079851621675,0.0,0.8682079851621675,0.8682079851621675
Have,2,0.8670278963726759,0.034426677428577135,0.8326012189440988,0.901454573801253
ideas,1,0.8660344843741353,0.0,0.8660344843741353,0.8660344843741353
icking,2,0.8648712372089497,0.014375795206320596,0.850495442002629,0.8792470324152702
iterate,4,0.8643764884107454,0.04189488946282065,0.7925800137454313,0.8964863314200189
truth,1,0.8641072290085248,0.0,0.8641072290085248,0.8641072290085248
sides,1,0.8637902325713314,0.0,0.8637902325713314,0.8637902325713314
everyone,46,0.8627136073543824,0.0929468061633682,0.5777336745443813,0.9682705471308236
interested,6,0.8603041516707797,0.08146028397640058,0.7438106217246649,0.9565180974445788
non,1,0.8589192328212744,0.0,0.8589192328212744,0.8589192328212744
involved,5,0.8586663752145338,0.04184922577777764,0.8026981007180995,0.9224181359562048
great,1,0.8568234241982315,0.0,0.8568234241982315,0.8568234241982315
'd,35,0.854466593991112,0.07312584801056714,0.6495238019355082,0.95959531140797
accusing,2,0.8544258495822844,0.011867148854447063,0.8425587007278373,0.8662929984367315
your,25,0.8540641134503676,0.050970792517510195,0.7695437578175968,0.9342785285545335
accompanied,1,0.8527968382933749,0.0,0.8527968382933749,0.8527968382933749
guaranteed,1,0.8514691984807187,0.0,0.8514691984807187,0.8514691984807187
Perhaps,9,0.8500417953228352,0.10408587304091149,0.6378879935185595,0.9606735371854276
appeared,1,0.8498771611380705,0.0,0.8498771611380705,0.8498771611380705
Before,3,0.848498072505295,0.05083654172499053,0.7990122396454533,0.9184061881649426
discord,1,0.8479742808625961,0.0,0.8479742808625961,0.8479742808625961
words,1,0.846242348186428,0.0,0.846242348186428,0.846242348186428
think,57,0.845449873206129,0.13820417034797108,0.34585838486472736,0.9924572875073215
perspective,4,0.8450413468390134,0.06778637174798564,0.770840702848095,0.9544946852057528
trail,2,0.8448308661955948,0.08373094351235394,0.7610999226832408,0.9285618097079487
legitimate,27,0.8435999530539162,0.05894408322325016,0.7216094996977884,0.9438611259939795
instantly,1,0.842454270755469,0.0,0.842454270755469,0.842454270755469
trust,50,0.8403631837365519,0.07659565330617923,0.6419962545216941,0.9527197360342862
allegedly,5,0.8400563271952348,0.025711728324600048,0.8210738855358971,0.8889090323129873
convince,1,0.8392615285822702,0.0,0.8392615285822702,0.8392615285822702
illusion,3,0.8389278102465895,0.05424569659496513,0.766868618305382,0.897749905886924
appear,29,0.8387787781737936,0.04804568219090942,0.7017151079308968,0.9371415893261557
claiming,4,0.8385124759047784,0.09206145578575713,0.6953871400356633,0.9508101995532617
vag,1,0.8376550533266393,0.0,0.8376550533266393,0.8376550533266393
suddenly,1,0.8368514894279891,0.0,0.8368514894279891,0.8368514894279891
vague,2,0.835463237894073,0.0767086088544155,0.7587546290396575,0.9121718467484885
accidents,1,0.8350303836440589,0.0,0.8350303836440589,0.8350303836440589
involvement,5,0.8340313640739696,0.08361224060137092,0.7173205615926147,0.9370855444426412
What,6,0.8335768422634547,0.08378811445119783,0.6514297390085487,0.8985351967090773
began,3,0.8328571094162487,0.0,0.8328571094162487,0.8328571094162487
And,7,0.8324216815235037,0.04470348960061814,0.7680328823286657,0.9197309583193798
throw,3,0.8322953159133153,0.007144453685854295,0.8246204195394105,0.8418237044392048
speak,10,0.8321692063561168,0.10111375523440366,0.6851863259064245,0.9422025956932927
Should,3,0.8312854210326609,0.059383960695570046,0.7498769325686564,0.8898551539605833
seemingly,276,0.8309348313630784,0.06722055445650867,0.4974097574815108,0.9510855427114544
you,81,0.8308573005545732,0.07512929701407538,0.6136980729551328,0.9466338366700359
maintain,43,0.828403691717239,0.05185675510158319,0.6925603266744804,0.9262522902096628
flags,2,0.8268249778885617,0.023843070993999235,0.8029819068945625,0.850668048882561
indeed,2,0.8257089763226113,0.10014929555741875,0.7255596807651925,0.92585827188003
iness,4,0.8251076476139133,0.03756080202413943,0.7821849502269472,0.8760448814718048
possibilities,1,0.8248546466077096,0.0,0.8248546466077096,0.8248546466077096
pretending,9,0.8242672889564746,0.10156666008498125,0.595345546787185,0.9211464369732822
unfolded,1,0.8241921496284885,0.0,0.8241921496284885,0.8241921496284885
elsewhere,1,0.8230850932644895,0.0,0.8230850932644895,0.8230850932644895
account,5,0.8214814988847434,0.05888333173949222,0.737878811660502,0.8921234108344339
Let,15,0.8209930040872137,0.06615375228791426,0.7366598989788206,0.9238306733660019
did,12,0.8209186674834,0.12714011972408362,0.5196986756639908,0.97521641565
intercept,1,0.8181696393647052,0.0,0.8181696393647052,0.8181696393647052
issues,1,0.8179300718162325,0.0,0.8179300718162325,0.8179300718162325
lay,2,0.817919189152359,0.012611479976715412,0.8053077091756435,0.8305306691290744
plausible,10,0.8178175820870868,0.11039738916427518,0.5893532918900695,0.931666051987507
Can,32,0.8173692958887395,0.0531681535973706,0.6875017605805426,0.9242095955668302
turning,1,0.8162641771420133,0.0,0.8162641771420133,0.8162641771420133
discussed,5,0.8157763294449174,0.034042454560390276,0.7748799217930075,0.8568435454873264
lie,1,0.8150526709210091,0.0,0.8150526709210091,0.8150526709210091
stories,4,0.8143913706635526,0.05280431737733047,0.7485874636869566,0.8760869118499703
comment,2,0.813407586217495,0.108640332144605,0.70476725407289,0.9220479183621
claim,9,0.8124414441266417,0.09025778956701333,0.6885622730612313,0.9742946250946612
contradict,1,0.8123742056026736,0.0,0.8123742056026736,0.8123742056026736
Also,9,0.8102445469402784,0.0647889233320922,0.7280687274746981,0.9634971896558833
certain,2,0.809743517754619,0.09267321136307627,0.7170703063915427,0.9024167291176952
introduced,1,0.808711432084238,0.0,0.808711432084238,0.808711432084238
thinking,5,0.8085164319724969,0.190363184094583,0.5650483706361268,0.9680088599186581
say,7,0.8084948335192087,0.1687889382574661,0.4930309098219207,0.9379436538561323
credibility,7,0.80711260501454,0.05252717397653793,0.7325205993969428,0.8718811336214605
genuinely,8,0.806386767068789,0.05762528750114522,0.6834879506080785,0.8963393206380301
pired,2,0.8047081061227832,0.01543847706409246,0.7892696290586907,0.8201465831868756
actually,7,0.8034132221722387,0.13485638190028534,0.5131339676293183,0.969229440274503
opinion,1,0.8029083903023042,0.0,0.8029083903023042,0.8029083903023042
Everyone,1,0.802595788195038,0.0,0.802595788195038,0.802595788195038
noted,13,0.8011052154485108,0.04351410456876766,0.7092036891998742,0.8371651184176693
met,3,0.8008607517013973,0.11055356766403966,0.6559625179830725,0.9241676446017255
seem,181,0.8003983617061495,0.10120862369204164,0.4122252771910442,0.9852108220083658
theirs,1,0.8002684346015526,0.0,0.8002684346015526,0.8002684346015526
Looking,2,0.798448145968351,0.04068303413661828,0.7577651118317327,0.8391311801049692
accident,1,0.7969453818392748,0.0,0.7969453818392748,0.7969453818392748
testimony,3,0.7944602195094873,0.01613780373575697,0.7771998826681343,0.8160211127054032
arrival,1,0.7941728640691968,0.0,0.7941728640691968,0.7941728640691968
support,1,0.7934110967942762,0.0,0.7934110967942762,0.7934110967942762
accused,28,0.7928747658566727,0.09077537265055105,0.6375651351494,0.9390044873914469
ILL,45,0.7928721627425167,0.037029554425015196,0.6981208643566226,0.8665397037686966
usp,1,0.7927869002598988,0.0,0.7927869002598988,0.7927869002598988
must,43,0.7915409103580816,0.09246983293542038,0.5045812430604585,0.9693697839415892
living,1,0.7910265515420775,0.0,0.7910265515420775,0.7910265515420775
show,11,0.7896793911877676,0.133975355904954,0.49705824268002524,0.8989618425548612
frame,2,0.7894013972403582,0.012731365003714912,0.7766700322366433,0.8021327622440731
S,92,0.7892997149719143,0.08930813834361984,0.6010444375471691,0.9553662720051451
're,19,0.7881915399649602,0.07779314828440721,0.6565171462339923,0.9561760363248553
headed,4,0.7880833029656679,0.11242245586692155,0.6518550167719038,0.953835260491118
was,126,0.786851509654438,0.12434898850271835,0.5276535285275484,0.989678618857908
During,7,0.7856966592302373,0.039857074997433885,0.74261584713197,0.8597071292414782
incidents,9,0.7854604879840876,0.07360758985729145,0.6966903567161165,0.8792153300992809
perfectly,1,0.7850192431666122,0.0,0.7850192431666122,0.7850192431666122
Four,2,0.7845469682740001,0.04539426160980936,0.7391527066641908,0.8299412298838095
stating,1,0.7836599012819642,0.0,0.7836599012819642,0.7836599012819642
doing,574,0.783457623961546,0.10100734494863076,0.34305279187593063,0.9762610690540532
Another,6,0.7833005496104368,0.07413988216315942,0.6328236362621712,0.8556379425914755
were,119,0.7824966804927294,0.09220343090405053,0.5174551670877615,0.9186515092620097
seemed,6,0.7816297341193236,0.04488689843471056,0.7166237264366272,0.8370324472084606
happened,32,0.7810310458738946,0.07073054211015457,0.6585849139907983,0.9233001778839856
fake,384,0.7809974018877996,0.08908855614505748,0.4852904323419604,0.9689745413945873
mate,571,0.7798099761515892,0.07565395457339553,0.3718577681645488,0.9813706296719523
often,1,0.7789797219847143,0.0,0.7789797219847143,0.7789797219847143
Does,10,0.7787926339834332,0.05928033554787815,0.7176339338875205,0.9200618766734985
preparing,1,0.7775937004757644,0.0,0.7775937004757644,0.7775937004757644
suspicion,633,0.7775880581368478,0.11474454099320561,0.28330207887460795,0.9679810906559283
ibi,39,0.7771493070175267,0.07434612679608633,0.5460705405433546,0.932211480653781
let,9,0.7755707327622114,0.07961331355210301,0.6282460569293209,0.9285630787071324
meant,1,0.7755667524684953,0.0,0.7755667524684953,0.7755667524684953
entered,2,0.7753647252385172,0.017699469280967217,0.75766525595755,0.7930641945194844
what,65,0.7751584802029976,0.112087045286306,0.46691999089782354,0.9364931339080008
exhibited,1,0.7747877825023589,0.0,0.7747877825023589,0.7747877825023589
groups,1,0.7739886534780176,0.0,0.7739886534780176,0.7739886534780176
last,1,0.7738731485155655,0.0,0.7738731485155655,0.7738731485155655
solid,1,0.7730501935214766,0.0,0.7730501935214766,0.7730501935214766
mis,4,0.7727576533173266,0.09965701516337588,0.6956542116710289,0.9431142959009106
tone,1,0.772232889944455,0.0,0.772232889944455,0.772232889944455
found,15,0.7718193769832206,0.11158555277053687,0.4294962611559747,0.8930652765019559
serious,5,0.7713805785826461,0.07362181110586993,0.6712839723101931,0.8884843218661376
finalize,1,0.7709497614080292,0.0,0.7709497614080292,0.7709497614080292
performing,1,0.76978082317722,0.0,0.76978082317722,0.76978082317722
KE,104,0.7697435165844114,0.056922085525017756,0.5893586735787417,0.8870542108979843
five,46,0.7685825858463248,0.03000966747574823,0.6916117326408132,0.8424995253037353
careful,22,0.7666558669408111,0.10397645471728545,0.48443575488774426,0.9539721888313938
anything,80,0.7659429755534991,0.11475823246232872,0.4288097298187321,0.96402068883592
seriousness,1,0.765907481967986,0.0,0.765907481967986,0.765907481967986
0,207,0.7657260198988689,0.056871343873675054,0.6294348476574922,0.8826361677988191
per,3,0.7648955353967816,0.08654243837866969,0.646146445086587,0.8499290092837007
'll,31,0.7638393540685106,0.09618228690338743,0.5767140059967427,0.9561441601117746
overt,1,0.7635905111745549,0.0,0.7635905111745549,0.7635905111745549
just,694,0.7635579097271089,0.10115965728075983,0.303870222105378,0.9766418221565762
page,3,0.763388517741158,0.04968995084698758,0.7125928698189297,0.8308397415277896
?,71,0.762341917903093,0.13211001121309474,0.41346212434254503,0.9907759827912704
doubt,2,0.7622146573376438,0.037886322621915214,0.7243283347157287,0.8001009799595591
Killing,71,0.7611156430919934,0.06439137338429396,0.5457052863573838,0.8980229470855778
Then,6,0.7609415999477683,0.10402073451799376,0.5631137125808594,0.8667959837225323
mimic,6,0.7606158930055918,0.013297549176006559,0.7388380036712234,0.7776292138321749
anonymity,1,0.7601144635268219,0.0,0.7601144635268219,0.7601144635268219
upon,3,0.7596461245574518,0.05421458961391071,0.6871455526664951,0.8174969405223603
seeming,3,0.7596007080299693,0.01595746864724442,0.748317073738931,0.7821679766120457
inconsistent,1,0.7594859632127221,0.0,0.7594859632127221,0.7594859632127221
Consider,1,0.7589570083640201,0.0,0.7589570083640201,0.7589570083640201
ize,43,0.7586827129903347,0.07363540915922041,0.4530131068347724,0.8639833549250916
cafeteria,2,0.7576910553112536,0.06886461175335279,0.6888264435579008,0.8265556670646064
blending,31,0.7561990034285337,0.08999184641416719,0.5583557299969817,0.9035350494464955
validity,4,0.7561653825941897,0.06948933674279975,0.6678347647298155,0.8592717265524341
play,4,0.7555911321164906,0.025958223403931675,0.7170664815638802,0.785217697934492
maintains,1,0.7553679176020381,0.0,0.7553679176020381,0.7553679176020381
detected,219,0.7549081452313453,0.06459126426532255,0.35065375253161546,0.9119317465726127
accuse,7,0.7548594170868945,0.13681027798940432,0.5049023808050065,0.9637237762405026
coinc,1,0.7546259300930787,0.0,0.7546259300930787,0.7546259300930787
incident,19,0.7541763860038908,0.09660288707236213,0.5612734326190307,0.9246594391119538
looking,18,0.7536930463218293,0.08935822959746531,0.572505463675635,0.8856665988852932
private,4,0.7535792144917254,0.0472808645691488,0.6860548726592723,0.8131134631014447
noticed,30,0.7530963716549451,0.11775701684323474,0.5122262464816437,0.9287936325435731
full,5,0.7530954900272693,0.0317025190235213,0.6897823075384845,0.7707764863923653
At,14,0.7524183437302318,0.061614799345305955,0.6385658040038932,0.9152669939712758
innocence,3,0.752136621870073,0.1419441343648458,0.6012466101272453,0.9422392013599142
deceive,2,0.7516768931018695,0.09268537180070657,0.6589915213011629,0.844362264902576
mim,2,0.7516453313783527,0.0344412168502265,0.7172041145281262,0.7860865482285792
sow,1,0.7512214722753883,0.0,0.7512214722753883,0.7512214722753883
accounted,5,0.7510302276845262,0.042677072021313774,0.6829835595011787,0.811446099485643
'm,435,0.7507253522161234,0.11912992114094997,0.38625405098199606,0.9943643936220283
ized,2,0.7505692397602475,0.10965314532656661,0.6409160944336808,0.860222385086814
saw,19,0.7505503930662906,0.10315232876456702,0.6098710634339678,0.967183822836842
explanation,12,0.7503804150736291,0.15083995942433226,0.539325560188656,0.9692994010218605
repercussions,9,0.750374591112929,0.09325028533122987,0.5426415285755558,0.8434076288522534
ging,1,0.7493800553575313,0.0,0.7493800553575313,0.7493800553575313
essentially,1,0.7489978037424981,0.0,0.7489978037424981,0.7489978037424981
conversation,7,0.7485227536378088,0.09074428655705455,0.6258463598596369,0.8987565722156842
answering,1,0.7477207025606559,0.0,0.7477207025606559,0.7477207025606559
integrate,1,0.7475314928039413,0.0,0.7475314928039413,0.7475314928039413
question,9,0.7464356116651776,0.08838371853109661,0.5959953027556149,0.8390480754331836
dispers,2,0.7457792123166029,0.07924757527425991,0.666531637042343,0.8250267875908628
idental,1,0.7450472277425044,0.0,0.7450472277425044,0.7450472277425044
fix,76,0.7450266187832513,0.07180372651230485,0.40801764915902805,0.890139463946043
ed,491,0.7444005090839817,0.10417502975638239,0.37077636390161706,0.8930670135444462
Samples,1,0.7440943417679645,0.0,0.7440943417679645,0.7440943417679645
attended,1,0.7437003496389549,0.0,0.7437003496389549,0.7437003496389549
un,2,0.7434890170673856,0.0877942268866368,0.6556947901807487,0.8312832439540223
icing,6,0.7432693894640118,0.025077539492019057,0.7019010217368572,0.7787704899194566
facade,3,0.743249244641014,0.0413949459361697,0.7043520191528739,0.8005867305615353
wisely,1,0.7425504474123756,0.0,0.7425504474123756,0.7425504474123756
even,9,0.7422914782329221,0.14683757817722956,0.5247721679634438,0.9866648198244602
misinformation,3,0.7417865483192378,0.10668587742851295,0.645001805156309,0.8904153892230101
creating,19,0.7407697517682896,0.08719426224547229,0.5160024667929592,0.889243960766176
keep,89,0.7398159318444378,0.10084486046403975,0.34173265754063853,0.9233066800131382
iating,2,0.7397630505413122,0.013390582226242176,0.7263724683150701,0.7531536327675544
uen,1,0.7396764273666616,0.0,0.7396764273666616,0.7396764273666616
showing,3,0.7396522564081979,0.11369384011624518,0.6244553669820726,0.8943933355331205
witnessed,16,0.7393966195065278,0.10039452706421158,0.553014685843421,0.8773627697078741
hear,15,0.7388075749327306,0.08618210734279147,0.6026032668345181,0.8856793829419382
Initially,15,0.7387683784369756,0.04576379800136958,0.6566363472200735,0.8189455648234226
confirm,17,0.7385530479171596,0.17670332244170986,0.25519333254824406,0.9798279161324402
falls,1,0.7382055424992896,0.0,0.7382055424992896,0.7382055424992896
identities,5,0.7381780229551942,0.12238635464445027,0.5300107657073334,0.8896081319047952
inate,2,0.7380883496688442,0.020010454800053423,0.7180778948687907,0.7580988044688975
explain,11,0.7377823780899502,0.08067954854377267,0.5216070469176812,0.8107072417902054
crowd,1,0.7374011050351736,0.0,0.7374011050351736,0.7374011050351736
sure,5,0.7372240299248063,0.2101335021962102,0.4697576545667199,0.9501729788477754
Calling,133,0.7368289626912319,0.08785122857635932,0.4177470385032821,0.8530143186025434
someone,77,0.7362918009677425,0.07182085789317699,0.5694801372207511,0.9141991013452446
create,131,0.735643240002132,0.11545613400715558,0.2595057553961499,0.9368337139209914
consensus,2,0.7352997799523506,0.023100666095211497,0.7121991138571392,0.7584004460475622
implicated,1,0.7350172676406029,0.0,0.7350172676406029,0.7350172676406029
abil,42,0.7338995782960127,0.05898934382597564,0.5552312489826172,0.8481090182049474
had,6,0.7329669389210002,0.03841199871575203,0.6708263572956039,0.7940135827042013
disguise,3,0.7324297401749055,0.04446681565772647,0.6713993863843588,0.7760757387983829
something,27,0.7319564419527156,0.10557549202219779,0.4255793243057473,0.915831829654577
victim,2,0.7314531435971071,0.0321344707443062,0.6993186728528009,0.7635876143414133
COMPLETE,538,0.7313720739951856,0.04364985762043912,0.5633772019248312,0.8878239492682026
timed,3,0.7308473491627199,0.042144767551147044,0.6883121335254718,0.7882720962615737
anyone,264,0.7307206369637763,0.09102164838609415,0.4036843342566276,0.9322527633196341
emergency,100,0.7301139857078097,0.03549867781841667,0.6149010294515894,0.8202257452638836
perhaps,1,0.7301059205315301,0.0,0.7301059205315301,0.7301059205315301
rim,2,0.7292766033159355,0.03739045750991615,0.6918861458060194,0.7666670608258517
ate,1,0.728342932031234,0.0,0.728342932031234,0.728342932031234
walking,1,0.7278073288932618,0.0,0.7278073288932618,0.7278073288932618
attention,98,0.7276004522948224,0.10643887820667441,0.37165573183216316,0.912122137783583
encouraging,1,0.7274552336247635,0.0,0.7274552336247635,0.7274552336247635
excuse,2,0.7272749537251664,0.012715291469942935,0.7145596622552235,0.7399902451951094
openly,1,0.7271629699199565,0.0,0.7271629699199565,0.7271629699199565
divert,3,0.7270679396673145,0.1600910456027778,0.5026655147059739,0.8652764218410616
establish,5,0.7262580020629572,0.06253734836529333,0.6433501060627496,0.8094311609010751
thought,4,0.725970986385928,0.06204780922182562,0.6624701932837447,0.8105754149947539
validate,1,0.7253561113516365,0.0,0.7253561113516365,0.7253561113516365
safely,17,0.7253391316891084,0.11149598554831128,0.5703225723329487,0.949958296207652
process,8,0.7249367050748872,0.1640031018274213,0.4312670692534572,0.8195822446846566
address,11,0.7247807339055711,0.10456903286661963,0.5981224729873202,0.9575509614673655
heard,4,0.7247569663395276,0.08832204014851842,0.590496483088118,0.8347443947774764
yours,1,0.7244222219662785,0.0,0.7244222219662785,0.7244222219662785
deny,1,0.7241949064830074,0.0,0.7241949064830074,0.7241949064830074
favor,1,0.7240451241306876,0.0,0.7240451241306876,0.7240451241306876
crowded,82,0.7236297145750865,0.12335098409604403,0.3499713776776143,0.8992444170977009
visiting,1,0.7234901548179179,0.0,0.7234901548179179,0.7234901548179179
using,83,0.7234793944119489,0.11686200247112093,0.21134601251203472,0.8630649167359605
side,4,0.7232824678159566,0.06286092156596738,0.6695305794037523,0.823200200120633
interact,15,0.723238424161671,0.11351747916582965,0.4638765283845169,0.8836857753029146
accusation,63,0.7232266872237774,0.08110566687971679,0.48792981031467203,0.9193180479406978
normal,3,0.7223185741742774,0.11430968555388873,0.5708852645843717,0.8470354420006979
dispersed,3,0.7221814698414711,0.03026485187891008,0.6822344747543254,0.7554636140671531
tell,10,0.721868538860524,0.08819700435845701,0.5798733362623308,0.8370560664227206
ation,1,0.7212253689690753,0.0,0.7212253689690753,0.7212253689690753
look,12,0.7210705591340161,0.14382182998760665,0.48743555135104144,0.9352973609771744
some,160,0.7209363416192,0.12361772289173041,0.3010742896627022,0.9399601920930126
ected,23,0.7206459530854186,0.09628574454335923,0.49471987470906637,0.8706419633357709
natural,11,0.7205157042715921,0.08293589164561486,0.5847218653208504,0.8277907276391586
SPE,1,0.7204568482898466,0.0,0.7204568482898466,0.7204568482898466
matter,2,0.7186931518530453,0.06275377336734922,0.6559393784856961,0.7814469252203945
REPORT,1,0.7183828328451921,0.0,0.7183828328451921,0.7183828328451921
spoken,18,0.7179248487056958,0.0748754127983528,0.5298231149143805,0.8171559437345721
occurred,237,0.7176792042464,0.039005376297599606,0.5599503149087109,0.8551320731408835
ib,12,0.7160062345908695,0.04030650201086446,0.6574345682368826,0.8234833888949658
accusations,18,0.7154062370973917,0.10044111514837507,0.5450162213574556,0.9177903740685034
whom,1,0.7152649140729903,0.0,0.7152649140729903,0.7152649140729903
discovering,1,0.715184431723959,0.0,0.715184431723959,0.715184431723959
speaking,1,0.714730295597163,0.0,0.714730295597163,0.714730295597163
reported,134,0.7146209449301286,0.0846196029900749,0.3602992232544414,0.9034136036327952
express,6,0.7139118634445438,0.1347228863489779,0.5529076849493005,0.9829474519386993
With,12,0.7137603177137549,0.0745183482744417,0.521589158196543,0.7921019268859868
with,2353,0.7136950497886817,0.14118861711546496,0.21861577761403544,0.9751457857301358
congreg,3,0.7136031465340569,0.09745947185710603,0.5766532608934942,0.7955342997895486
accountable,1,0.7134294199573596,0.0,0.7134294199573596,0.7134294199573596
taking,18,0.7133229135465976,0.07518284320667719,0.5852949132830619,0.8505307353167163
scenario,2,0.7130087451747956,0.11881287344797198,0.5941958717268236,0.8318216186227676
conver,1,0.7129525933935076,0.0,0.7129525933935076,0.7129525933935076
alongside,1,0.7125312035427634,0.0,0.7125312035427634,0.7125312035427634
they,222,0.7124484664867075,0.1257842691830675,0.18064710604893505,0.9405673690420949
assuming,4,0.7124095633455818,0.031626561337722105,0.689307120834193,0.7668210568213825
cover,68,0.7121136680978768,0.12056792440587077,0.30886976691150425,0.8941917610546871
Unlock,30,0.7120624147702551,0.052974648264027924,0.473884706769254,0.7925479129003353
blend,229,0.7119991884478508,0.08790973192034128,0.46428396352724394,0.8885124694510275
helped,1,0.71193816095403,0.0,0.71193816095403,0.71193816095403
confusion,9,0.7118424752558453,0.10091330912614789,0.5178020161669268,0.8555194690467574
bottom,1,0.7116348513621877,0.0,0.7116348513621877,0.7116348513621877
normally,2,0.7116340243249466,0.05297609137161985,0.6586579329533268,0.7646101156965665
details,17,0.7116338039051835,0.0850635460390526,0.5190908413462589,0.8763423543412463
proposal,1,0.7115414453994597,0.0,0.7115414453994597,0.7115414453994597
reflects,1,0.7107277454756451,0.0,0.7107277454756451,0.7107277454756451
PE,92,0.7105201483001098,0.04563356925398179,0.5892810166303423,0.8118489504801661
who,236,0.7104779799404128,0.1159015019024744,0.3975571849341375,0.9252878531437544
laying,1,0.7104525479141052,0.0,0.7104525479141052,0.7104525479141052
want,25,0.7101588145410865,0.12769682871222984,0.4958345721379842,0.9286954367721721
No,1038,0.7096103974820923,0.06573407977586698,0.4288093645376229,0.8576720367788655
meet,3,0.7095476988979783,0.0701963821139078,0.6251667469591451,0.797028232333078
submit,3,0.7093745976096345,0.04656870842635286,0.6474529597418928,0.7597583406173978
except,202,0.7090761328523305,0.0992957895579305,0.5294071661580294,0.8398067419600278
safe,38,0.7090085606986573,0.10673639500406082,0.49622706513139714,0.884554388454046
actual,7,0.7087621849591018,0.09456115486977329,0.5662115292371604,0.8685143307280457
proposing,1,0.7084856028118229,0.0,0.7084856028118229,0.7084856028118229
why,4,0.7082988360234925,0.058974082045836526,0.6221704489558648,0.7785269431562826
ated,4,0.7082722125880855,0.10204523738386719,0.5428881144498742,0.8195287794905958
calls,2,0.7077995160551956,0.0055848084006233645,0.7022147076545723,0.713384324455819
joining,1,0.7077235758385823,0.0,0.7077235758385823,0.7077235758385823
Specifically,1,0.7075318929503813,0.0,0.7075318929503813,0.7075318929503813
safety,55,0.7074879270593697,0.10637706049134137,0.3887437221524587,0.9505652042867998
all,432,0.7074530071608051,0.11152785428819831,0.289768842108756,0.9527757980607338
experience,1,0.7074451336485895,0.0,0.7074451336485895,0.7074451336485895
went,4,0.7072785632759742,0.06590416940164771,0.6608093121641673,0.8202926469758676
AK,93,0.7070307870123481,0.051665097572412985,0.5953333521891857,0.8135635341554601
They,3,0.7068946506729921,0.06713077950290883,0.6326700037792188,0.7952694231456836
alleged,4,0.7066578998633908,0.10645138222761853,0.5686994930431744,0.8679049763818075
Two,16,0.7065211920942671,0.08781000616410063,0.5739161628278869,0.8905537208812994
four,28,0.7063815981610094,0.0690371936285178,0.5832919683417235,0.8181997826267768
valid,2,0.7062168772707738,0.07952740969481703,0.6266894675759568,0.7857442869655908
correctly,5,0.7059130058666089,0.1334742208492393,0.5767414397731154,0.9264427928327266
events,469,0.7053293280463783,0.0847813709662327,0.40349345647380885,0.800159598920379
suggested,22,0.7049748602241338,0.13347516683129476,0.46095065182830086,0.910381565312966
seen,156,0.7047751938783013,0.09817365850368881,0.398050877670971,0.9178751127273083
ETING,16,0.7046617572473155,0.035195259912682145,0.6495032651668328,0.7791910647209171
thoughts,6,0.7044453683714131,0.0749181581421596,0.5971346691916373,0.8376002707462649
initially,176,0.704380829122254,0.1036884310716657,0.2633409758403364,0.8866201489630757
iping,11,0.7043602076565071,0.04350132418255927,0.6193234716537904,0.773300337513312
unusual,43,0.7041898441147814,0.12600393842412436,0.4704082271933958,0.9492215999544824
six,2,0.704048392154648,0.041357909083038935,0.662690483071609,0.7454063012376869
re,12,0.7039615611629118,0.11946220373245109,0.5237345556081336,0.9011111906598529
Using,3,0.7037159714043607,0.0845226056597303,0.6154496171729351,0.8176552681249103
including,209,0.7035664052309444,0.09678953725439961,0.3848361162287643,0.8894882401513579
meeting,615,0.7022165290036438,0.0758348263181591,0.2502436415266398,0.8955853244575783
experiences,1,0.702191757701413,0.0,0.702191757701413,0.702191757701413
Yet,1,0.7021522027049525,0.0,0.7021522027049525,0.7021522027049525
strong,7,0.7020040815585296,0.06247296196405583,0.5965266740999002,0.8099451084563606
report,32,0.7015208909158421,0.0591582852302625,0.5624707989589451,0.8149192370918238
clear,35,0.7008175502445521,0.10151250951288761,0.3973366206710292,0.8528901439259762
made,546,0.7005312471747642,0.06769503959490727,0.3641955287026831,0.9294061489470743
al,51,0.7005122175221573,0.1233610998946026,0.37117092931872436,0.919435782934402
button,97,0.7004342102884503,0.05030637768142898,0.48879140643038266,0.8258791574314799
recently,10,0.700424705051096,0.07892759780314922,0.5552689362715402,0.8535499859514925
keeping,59,0.7003303432651643,0.08225719997757165,0.48922098328634395,0.8932743381665944
returned,1,0.7002691885886407,0.0,0.7002691885886407,0.7002691885886407
outdated,1,0.7000318688353253,0.0,0.7000318688353253,0.7000318688353253
scattered,15,0.6997615944995303,0.02209767160155523,0.661410803902733,0.7421810549350263
green,303,0.6993812629753194,0.09180513134893084,0.37375426532616673,0.9307201468871005
regarding,20,0.6992989924485931,0.10780410854568001,0.45236364508753685,0.8580024297521529
Viewing,9,0.698662784015557,0.017801920083430654,0.6657538550530036,0.7260071273706539
reacts,4,0.6986345451058014,0.06234656909710897,0.6244094177463139,0.7833992603915045
alive,1,0.6980936790589377,0.0,0.6980936790589377,0.6980936790589377
when,48,0.6980899923040115,0.13293494081683022,0.4660724269400932,0.976473975121728
gone,14,0.6980847565003864,0.07345098769232017,0.5351157456327132,0.8143556556204299
mates,646,0.698013299515208,0.06500538841614426,0.27936904182591893,0.9746159924294678
h,3,0.6972090589766058,0.045904970347437964,0.63235063819211,0.732075151373527
few,5,0.6971429483098259,0.12333550212946293,0.5637636925377058,0.9199498885721906
"""),",1,0.6970858136136746,0.0,0.6970858136136746,0.6970858136136746
eld,57,0.6970698233726008,0.020890885989159627,0.6756638760218693,0.7246533134006229
killing,326,0.6968180764489634,0.08361783433224002,0.4080439947349738,0.8583791367128901
pointless,1,0.6965192187080531,0.0,0.6965192187080531,0.6965192187080531
profile,6,0.6964646834998444,0.02703245673126601,0.6455109015546057,0.7363117924693244
Fix,1802,0.6952404750827431,0.10939706075482862,0.213164922112845,0.9729897669237598
discussing,35,0.6943667636656772,0.12327611859409361,0.416451058499988,0.9273891502622288
hasn,1,0.6939624211441152,0.0,0.6939624211441152,0.6939624211441152
response,4,0.6937786692495952,0.12980365717865844,0.49570237830633823,0.8596941782059921
's,1086,0.6936967077905601,0.1255301791439418,0.2596204847513292,0.9844137808212183
earlier,16,0.6936365779356355,0.08654170237133459,0.5591706689593633,0.9320451513859769
utor,62,0.6930966208450423,0.120336210980627,0.3482663174279122,0.8389025055057553
itate,2,0.6927856887215118,0.0044045885438296906,0.6883811001776822,0.6971902772653416
mentioned,14,0.6926482438397211,0.12803707251440033,0.512333519463524,0.9283241653630169
Some,3,0.6911413453301534,0.034086426587612906,0.6430890957723655,0.7184935339382816
confronting,1,0.6905235506875264,0.0,0.6905235506875264,0.6905235506875264
three,314,0.6904076797291213,0.13088985719680063,0.2316242279909637,0.8971885021067926
real,2,0.690285684770334,0.04569404094438356,0.6445916438259505,0.7359797257147176
remember,2,0.6899999822819565,0.009637188453562928,0.6803627938283936,0.6996371707355195
vigil,3,0.6896119227381802,0.014688964899061352,0.6709619640264304,0.7068604628306372
urgently,1,0.6895254609334238,0.0,0.6895254609334238,0.6895254609334238
pink,290,0.6895194326154083,0.10217786610370101,0.43100193652600843,0.9544354400226341
Crew,1204,0.6892350016996185,0.08027025968566466,0.2744642751905046,0.9055993681799529
briefly,2,0.6891333390025192,0.04025336146153685,0.6488799775409823,0.729386700464056
bold,1,0.6885005685758696,0.0,0.6885005685758696,0.6885005685758696
death,23,0.6878695766989162,0.09774314655796267,0.4700343736860841,0.8502920847024839
total,1,0.6878088479973622,0.0,0.6878088479973622,0.6878088479973622
ideally,2,0.6875426115829049,0.08937440564740451,0.5981682059355004,0.7769170172303094
in,7373,0.686588456160768,0.12528818225545463,0.22908718021134872,0.9798177204792256
shows,30,0.6865093378898225,0.1020546791425827,0.4223828822563259,0.8172794901926481
vicinity,6,0.6863092807345375,0.111229798615729,0.506443993563008,0.8561091922710239
distributor,3,0.6860894038975447,0.01997412382550906,0.661618824077483,0.7105452288346373
Moving,585,0.6857615277726608,0.08744411733194157,0.2255704076272874,0.8777155892786078
same,149,0.6855727141539757,0.10708060829744366,0.38301243106333294,0.8901239386198251
simultaneously,3,0.6851696820696812,0.13039544041836754,0.5294294601320358,0.8485570063698548
disclosed,1,0.6851112729155338,0.0,0.6851112729155338,0.6851112729155338
1,1577,0.6850901537713787,0.09194651712931426,0.44706516106832406,0.9806338341685479
spreading,3,0.684668791455957,0.06527913734747995,0.6165349495684089,0.7726836813279371
white,306,0.6841571251279833,0.09093625612573206,0.3854990769833492,0.9246418778273973
rest,1,0.683668364019376,0.0,0.683668364019376,0.683668364019376
black,285,0.6832729432645568,0.11311984490617685,0.3473122466284699,0.9689698118339617
crimes,1,0.6830301874865238,0.0,0.6830301874865238,0.6830301874865238
scrutiny,3,0.6829452715418208,0.09396549174104701,0.5577179187148387,0.784066778784444
care,1,0.6827625364769256,0.0,0.6827625364769256,0.6827625364769256
ert,462,0.6825642782281754,0.08287842221437249,0.3923866862482891,0.8300875969371031
Submit,71,0.6824490187511043,0.10268369143435946,0.3212213359168165,0.8223415978058313
discussions,3,0.6823417634201423,0.07748535744331427,0.6208370745369108,0.7916361403106954
ting,252,0.6812333769883865,0.09554348851039311,0.4582102853787294,0.9053130287906029
To,33,0.6810146957374968,0.09244151738179768,0.5028184527240873,0.8943681376130213
worth,9,0.6803772750930567,0.06816990160355811,0.5694230656113529,0.790752133270499
suspect,46,0.6802681109244251,0.08433167191188104,0.47427373551642266,0.8128662147659531
created,1,0.6802603517474358,0.0,0.6802603517474358,0.6802603517474358
purple,250,0.6802055431040488,0.10825259622240462,0.4381300581757431,0.9618171112575742
avoid,384,0.6797770936808979,0.10635676359414577,0.32257672829723116,0.8998461071972899
reactions,31,0.6794289996023625,0.07784100876255856,0.516539108997734,0.8673081627057497
've,239,0.6793062758016114,0.14079841502532778,0.36614788032759105,0.9805904505601356
en,1,0.6792759946279133,0.0,0.6792759946279133,0.6792759946279133
As,30,0.6784444216281247,0.10715550683310565,0.4575550349896603,0.9440291321295897
:,3831,0.6773896968195684,0.10222781684072631,0.20217921036300854,0.9650405140773791
includes,5,0.6772232445114776,0.054310146015775204,0.6120328315330335,0.7482340838748887
right,22,0.677214219584979,0.10458434563295639,0.4915569234100502,0.8677310432541713
disclose,2,0.6771304542170846,0.26068695838477274,0.41644349583231194,0.9378174126018574
following,25,0.676998489315541,0.08622749053335553,0.40204671430858807,0.8581350996447357
calling,112,0.6767786430731288,0.1094471128990222,0.24830012775379512,0.8418116629885942
acting,24,0.6766698500802762,0.08553441379940792,0.45590436427583064,0.8249400362159786
By,35,0.6766570132637614,0.07527198264755126,0.5099237975135633,0.826879470128517
disrupt,3,0.6765985092080383,0.03892085096511201,0.632038136282042,0.7268613480345061
necessarily,3,0.6765459692275702,0.1307366235435265,0.4916688686588364,0.7708393422302531
where,460,0.6764379312816741,0.12434608132328084,0.287970936589514,0.9131926537619516
hearing,4,0.6763668992301909,0.06397484209097988,0.6021466990806634,0.7674065158351694
reaction,1,0.6762295410926679,0.0,0.6762295410926679,0.6762295410926679
K,45,0.67582881014081,0.09589379827007469,0.4948339526288111,0.8891789332397197
amb,1,0.6756771452339149,0.0,0.6756771452339149,0.6756771452339149
noteworthy,1,0.6755854207207348,0.0,0.6755854207207348,0.6755854207207348
Now,2,0.6753849990991428,0.030721023405285486,0.6446639756938574,0.7061060225044283
ipe,1,0.6750113514274806,0.0,0.6750113514274806,0.6750113514274806
hot,1,0.6746396588451142,0.0,0.6746396588451142,0.6746396588451142
swipe,47,0.674617873272205,0.0889975069065546,0.4133610799195653,0.8904796883027531
shown,4,0.6746085054594835,0.020835840327593474,0.6428443679106719,0.6942443058292221
explained,1,0.6745904239722977,0.0,0.6745904239722977,0.6745904239722977
occurring,2,0.6743601849952328,0.07670787839716009,0.5976523065980727,0.7510680633923928
linger,1,0.6738403756957462,0.0,0.6738403756957462,0.6738403756957462
worrying,1,0.6737555787341694,0.0,0.6737555787341694,0.6737555787341694
behaving,3,0.6737332672163291,0.02211432890576844,0.6465589842486914,0.7007269024000243
involving,3,0.6736954602705348,0.21356578181978828,0.3771283431196006,0.8714913760412938
across,22,0.6727816422267189,0.10598596584389652,0.4062446788000154,0.7788806962092477
idea,111,0.6727572111270488,0.1397481551765651,0.38030583045299104,0.9794199006288834
simply,1,0.6726390784847127,0.0,0.6726390784847127,0.6726390784847127
But,19,0.672015887485257,0.07196769908131222,0.44315243931042925,0.7976809925425947
took,1,0.6719552105228498,0.0,0.6719552105228498,0.6719552105228498
fire,1,0.6717701319082515,0.0,0.6717701319082515,0.6717701319082515
sw,10,0.6710767845671067,0.10837107075766247,0.4571123143371276,0.8454748967748033
stated,2,0.6707197176455533,0.11440436917534058,0.5563153484702127,0.7851240868208939
notice,22,0.6705728920593985,0.1591611985840777,0.35947036231821583,0.9492565869870673
card,57,0.6705132041942706,0.09048605773159803,0.35785490366933004,0.9374915008720289
lucky,1,0.6702919972630391,0.0,0.6702919972630391,0.6702919972630391
similar,5,0.6700069550485963,0.12963277924468522,0.5348642797521328,0.8975276037045073
't,212,0.6698433999736787,0.14985819778183562,0.31633604835308915,0.9826392327411327
currently,830,0.669541229405646,0.08794810334240356,0.3633178849996958,0.8866002515158354
choose,54,0.6691180974078642,0.09778538721868422,0.4918890933255778,0.8455244138949422
ates,1,0.6685140688538861,0.0,0.6685140688538861,0.6685140688538861
interfere,2,0.6685046821427579,0.00378276227707397,0.664721919865684,0.6722874444198319
radar,1,0.6681422394867531,0.0,0.6681422394867531,0.6681422394867531
timelines,1,0.6679948854197985,0.0,0.6679948854197985,0.6679948854197985
present,113,0.6678675438586057,0.10712183882818437,0.38736224746068904,0.8843830202897214
public,6,0.6676241460910096,0.05812728395619182,0.56542288855251,0.7452585008320076
figure,2,0.6671773151279962,0.028256431684197558,0.6389208834437986,0.6954337468121937
asking,16,0.6671615076244868,0.1801972057485799,0.3892037797215203,0.927177465513733
them,331,0.6671427722507655,0.1437031319937961,0.1952429885748639,0.9270702150751592
confront,1,0.6670651840676377,0.0,0.6670651840676377,0.6670651840676377
happening,2,0.6670587881807075,0.0137366302751325,0.653322157905575,0.68079541845584
Considering,183,0.6670060607364184,0.07172154460121333,0.4330584069011067,0.8499484031523776
ourselves,12,0.6666260069904467,0.1697107857544412,0.32816552695995144,0.8849790262268703
please,15,0.6666164820936803,0.06908683159303175,0.5521782629254094,0.8390676646719121
red,381,0.6665589571698135,0.1135320593650441,0.3229179549192363,0.9477783705114858
fellow,14,0.666550637044249,0.16408286994865806,0.23841293394825558,0.8876355308857893
discussion,75,0.6665219059909124,0.14246006423691956,0.33126329631164314,0.9163946697087438
encounter,15,0.6660245458042681,0.10073598050618163,0.490005938605389,0.7912626102785295
crew,39,0.6658583042402261,0.09431099359359957,0.4993071693731236,0.8641261184378445
specific,13,0.6655092047176936,0.10203524633170366,0.4593407872834504,0.8224345441444005
Multiple,10,0.665447332868662,0.08601859729216631,0.5130769757479253,0.8127941660807618
If,36,0.6653126241168228,0.06288880010363826,0.44385564277476125,0.7921815440944875
Both,4,0.6649727329272451,0.05399993829302732,0.5820486548597309,0.7247386731397399
deception,1,0.6649413356241123,0.0,0.6649413356241123,0.6649413356241123
engaged,15,0.6648359431391563,0.06778715554899852,0.484429701781482,0.7971444550095325
at,858,0.6645432024963298,0.12578293963339693,0.23656512938373603,0.9316632351936254
specifics,1,0.6643354324739177,0.0,0.6643354324739177,0.6643354324739177
alignment,1,0.6640525433508377,0.0,0.6640525433508377,0.6640525433508377
single,14,0.6638717586186719,0.05517134203159834,0.5579700022432247,0.8050502413542923
front,37,0.6638007893810928,0.07815272230048582,0.48211306904422907,0.7952857378151371
Observ,6,0.6637538284353504,0.08143417904125605,0.51035046222522,0.763003506927433
how,78,0.6635914734492179,0.13151010952714878,0.42774240357723164,0.9212285398480393
legitimacy,1,0.6634257580546097,0.0,0.6634257580546097,0.6634257580546097
moved,1887,0.6632543067677416,0.1251567223081767,0.22939848723892586,0.9252467547094001
Other,228,0.663126378806428,0.08256320787553295,0.40527334878631655,0.8888086280554294
Several,1,0.6629477995154212,0.0,0.6629477995154212,0.6629477995154212
seeking,2,0.6629204281708216,0.07861576054535341,0.5843046676254682,0.741536188716175
drawing,50,0.6628527468364609,0.07000576659736499,0.5001644732122712,0.7906245824957692
significant,384,0.6621964542228534,0.06439389715350433,0.13289209785813724,0.8377187015873837
Swipe,418,0.6621828787265777,0.0904886972570342,0.3957428800837024,0.9118849691853925
solitude,4,0.6619362096202643,0.031109868086155956,0.627213487698412,0.7037221070928334
ily,1,0.6618256416688963,0.0,0.6618256416688963,0.6618256416688963
se,13,0.6618055016830631,0.11633782927381242,0.3718491785889361,0.8098883117327836
have,3603,0.66162105074766,0.14630123115995108,0.19040725855652949,0.9896270638191721
suggesting,11,0.6615797206682388,0.2552379521352656,0.21855469438704173,0.9753425518868177
guard,30,0.6613318821465217,0.0783962162799926,0.4500523949146827,0.8220695245301746
draw,20,0.6613193507689475,0.06472726946199361,0.5249209664394444,0.7803799155087507
reporting,13,0.6611591657966233,0.019870182729071605,0.6274150509961308,0.7044505610963032
unlikely,2,0.6608651525743905,0.05696992765801706,0.6038952249163735,0.7178350802324076
ensure,22,0.6608583320739767,0.13103557970440696,0.33960933403568766,0.9334777008426466
guarantee,1,0.6608033738233924,0.0,0.6608033738233924,0.6608033738233924
equally,3,0.6607936434276228,0.028710692536475173,0.6226747726623169,0.6919637999931552
a,4661,0.6606717399908589,0.1404778728227314,0.1849082761365241,0.9935865953735573
arrived,23,0.6605335416749832,0.08648414015554526,0.49321811632285045,0.8582479427324402
Man,30,0.6604825738232168,0.09729330838851265,0.3531626353100882,0.7625419222491042
The,655,0.6603843518992389,0.11153705253798384,0.339427431917814,0.8997191553315963
set,13,0.6602233673123278,0.09201415031018605,0.4612752289359978,0.7766755687631569
classified,2,0.6597941461739578,5.76728983963104e-05,0.6597364732755615,0.6598518190723541
since,415,0.659552991552719,0.1262654308483755,0.1299812903313257,0.9211689509426366
reason,55,0.6593668547689072,0.10394771075486944,0.40332601771696075,0.8486281945639198
Three,2,0.6593046200508339,0.037745642194696116,0.6215589778561378,0.69705026224553
ating,26,0.6592140293491209,0.11049861198475558,0.33065738473807055,0.8118444555063694
Initial,1,0.6592040858016233,0.0,0.6592040858016233,0.6592040858016233
vote,13,0.658910377501975,0.06544621195070469,0.5914850047784244,0.830746691001351
caught,43,0.6586655125722695,0.0760150760154852,0.4226916960172312,0.836267365246283
3,1068,0.6585515130212946,0.10353022168052736,0.34670565825888533,0.95484523537979
along,34,0.6585451233565474,0.10624614006176382,0.44180832697411715,0.8682481009984724
isolate,248,0.65846033043287,0.0769653457421941,0.3559168980583567,0.8218873131484741
ongoing,6,0.6584286634310352,0.034234702018008475,0.5897240270239139,0.6864939299534627
already,1117,0.6578799747101689,0.1003745269874531,0.30303722711530273,0.9116632985969712
under,6,0.6575116018997317,0.09607090955667608,0.5041139686228491,0.8189443341013253
run,5,0.657125360127476,0.13328800552334663,0.4024004001867024,0.7739403036237091
Most,1,0.6569268016643093,0.0,0.6569268016643093,0.6569268016643093
promptly,2,0.6562470710278552,0.18298510349461566,0.47326196753323957,0.8392321745224709
any,625,0.6562439558870068,0.11847136831492144,0.27625609694028436,0.9473788405200059
guilty,1,0.655905762772237,0.0,0.655905762772237,0.655905762772237
ED,2,0.6555287813110147,0.029468203408293925,0.6260605779027207,0.6849969847193086
call,108,0.6553792129674738,0.1043973900231945,0.2933613339477888,0.8137557551205913
detection,31,0.6550586346890994,0.12321412624926747,0.3519293786754847,0.8948471448285217
corrobor,2,0.6549048860730737,0.0687551563882634,0.5861497296848104,0.7236600424613372
All,187,0.6546316030364427,0.06092101600309038,0.43852737100169736,0.8661252938556542
know,19,0.6544196418946424,0.16745605628331406,0.3285956465531474,0.8990997404415829
aked,2,0.6541155483564293,0.09408079201285391,0.5600347563435754,0.7481963403692832
Accept,411,0.6535289271889826,0.08505671708770401,0.34353731692663114,0.865017332512033
started,618,0.65347273315318,0.08008510805092608,0.31993379901998176,0.8670667133218779
killed,179,0.653330858098701,0.13315014765831582,0.2941737261364115,0.9100446784895453
observed,424,0.6531305182649628,0.09252960190634468,0.3833159766751567,0.8994924796902284
Between,5,0.652868182138471,0.05416599306540665,0.5690718729494567,0.732160865391886
emergencies,4,0.6527184408778547,0.06321349267207986,0.5600648445251043,0.7375528816888873
ings,8,0.6526738032942679,0.14950607508052396,0.4563276438047006,0.9364331928573988
consider,409,0.6525968771695199,0.08882175627873777,0.378049340905381,0.9214045124318049
follow,106,0.6524427430795113,0.08499410444331658,0.43476662234915736,0.8809682192104588
together,78,0.6523597329442967,0.17991913487697306,0.3124555048670904,0.9487525935128243
coming,2,0.6521230877660894,0.1695481733280579,0.4825749144380315,0.8216712610941473
true,10,0.652026531968433,0.10842556501552515,0.4014174731037745,0.763146596841063
checked,1,0.6518998742606672,0.0,0.6518998742606672,0.6518998742606672
fulfilling,1,0.6517803336310591,0.0,0.6517803336310591,0.6517803336310591
without,835,0.6517182955852328,0.12528316462668065,0.26762159830102633,0.9756982975789369
Previously,13,0.6516730287260889,0.046052223901694125,0.5836540713343945,0.7080566989757088
cannot,4,0.6511365135711704,0.04542934679517609,0.5868196422444955,0.7058025291054828
ask,71,0.6510080472627172,0.15354649500679216,0.2138591813156609,0.9095712802599448
Since,1405,0.6509467567683411,0.09563318558170025,0.3657622931008123,0.9012177376427377
communicating,1,0.6508774677213198,0.0,0.6508774677213198,0.6508774677213198
pick,3,0.6508312618453554,0.0710576114490293,0.572536256583762,0.7445332815263206
relocate,2,0.6501174858146817,0.13546289128558708,0.5146545945290946,0.7855803771002687
beginning,48,0.6497685004319338,0.1117951357816934,0.3525716580844553,0.7780371077803006
onto,1,0.6497319257413535,0.0,0.6497319257413535,0.6497319257413535
votes,3,0.6495863653580614,0.05913584038898902,0.5947279348611123,0.7316826262586152
populated,44,0.6494592596238861,0.06955164523936559,0.5339540836810113,0.818065780451335
"?""",61,0.6494260681337015,0.18202306442974167,0.3449378722428701,0.9893666543665337
We,138,0.6491618515831072,0.1378105781982329,0.3392060259722074,0.9187089447344372
considers,1,0.6491464839625382,0.0,0.6491464839625382,0.6491464839625382
scrutin,1,0.6488199747084008,0.0,0.6488199747084008,0.6488199747084008
Clean,61,0.6488124631782268,0.09353431509866736,0.38144346422758724,0.8355383191675126
followed,12,0.6484202323630782,0.11456969746820286,0.41473256777303497,0.8254404976165153
security,14,0.6482924634394049,0.06369092442030513,0.49285381530118916,0.7334306616248446
initiated,8,0.6481467376057566,0.11648795981450463,0.4343154173883603,0.8506569357536387
rushing,2,0.6481307936137586,0.16206258205790589,0.4860682115558527,0.8101933756716645
given,36,0.647695678160328,0.11227597124039584,0.33791728461880843,0.8315046929137598
portion,1,0.6469925494116678,0.0,0.6469925494116678,0.6469925494116678
trying,69,0.6465267494847251,0.14717047281367596,0.3352953425479826,0.9441460956810123
room,1293,0.6464509929317025,0.1138749900489921,0.23634109079673185,0.8806056247605835
besides,9,0.6464049194003463,0.14341043112461058,0.42832689394819184,0.8346051477236913
has,901,0.6458821476879343,0.10131885997132406,0.26752848787280037,0.9452373014178422
Currently,67,0.6455155981281008,0.07284688432361727,0.424601986952802,0.8159479742632484
arises,1,0.6451843033309167,0.0,0.6451843033309167,0.6451843033309167
ost,1683,0.6450741241366051,0.06681566589642342,0.2963966416799752,0.8280561820806522
away,25,0.6450038568089579,0.18046589074883024,0.32514332707414295,0.9499208998575188
topic,1,0.6449348033078733,0.0,0.6449348033078733,0.6449348033078733
verification,1,0.6445226700281941,0.0,0.6445226700281941,0.6445226700281941
Asking,1,0.6444023181994607,0.0,0.6444023181994607,0.6444023181994607
known,13,0.6442636866196148,0.12260563555098998,0.48009471980887103,0.8297886478665567
completes,1,0.6442153273399066,0.0,0.6442153273399066,0.6442153273399066
pivotal,2,0.6441752584291698,0.026281179936134214,0.6178940784930356,0.670456438365304
catch,38,0.6441116027324346,0.07519149135879362,0.49096546167600214,0.8138757207779665
suggestion,9,0.6440317548486051,0.17570792914810668,0.20821556655656895,0.7926081663648784
fixing,6,0.6436131032904983,0.10384488115239285,0.4798628483743493,0.7595381719244606
planning,28,0.64342312085893,0.18908843759406158,0.257002087727197,0.9284554263746925
carefully,41,0.6431083635927881,0.13074070564350848,0.29694377195454374,0.8435689152056683
pay,3,0.6429835411458057,0.07834036613226524,0.5510288092878636,0.7424778662121057
manipulate,1,0.6429713775521885,0.0,0.6429713775521885,0.6429713775521885
group,38,0.642780359952926,0.10471799427733479,0.43022324869534434,0.8077228067687506
Sk,57,0.6425787711358301,0.012026024227679063,0.6311257449831555,0.6708962577719544
discuss,107,0.64230018796824,0.1489458524175173,0.23303387016651253,0.9335356118728317
timing,3,0.6420707338232149,0.03026066142686583,0.6034380072861384,0.677330615374137
ing,306,0.6419463761236784,0.1493863555840751,0.191516863707819,0.9490733505959442
Card,420,0.6418608234607258,0.09309420877907248,0.4213398032920415,0.9167033571509436
discreet,13,0.6416126393780787,0.1043734153415382,0.5039501570241052,0.8377831104215437
orange,337,0.6414530617418632,0.12113800750370435,0.3309672905880494,0.9836275220273212
although,3,0.6412896369727413,0.20482107325760848,0.4143572607486879,0.910652523387126
mission,4,0.6410911603823385,0.09255441264835068,0.545763318165398,0.7753034476675392
contributing,15,0.6409361383654989,0.2071734083151326,0.33498254826407975,0.8880670711349323
cyan,352,0.6409142081328132,0.1363668477112298,0.34710738189023305,0.976458920369988
transparent,3,0.6406953724112915,0.2090875960423768,0.4238141935660026,0.9232001739086142
destination,16,0.6406791746296217,0.07215063665502676,0.5353027552078173,0.7360878323722998
haven,20,0.6398087808195515,0.10792761252953335,0.37896231027021005,0.8056504748881733
separate,5,0.6393270474784978,0.1724073485377494,0.3260728875345055,0.7712350523291741
interrupt,2,0.6392635179386684,0.03535165344089586,0.6039118644977726,0.6746151713795643
deaths,18,0.6392582195561043,0.05974397021368807,0.5249797442452311,0.7430712106998376
past,11,0.6391616736535845,0.018013336501198723,0.6334653564933008,0.6961248452564208
should,1450,0.6387000899953513,0.11326659569533688,0.23787883340844276,0.9829185650628769
solitary,8,0.6381601422643869,0.09998811859662037,0.44349487429533746,0.7574361819811033
consideration,4,0.6381250031829447,0.10234311401823154,0.5169968399426748,0.7876941087370964
pect,96,0.6379802623212268,0.06654478906449145,0.46686123294910425,0.7781002105166984
surrounding,6,0.6379409262709231,0.04322065066072598,0.5929296881568136,0.7116406155870667
My,759,0.637224134991709,0.09717437093078657,0.31567670931801406,0.9950839120844182
alliances,2,0.6369476677862347,0.009235936836690384,0.6277117309495442,0.646183604622925
though,5,0.636810736454651,0.14566607083740335,0.47679309565667366,0.8922352137060386
abruptly,3,0.6365792608991421,0.08218770460360952,0.5460567027911898,0.744979102157286
weigh,26,0.6364289609216661,0.048554221684505544,0.5706829167610643,0.7471918864109836
murder,8,0.6362658657607666,0.03814940519779198,0.5687234903330252,0.6945384008083656
considering,181,0.6360641211456202,0.10348419590399527,0.33466576166229006,0.9727801848230124
either,135,0.6357219626505038,0.10400183730034138,0.31261027805668085,0.8427979227058363
but,721,0.6354705572884932,0.16276837907359476,0.11220658977271145,0.9916070192866006
whose,1,0.6354284339777725,0.0,0.6354284339777725,0.6354284339777725
mind,13,0.6354014479523507,0.06372605899048238,0.5122817714548823,0.72855391363924
kill,524,0.635235308243358,0.09146611138908636,0.3793710292901493,0.935416924290899
appears,11,0.6347812184588444,0.12392978266655122,0.39984427135985523,0.7981618713045093
are,1658,0.634701004433647,0.14247020919140693,0.13916272446383915,0.9938826240218913
concerns,9,0.6344248724644779,0.1363700339633662,0.4120741827985618,0.8086987754404323
suspicions,35,0.6341717284929058,0.095015003123519,0.3859721785930376,0.8490319794591082
t,1,0.6340979948346911,0.0,0.6340979948346911,0.6340979948346911
direction,17,0.6339594142896443,0.12983507230171568,0.3549259683951264,0.9069714697718549
player,287,0.6339246643743476,0.10048784454316735,0.37397392462249834,0.8947401450621976
space,2,0.6337098964853044,0.010883234515333351,0.622826661969971,0.6445931310006378
else,47,0.6336379911531105,0.14257258087116972,0.2584988700545418,0.9176790431686168
Sample,104,0.633583222663086,0.12740576792409192,0.17165407233707622,0.7835231160481128
prevent,7,0.6334643094858429,0.06692045545093223,0.5230402603304757,0.7245362507552665
addressed,3,0.6329350726241424,0.12430339687208355,0.5409460049340734,0.8086620630097126
Start,90,0.6328385164945971,0.10844833328450312,0.20360256334431245,0.789651637302504
Among,8,0.6325169974246673,0.05649923263478566,0.5332950626829874,0.7182387749512029
by,338,0.6322254741757071,0.13057374150464307,0.2916787942564209,0.9815267151022841
strike,35,0.6321593457959492,0.10486911905893319,0.3986848806636168,0.7893122324006264
reasons,3,0.6321467287472821,0.14423578550574245,0.446803372388285,0.7985871192706611
off,35,0.6320566558544325,0.08314772962160862,0.4959993556905546,0.7734095479217804
brown,341,0.631965699405745,0.10937720510008116,0.29574157569384524,0.9630791334155051
their,653,0.6318084518529962,0.13603653222816273,0.19971354811971787,0.9292019760177469
personal,4,0.6316373371951121,0.07429186731266404,0.545666301328925,0.7472622857705586
grouped,1,0.6314378646603589,0.0,0.6314378646603589,0.6314378646603589
we,446,0.6313459733102768,0.17090158318103402,0.22915947269313663,0.9671013615983759
diversion,48,0.6313167005329712,0.0775875762676195,0.4556871547820348,0.84515336061439
eteria,3115,0.631151686690933,0.09604887661611099,0.17137450515475644,0.9588101915290936
working,231,0.6311053803845879,0.11578357967121022,0.30957498698870717,0.938433409766709
Admin,3174,0.6310014560508682,0.10690443588023792,0.20043797124911644,0.9733174593694678
raising,179,0.6309518993014172,0.09077297363986601,0.2781765804522546,0.8018422641188317
Security,679,0.6309513971927766,0.09915519081303935,0.2915060281734927,0.894683119945717
voting,13,0.6303231085614668,0.0756494540475729,0.5056090324890042,0.7725887805327473
10,1,0.6301991282485042,0.0,0.6301991282485042,0.6301991282485042
urgency,1,0.6296469358958066,0.0,0.6296469358958066,0.6296469358958066
leave,20,0.6293441056038949,0.12357547658666536,0.34963478093487144,0.8273996421762158
getting,14,0.6293169065594862,0.1422171149114206,0.3768530149404673,0.9471977215995916
watched,2,0.6292236120500571,0.05598127468509828,0.5732423373649588,0.6852048867351553
blue,371,0.6291293265972366,0.13362545487567057,0.3206179479663888,0.9719338748378729
continue,19,0.6290871838729177,0.09807472557178525,0.3804039206465385,0.7672640198728367
into,189,0.628987864725713,0.10757483081042116,0.29323207045021954,0.8524100331825518
questions,55,0.6288747559325201,0.1320176271018219,0.35985320934230075,0.8792214103628228
am,1540,0.6287103856898084,0.13800826089856044,0.27179493708563307,0.9796919282803108
being,724,0.6285022371105122,0.09365031627441689,0.29226306821031356,0.9617516308438666
assume,5,0.6280807437062317,0.10367026846395432,0.5032462264427345,0.7542778228361016
concrete,35,0.6276323756270668,0.0678008426005833,0.4911103860972832,0.7349970953348041
Clear,109,0.6275778615902728,0.14228903911999913,0.12754116591543108,0.8181600091151672
6,926,0.62726074323819,0.1063092627412151,0.311246335381221,0.9501077779775496
bit,17,0.626714426787335,0.19344855577312278,0.420492724835032,0.9861562619299904
to,14285,0.6266546204148901,0.14441984903692853,0.1298633646724591,0.9938475454936344
eye,129,0.6265181448373663,0.0908223925801842,0.3616475380460486,0.9274296359375084
multiple,495,0.6263697975833283,0.125282230180694,0.1392184511472159,0.8789827528916774
several,122,0.626026757484814,0.1418385073700336,0.15765059029457007,0.8569753339709252
suspected,38,0.6259924411459523,0.09400682628171032,0.457605235932437,0.7967004634564095
others,90,0.6256936050183499,0.1586888409860882,0.23993798151810733,0.8546915069583266
be,2799,0.625554328656721,0.14135490118892013,0.1750378176876602,0.9869216903402874
indicates,9,0.6253424788963318,0.11747529260336384,0.41722754452551486,0.8053152569977235
drawn,1,0.6249847981827947,0.0,0.6249847981827947,0.6249847981827947
7,776,0.6246988751368853,0.09716124551969352,0.24959504130240753,0.9354406982266056
against,50,0.6246748043033756,0.15771979641658598,0.33866584320170445,0.9176747789122108
obvious,2,0.6242771247291456,0.01336786100606685,0.6109092637230789,0.6376449857352126
an,1465,0.6241201823223436,0.13597594909134597,0.19569582096333912,0.9455961195731399
aligned,1,0.6240862432124479,0.0,0.6240862432124479,0.6240862432124479
balance,9,0.6238542196635329,0.07671076748890426,0.4966165775812428,0.7274643599204854
Re,8,0.6234149630595687,0.05386797719353478,0.5350044625122587,0.7122958918684551
meetings,100,0.6233742298757904,0.0423829364694724,0.5125390953279566,0.7431915648003403
that,1950,0.6226721739021503,0.13465240083724878,0.19602515988227945,0.9939267690687302
focused,6,0.6224401814697093,0.19083114444810145,0.38539917537729945,0.9078850072448141
essential,67,0.6223791510240557,0.11587762101579692,0.2992199610306872,0.9366193564078271
")"",",2,0.6216835778145244,0.10277331674250162,0.5189102610720229,0.7244568945570261
chosen,4,0.6214427953907987,0.060141960709929,0.5530871286587831,0.684461651230934
us,221,0.6213787327394872,0.15027252271538546,0.24388874857136633,0.9620047589414982
about,729,0.621187628570804,0.13625801224073633,0.3052584502065875,0.973819221014709
indications,4,0.6209761659608707,0.024241905554307722,0.5809820599491015,0.6439595755911146
imply,3,0.6208569541506664,0.1895922752335681,0.3733836174368377,0.8339555660526634
5,850,0.6207852885840393,0.10284130349639801,0.3450876405137044,0.9356004367296206
split,3,0.6207062021096075,0.13845769123008542,0.4259229679125212,0.735430365124455
asked,15,0.6204312687265379,0.1025836882934557,0.4013296369343667,0.7369265375485825
eliminate,390,0.6203521023932771,0.07589281019327783,0.33724013869515196,0.8930399492045621
gathered,18,0.6202242482135332,0.19128881398210082,0.3080758950341514,0.9001285822156205
heading,64,0.6201463794463971,0.1198401407499216,0.35276333565037044,0.8961239542868273
Steering,42,0.6200685572146696,0.06124254875149046,0.34064269922974066,0.7211596173088453
far,24,0.6200279625206063,0.14518038075186512,0.31375438349327534,0.954909372749915
deviation,1,0.6200187459154801,0.0,0.6200187459154801,0.6200187459154801
crime,6,0.6199287420723346,0.07658178393879668,0.5581720655081824,0.7864429857454968
preferably,1,0.6196983940661963,0.0,0.6196983940661963,0.6196983940661963
Assigned,2,0.618878609321553,0.07499726811418145,0.5438813412073716,0.6938758774357345
Thinking,1694,0.618748777605211,0.06288518275990834,0.3659978554950397,0.7857611969834765
lone,21,0.6184650455663762,0.058466555049346405,0.47895665793233316,0.7171674345791521
maintaining,3,0.6183348822655875,0.27288201108038973,0.236289584618168,0.8565584936434434
publicly,1,0.6183147336580709,0.0,0.6183147336580709,0.6183147336580709
concern,7,0.6180424620735521,0.09172068034983609,0.4732589868470934,0.7414392065693154
test,1,0.6179873460383898,0.0,0.6179873460383898,0.6179873460383898
watching,3,0.6176520414908092,0.054851161112954294,0.542403867935343,0.6715935758503099
download,4,0.6175826931836947,0.06650928111158227,0.5050220456558525,0.6763184101811203
notable,8,0.6175248393924413,0.05550395116043074,0.5134172185831581,0.7095954080143492
V,16,0.6174581628422025,0.14655928329143694,0.3503237265119446,0.8447422102171332
discover,1,0.6173977356359935,0.0,0.6173977356359935,0.6173977356359935
aspect,2,0.6169877041484971,0.004251500634874228,0.6127362035136229,0.6212392047833714
',579,0.61697435136291,0.10139554940483964,0.33725817579998396,0.9115792906706038
VENT,61,0.6169629516221561,0.054685594811970044,0.454746044090231,0.7565569492185584
general,8,0.6167322463889329,0.1767901628989145,0.325458559738291,0.8101022692992353
reports,3,0.616690016586139,0.09649058548524397,0.4830470722262861,0.7073929082810299
DEAD,1,0.6166751667680909,0.0,0.6166751667680909,0.6166751667680909
temporary,4,0.6164411678252454,0.06841842889675251,0.5429227311781293,0.7285616351997216
respond,36,0.616341308849877,0.14470721579154097,0.33684693469912746,0.9035217491947554
observable,1,0.6158499620609245,0.0,0.6158499620609245,0.6158499620609245
af,21,0.6157192461988149,0.10335093724869825,0.441446661410654,0.7760435501143733
there,475,0.6156823004588619,0.13012103860677646,0.19033688656298917,0.9383551404947846
correct,6,0.6154442195114641,0.1167957429369863,0.44812068497852015,0.7581802460919851
develops,1,0.6153709452961976,0.0,0.6153709452961976,0.6153709452961976
stall,1,0.6153407438285143,0.0,0.6153407438285143,0.6153407438285143
been,1140,0.6152871589955003,0.09738846842741082,0.2478857814588309,0.9843477172127654
knowledge,1,0.6147977118541146,0.0,0.6147977118541146,0.6147977118541146
->,51,0.6144188503081383,0.0946104465114627,0.38207800423649935,0.7826443976069258
myself,209,0.6143960486267561,0.17544936917957876,0.2105803808002869,0.9359145621253618
Not,15,0.6143640132668564,0.05621673336389092,0.5037107805863478,0.7089224756271083
compromising,2,0.6141322113622975,0.0042539590085827195,0.6098782523537147,0.6183861703708802
do,60,0.6141136645506641,0.1757669868382431,0.27325341398281594,0.9030067999991517
unless,25,0.614053545838877,0.06773715421759813,0.38052456971350973,0.7286261142534524
ME,16,0.6139781532619305,0.08108278166979188,0.45602881983857424,0.7450781813367586
visit,14,0.6137106710776319,0.08742887771561748,0.43658419490657596,0.7346637615756353
safest,45,0.6135423413183748,0.11428262809571743,0.3892916343208327,0.8160198680774247
yellow,329,0.6133239620590822,0.13000015043439178,0.31146123608654225,0.9436295444631263
Inspect,9,0.6131295406276781,0.11280102588462483,0.30764786950138956,0.7080259795717471
presumably,8,0.6129062218504021,0.08295080796533714,0.4914361042618733,0.748180608353994
hotspot,2,0.6128989509232395,0.1135147093259469,0.4993842415972926,0.7264136602491864
note,10,0.6128728396746969,0.043830871814806556,0.5286469307386099,0.6985199686903688
shared,52,0.6127508817614982,0.10752763953798125,0.36843362773529204,0.8468812327122984
misunderstanding,3,0.6126931153829438,0.09866095906395637,0.48822303195492855,0.7295301352085245
TASK,538,0.6126087120350507,0.08977440779985003,0.3866111876380134,0.8589082011300749
tries,6,0.6125617240231481,0.0770455261885879,0.5366317970966679,0.7537221979101103
presence,46,0.6124873884959604,0.15313486738648044,0.24028339569800403,0.885859572065851
might,965,0.6122743470508418,0.13585472724677894,0.21785714832485417,0.8884801469472362
lose,1,0.6121999666198348,0.0,0.6121999666198348,0.6121999666198348
alarms,3,0.6121840387137075,0.0565218851292346,0.5412545945091584,0.6795681233796189
Starting,13,0.6111586323396239,0.0722755379008828,0.4786000473810184,0.7428855164202808
One,3,0.6109327710672439,0.06089282787029823,0.5267577164591298,0.668762752606693
begun,64,0.6108040057543904,0.09297247782530729,0.4067365168375029,0.8253383673597707
mitig,1,0.6102990164559853,0.0,0.6102990164559853,0.6102990164559853
Upper,849,0.6102211389699068,0.12187103653459282,0.15348273325908102,0.8775439535756471
communicate,3,0.6100603874283899,0.10077485550481545,0.4821929125411846,0.7284990687074108
get,87,0.6099371600006882,0.11568889651133009,0.32320659243279365,0.8372209731882617
isolated,52,0.6098768047913989,0.1258732851317892,0.3413159845988051,0.8257026280486036
highly,13,0.6098718454139797,0.12181475417405303,0.3867994147239476,0.8340555894437116
acts,4,0.6096989560597188,0.02167443124959339,0.57932349774626,0.6319047367207138
different,529,0.6096833842076204,0.13317988027980124,0.17507835519381926,0.8615951008513103
popular,1,0.60967295855883,0.0,0.60967295855883,0.60967295855883
pass,2,0.6096456648184696,0.08092703879187807,0.5287186260265915,0.6905727036103476
inc,2,0.6092791914302886,0.01196936616111599,0.5973098252691726,0.6212485575914046
scene,3,0.6091006818440855,0.03715947924276879,0.5699644750745336,0.6590416075567059
directions,1,0.6089810405144291,0.0,0.6089810405144291,0.6089810405144291
Our,37,0.6086427568710182,0.0971428079798209,0.40805580636131666,0.7709783075558535
destinations,37,0.6083067279450574,0.04716500258242187,0.5332231165307851,0.719846301102615
hostile,1,0.6082897819167761,0.0,0.6082897819167761,0.6082897819167761
taken,247,0.6079994328262628,0.0926352027942292,0.41747787697516003,0.840292672027779
oneself,1,0.6079089739232916,0.0,0.6079089739232916,0.6079089739232916
possibly,33,0.6077355588117549,0.12993194453049103,0.3798491359852439,0.9310008562426445
work,90,0.6077202149678027,0.1450630429547836,0.2979734942252467,0.8754326869641579
implic,2,0.6076695458313026,0.03106217486124263,0.57660737097006,0.6387317206925452
clearer,1,0.6074824942323984,0.0,0.6074824942323984,0.6074824942323984
can,810,0.6074277935885343,0.18115487549788048,0.1351268694515968,0.9767675717416321
recent,1,0.607353744570529,0.0,0.607353744570529,0.607353744570529
share,107,0.6073268218993861,0.15277368904548494,0.2514717372496525,0.9611719674100275
directly,180,0.6072465017952667,0.14053226688916245,0.18055040268401923,0.8837238854967915
Cleaning,1,0.6069461196183783,0.0,0.6069461196183783,0.6069461196183783
head,184,0.6066519655763178,0.09858092368639627,0.3813729224536199,0.9162645483941919
indirectly,5,0.6062909379212659,0.0939941632035459,0.4932145384195233,0.7199469127803221
exiting,1,0.6062827677286511,0.0,0.6062827677286511,0.6062827677286511
react,15,0.6062210815987807,0.13924918628774446,0.24847516966066274,0.7868541480145524
encountering,61,0.6060924368384885,0.06652324534015393,0.4616719203484227,0.7607483882484962
hidden,1,0.6059142004517571,0.0,0.6059142004517571,0.6059142004517571
balances,2,0.6058016988965907,0.00040461756649345926,0.6053970813300973,0.6062063164630842
dead,79,0.6054749369658683,0.09528908911295515,0.4140040232462369,0.8144526621442552
proceeded,12,0.6050912262161593,0.0686660558730055,0.4960936306632649,0.7408065923681977
Given,1283,0.6048031769417075,0.05546932540197824,0.33583124265061826,0.8565353770454323
exhibiting,2,0.6047451221456162,0.03322505193879044,0.5715200702068257,0.6379701740844066
opposite,1,0.6046686894133515,0.0,0.6046686894133515,0.6046686894133515
misunderstand,5,0.6046467590163461,0.19351856640380957,0.3568782813661267,0.9229645024650149
called,131,0.6044483131308939,0.10967112530909845,0.34496488020637817,0.9477461806346532
hunt,1,0.6044393365287207,0.0,0.6044393365287207,0.6044393365287207
control,1,0.6044320975101931,0.0,0.6044320975101931,0.6044320975101931
centered,1,0.6038979680859641,0.0,0.6038979680859641,0.6038979680859641
A,25,0.6036638774615458,0.0564559721312626,0.5581451174476733,0.8332866797832188
Distrib,62,0.6035936017408395,0.09262458344237123,0.3578326877930692,0.747003094779449
CALL,16,0.6031530750100706,0.06367581995689817,0.4475082384199181,0.6860731199064535
isolation,5,0.6031228699843932,0.09569685117108957,0.45818431373695256,0.7171163966525096
options,78,0.602960689142345,0.13302472278234578,0.2433340589226317,0.7640648355999301
unnecessarily,5,0.602799491110831,0.1002072072905441,0.4504410691407556,0.7336295756625525
diverted,3,0.6027314446761827,0.09788320038093434,0.464303695168982,0.671945319429783
voted,2,0.6027035948645463,0.020453369942023236,0.5822502249225231,0.6231569648065696
secluded,11,0.6025346686404226,0.09209273846534224,0.4025101376942565,0.7132437497346159
activity,236,0.6024037355860611,0.10783780225827143,0.34081020352279096,0.853246629600545
An,1,0.6022926038991269,0.0,0.6022926038991269,0.6022926038991269
sharing,62,0.602272405694451,0.1688290166065074,0.19213511449661125,0.8965443057812402
conclusive,2,0.6022199854440125,0.025559972944438125,0.5766600124995743,0.6277799583884506
numbers,16,0.6019928127105032,0.1345614887251564,0.32274614034185184,0.7811714323287462
Meanwhile,3,0.6019324958221062,0.05324394461561228,0.5283637284139736,0.6526130589968635
didn,24,0.6018838280412215,0.13417061091248192,0.29092265268174333,0.8910490373534664
spaceship,57,0.6018247514228676,0.032300082547161935,0.5687391193005652,0.6550763406985973
near,4,0.6012484046040968,0.15411592481104955,0.4014457308500593,0.7824772017736601
und,23,0.6010986165184117,0.09898505867302629,0.4001386341996182,0.7851164035650162
minimal,3,0.6010331548437929,0.27789139273675884,0.2095133962200268,0.8262828322416966
eject,30,0.600893656420052,0.04125155315029455,0.5128258909254808,0.6900155184181643
e,71,0.6005611995489306,0.0791209708590579,0.39146479452471006,0.7928884032033038
There,70,0.6004907773859183,0.09510140719365337,0.27617313369101565,0.7537756207425824
clarify,24,0.6002327541167413,0.14521836430311577,0.37820429619951645,0.9167289935102906
Caf,3094,0.6000698594841842,0.1160726875465447,0.18397378528519776,0.8745404498147101
too,69,0.5996665471650628,0.12411639741439948,0.16920731006061812,0.834073570579396
olds,30,0.5994731414739866,0.058504534625875126,0.4869241350869753,0.7904366281641954
remain,15,0.5994716120945219,0.11191121695510273,0.3625763300032771,0.8017020876120572
attack,2,0.5993437008742333,0.002011694343047432,0.5973320065311858,0.6013553952172807
Med,889,0.5991563070637327,0.11326985126511016,0.15236945405769123,0.9309997804452367
aforementioned,1,0.5991140598395157,0.0,0.5991140598395157,0.5991140598395157
context,7,0.5989443839916843,0.1881680174110188,0.2827598126346536,0.9317880617272291
worked,2,0.5989410230393262,0.05592828834698321,0.5430127346923429,0.6548693113863093
distributed,5,0.5986210990296565,0.16452495787070204,0.27819377493233194,0.716761131037194
raise,73,0.5981723754487738,0.10153218937748447,0.37296194366220325,0.7830542262774516
ejected,67,0.5981505203165358,0.051841760819246414,0.35648673387293794,0.7137461454934434
expressed,4,0.5977118065931035,0.05391750425080565,0.5431428256948412,0.6567997100601562
imestep,67,0.5967322966442644,0.06526723319413792,0.3474126861077332,0.7694014450355356
despite,1,0.5966278320959454,0.0,0.5966278320959454,0.5966278320959454
indicated,1,0.5965985385201293,0.0,0.5965985385201293,0.5965985385201293
affect,1,0.5963790152684263,0.0,0.5963790152684263,0.5963790152684263
",",14776,0.5963561894624606,0.15530601455667314,0.08907994295716586,0.9953003545266603
ibrate,63,0.5962374834851584,0.08523567753333168,0.4149019380197629,0.7878443277855994
sight,1,0.595900627965516,0.0,0.595900627965516,0.595900627965516
offer,5,0.5958150322643785,0.08071333158287058,0.48979175600594876,0.6898059448443863
attract,1,0.5956459240198996,0.0,0.5956459240198996,0.5956459240198996
staying,20,0.5954982356180352,0.11792726878125555,0.41706985125494483,0.8173423080961052
suggest,3,0.5952338073457393,0.13093542434148464,0.48583304001725464,0.7793163076342703
occurs,8,0.5951320661458487,0.0562615550720533,0.5307419172994527,0.6997059466427863
BODY,1,0.5949485870552922,0.0,0.5949485870552922,0.5949485870552922
".""",42,0.5948329586928496,0.20362449641289102,0.29226677766208453,0.9629991479748103
previously,11,0.594644494198474,0.13294502525397622,0.43022102444798876,0.8368911823396661
explaining,2,0.5943004001965893,0.06385102123008557,0.5304493789665037,0.6581514214266748
guilt,3,0.5942248497165324,0.1417476365755773,0.49378711050345514,0.7946861371632647
while,412,0.5941634179624901,0.14520769667203923,0.23105445987970114,0.9737832454118215
Div,462,0.5941041559402033,0.13704299693021132,0.17804773940560156,0.8574756993181049
surely,3,0.5939770981965599,0.0488418021451546,0.533797868439855,0.6534287239835156
confrontation,5,0.5937325591095804,0.078826454628093,0.5240578792634407,0.730880075609924
Chart,46,0.5936362517560613,0.06700502315901873,0.35468475520360726,0.7232636682548681
killings,9,0.5930446843920522,0.09736777383212167,0.4460963288808026,0.7426401765228904
another,513,0.5928089659019639,0.14391368575520733,0.22482951632126544,0.9212578624199864
ly,52,0.5926829731004044,0.14629519231482233,0.32784371074586344,0.8605015394271007
accomplishment,2,0.5924308955202309,0.06188068382250239,0.5305502116977284,0.6543115793427332
(,911,0.592149694221964,0.1277748622503105,0.17616227355968042,0.8901714769232659
various,37,0.5918975896765414,0.11467297386901631,0.31802133846263897,0.7902706895166958
Player,3603,0.5918750962891722,0.11254964782750682,0.27153571514300323,0.9583710405707272
way,102,0.5918112857220967,0.1980614782398155,0.11876186325407564,0.9575846705938195
evaluate,5,0.591305296697822,0.034500529686649455,0.5441206090790539,0.6393686271464496
players,3412,0.5909934041331013,0.11397017906806649,0.27752679957468884,0.9299406097057648
Ch,170,0.5909581029960784,0.09624199904427638,0.3146835512425664,0.8024332143080152
decides,4,0.5909248772833249,0.08878529344966585,0.48668746991029155,0.6820317828386908
spread,15,0.5909241483671469,0.14273341765012515,0.3351109177377782,0.7913033836274489
foul,4,0.5908773412508206,0.0993132111792323,0.4568224818128561,0.7368288151452183
motives,1,0.5907354117786972,0.0,0.5907354117786972,0.5907354117786972
those,48,0.590731734070081,0.18173812337143497,0.17123926766870293,0.8260639678352178
entering,3,0.5905624487341354,0.08097752135826397,0.508930575423146,0.7009356739566529
make,233,0.5899853160153454,0.153971290783087,0.2266654136655817,0.9716478379452188
whether,46,0.589602189021932,0.09607026677235353,0.3301057642921213,0.8004680777598493
decisions,9,0.5889562329531121,0.15450345254409564,0.3583189188985021,0.8827540440120313
back,34,0.5889132202790004,0.08705134511709693,0.32634744444945346,0.780098770865938
clar,1,0.5888836310342678,0.0,0.5888836310342678,0.5888836310342678
the,9744,0.588764818578211,0.1274069554444226,0.10590088894705761,0.9548178069226089
I,5900,0.5881165989667573,0.15962327366946985,0.09025904341058631,0.9969773660672416
clarification,1,0.5879613675830103,0.0,0.5879613675830103,0.5879613675830103
unwanted,1,0.5879255546791737,0.0,0.5879255546791737,0.5879255546791737
alone,257,0.5876010219050206,0.1252097630969202,0.21886339099900337,0.8993207111860715
also,1370,0.5874722413106486,0.142520497737095,0.18722444302756874,0.9766314575580265
deal,1,0.587437814528995,0.0,0.587437814528995,0.587437814528995
Current,3,0.5873018167260131,0.06449325281607356,0.5365221680754748,0.6783052063437801
suspicious,434,0.5870978597947264,0.12062741589824308,0.28115283963045645,0.944952806461602
its,191,0.586976340640507,0.1428018133481697,0.1730408435306037,0.759925396252295
isn,2,0.5869509215998245,0.01514437546604519,0.5718065461337793,0.6020952970658697
could,1365,0.5866916369141592,0.14216885697471218,0.15095187552099032,0.9301097643468618
prior,29,0.5866649648241025,0.05142292991204714,0.465701527465619,0.7422521014896211
previous,404,0.5866576512507069,0.021960610434549874,0.4303351857237725,0.8467063069895525
raised,13,0.5865452519597192,0.1267657989177939,0.4117409218646901,0.8322537618025327
description,1,0.5863366199632313,0.0,0.5863366199632313,0.5863366199632313
feel,1,0.5860912574148546,0.0,0.5860912574148546,0.5860912574148546
and,7925,0.5860601517889494,0.16443644770177443,0.10879201197466216,0.9856704869415501
corridors,2,0.5858510295150094,0.01070406910462629,0.5751469604103832,0.5965550986196357
finished,7,0.5857814352662242,0.08712946028410652,0.4015452376630307,0.6850349783437752
out,88,0.585647637060322,0.1394942844616139,0.28450255214257786,0.965177113143802
closely,29,0.5852008783276195,0.10459140868599116,0.2981882935510504,0.7832293751524354
our,435,0.5850144546214048,0.15027129583498502,0.23897319182192794,0.9341528115741011
again,4,0.5849314437028268,0.08708113428197535,0.48158000067396467,0.7101011425706861
4,942,0.5848667712197825,0.11258992363952175,0.21849219618891366,0.9162144995426352
T,67,0.584863175881165,0.06916022361710931,0.4026546262000966,0.7825431969858831
having,71,0.5846582343511788,0.1461053887409065,0.31242436666188944,0.889396502245055
assigned,1048,0.5844791757840169,0.12466396361170637,0.18405971552026132,0.942909623351889
decided,2,0.5843799659632326,0.19008396741203892,0.3942959985511937,0.7744639333752715
lurking,10,0.5839628806437883,0.04807338112182288,0.4956115041514472,0.649940480528735
pathway,1,0.5831817546999396,0.0,0.5831817546999396,0.5831817546999396
interest,8,0.5830930838614694,0.1451440323672827,0.332644768015141,0.7839197357092801
good,311,0.5830816036641431,0.12286798101023666,0.1796768055863021,0.9741959685004176
fully,2,0.582637804071384,0.21553181117304404,0.3671059928983399,0.798169615244428
eliminating,22,0.5825935100310883,0.1121628972285855,0.29199499952604735,0.7932097973132752
associated,2,0.5825438537172196,0.10437642060533583,0.47816743311188376,0.6869202743225554
cooperate,1,0.5825414694039862,0.0,0.5825414694039862,0.5825414694039862
high,20,0.5821990036934523,0.11301848947766654,0.33875473617448004,0.8087345249588164
bodies,16,0.5818243172358973,0.05935100940158328,0.48202337634700454,0.6595120092886251
attempting,10,0.5814927393464051,0.10416257481256747,0.4364265497673851,0.8018958833027526
riority,3,0.5812128631043317,0.03843740943555601,0.5445303739782337,0.634295263517613
empty,5,0.5810437470890363,0.09985507187660335,0.48723898925702397,0.7437816836039024
MOVE,942,0.5807152241325505,0.052206601071290985,0.426837509398641,0.7426251989923219
underway,1,0.5804780495480986,0.0,0.5804780495480986,0.5804780495480986
Align,202,0.5802000467487853,0.09731040887095703,0.2474816434960699,0.7721910971502183
if,466,0.580019543685022,0.12507587070130963,0.25441112862030335,0.9055374048302249
gained,1,0.579802053268797,0.0,0.579802053268797,0.579802053268797
counter,1,0.5796385574298286,0.0,0.5796385574298286,0.5796385574298286
understand,28,0.5796295791043556,0.16452367093322112,0.273110884592451,0.9299170497518704
visibility,1,0.5794169804109083,0.0,0.5794169804109083,0.5794169804109083
well,39,0.5793851582074546,0.14445338749154357,0.2887430242634555,0.952758535804352
lime,332,0.5793357988203038,0.12339856632427401,0.3241700546695835,0.9454593622146098
completed,887,0.579327142666565,0.13172141233035206,0.2192130660977381,0.9131128498822655
once,5,0.5791515886972644,0.07862515019074734,0.48692349879418945,0.7203170979763287
iss,1,0.5790467758387924,0.0,0.5790467758387924,0.5790467758387924
conflicts,1,0.5785521093669876,0.0,0.5785521093669876,0.5785521093669876
moving,1517,0.5784119995719124,0.12072763972669952,0.09077764327180572,0.8961097218432702
further,28,0.5783632973062826,0.17670218671139604,0.18116657445186363,0.8503578546728786
thereof,2,0.5783456926568532,0.03430961059892945,0.5440360820579238,0.6126553032557827
accepting,2,0.5782200159982533,0.0,0.5782200159982533,0.5782200159982533
see,123,0.5781558159649121,0.16072882008049044,0.2473578827535208,0.9430013169128273
-,585,0.5773519278725103,0.062334470060672165,0.266302378676873,0.8058972045775237
related,3,0.5773206339729977,0.17614164377662586,0.36037968168212614,0.7918160384270392
joined,1,0.5771910733357237,0.0,0.5771910733357237,0.5771910733357237
considered,12,0.5764561583020842,0.07500302472868331,0.4244843120232745,0.6729536454308699
spot,4,0.576214835736033,0.11588586077367478,0.41849802398777974,0.728983583723878
setting,18,0.576084653326202,0.10976390713546305,0.33055186643392626,0.7520059051822979
"""",1342,0.575739326291479,0.14967120492154873,0.11365647429089197,0.9883671595634935
no,465,0.5756714764357372,0.11672114089754795,0.23000859480538327,0.8801674403595725
mindful,60,0.5755359120925218,0.07904747806876174,0.3465511686398777,0.7468800463204017
Ins,96,0.5752974463474838,0.1591368004031463,0.08974949564571738,0.7922555982292742
indication,9,0.5748986249480673,0.11062700028864286,0.4036313269213335,0.7222186882581549
stealth,20,0.5748162130148937,0.07936927343109741,0.4482672938628359,0.7815577899579426
asty,3,0.5747948636181567,0.13043155012294202,0.4716457417432752,0.7588034756661066
compelling,1,0.5747833771106515,0.0,0.5747833771106515,0.5747833771106515
avoiding,42,0.5747165866979588,0.18440223078788276,0.2594069824400499,0.9031946482927872
aggressive,5,0.57457833718608,0.06962063023444613,0.4619434798135901,0.6375179223811899
requested,2,0.5741516351411533,0.11652877546149809,0.4576228596796552,0.6906804106026514
reasoning,2,0.5741344146716679,0.01080047864471867,0.5633339360269493,0.5849348933163866
necess,2,0.5740288468099679,0.03514478895252793,0.53888405785744,0.6091736357624958
chaos,6,0.5732380574278259,0.11815724634677172,0.38738784928001513,0.7313923965372
stalk,1,0.5731318171861525,0.0,0.5731318171861525,0.5731318171861525
option,203,0.5729693276872634,0.14313086190037247,0.09636912699671484,0.9269389434359275
witnesses,90,0.5726700171337001,0.08742950824136544,0.3108449335855208,0.7404508267653895
cautious,219,0.5725312926792171,0.09324106403142572,0.20694362222453025,0.9128596995229527
thoroughly,1,0.57248546580077,0.0,0.57248546580077,0.57248546580077
nearby,22,0.5723998553088512,0.09457917242031219,0.36224794271881505,0.743405227855096
other,2353,0.5723380775248555,0.146729450599514,0.14271936135841984,0.9338655345596388
responded,1,0.572298296639275,0.0,0.572298296639275,0.572298296639275
Orange,2,0.5721590463741937,0.11683601426386547,0.4553230321103282,0.6889950606380592
addition,1,0.571845328200223,0.0,0.571845328200223,0.571845328200223
decision,41,0.5716924409229438,0.08772965916354535,0.33520621874600576,0.708044240772596
efforts,44,0.571652540510409,0.12502952273006682,0.26233482838353783,0.9184564441018195
conflict,1,0.5714189876882704,0.0,0.5714189876882704,0.5714189876882704
stay,20,0.5713595576099046,0.1019927460458516,0.3720229205035958,0.7256508867647601
anymore,1,0.5713147128214244,0.0,0.5713147128214244,0.5713147128214244
undertake,1,0.5712431790794879,0.0,0.5712431790794879,0.5712431790794879
responses,4,0.5710367413167119,0.06488278885751071,0.5019766382614994,0.6776043078345513
In,3,0.5710027791170895,0.05645469295635307,0.5156282967922001,0.64849914158911
would,838,0.570651773163184,0.1373825955383908,0.07568465875909075,0.9653721883278763
conclusions,9,0.5706327212631398,0.17235497743004233,0.368280477791915,0.8331007757893835
),454,0.5705703011123969,0.13055420060953324,0.20179628999491175,0.9180112334209193
from,1546,0.5704886969018635,0.08812856630118791,0.29802479937776793,0.9268432746307887
Sh,9,0.5701750869912492,0.09200017652526654,0.4743742197391253,0.7648575725732663
ship,146,0.569761671727241,0.07407881218544424,0.33541758720082476,0.7242464367978179
equal,2,0.5695502270981704,0.002528513547997324,0.5670217135501731,0.5720787406461677
avoided,1,0.5694726049683964,0.0,0.5694726049683964,0.5694726049683964
2,1465,0.5694213713204817,0.129858143224422,0.06351426475899202,0.9493775828500362
of,2625,0.5694160573088268,0.139398757599676,0.140228286712528,0.9689104201197878
revealing,29,0.569408691453217,0.1590255954972857,0.19007296861624298,0.8394481256866917
discrepancies,2,0.5693803507503181,0.028226589814420444,0.5411537609358977,0.5976069405647386
interfering,4,0.5693274815091022,0.07975225542537637,0.4645691762575357,0.6743570171412574
points,2,0.5693063879288537,0.030416537370027585,0.5388898505588261,0.5997229252988813
many,11,0.569210019633302,0.20905034564595573,0.2449444265661738,0.8924217505683069
makes,142,0.5692039570013074,0.09967973051477845,0.25461394527712405,0.798193196604066
so,226,0.5691261977071822,0.14878384017052904,0.2477506962867352,0.9335208589276237
finding,24,0.5689425770143458,0.07675047310258326,0.4097994253953059,0.7549339237520316
after,47,0.5689415220154233,0.1820238891209239,0.17162717061106011,0.8766026060727952
Sharing,10,0.5685472351864471,0.19036032958754034,0.2281299449699397,0.877327069335991
jection,70,0.5682858951569726,0.06916086395591746,0.4293304952495338,0.7364328791524375
passive,1,0.5682086615588482,0.0,0.5682086615588482,0.5682086615588482
identified,15,0.5678995257284488,0.0935352772877243,0.43500527681165085,0.8437463268795814
important,74,0.567578952229586,0.12360818064171278,0.23260609333420654,0.8289337915281173
interactions,12,0.5674847379350533,0.09240858463351335,0.41176536788107154,0.7280613116234108
among,56,0.5666418709116223,0.10858235934437813,0.24014744902193733,0.8494485794260997
exposing,1,0.565993608042576,0.0,0.565993608042576,0.565993608042576
behaves,4,0.565712101855439,0.01934839315351379,0.5496297535505696,0.598442436170528
try,103,0.5656486396020446,0.09862820922656347,0.2842593343621885,0.8063684959749124
quiring,2,0.5655555186705654,0.06991139163032908,0.49564412704023636,0.6354669103008945
After,40,0.5653948467354806,0.09682549656366457,0.4045733487378457,0.9653829763226781
f,5,0.5652529454097805,0.10567430086248059,0.41838540887986225,0.7118910509641965
listed,1,0.5647259441769094,0.0,0.5647259441769094,0.5647259441769094
ENT,16,0.5646319116215937,0.045538389698100715,0.49637361328270535,0.6599590571185232
reached,19,0.5641601286314387,0.10591623217971918,0.30392395936096506,0.8294357518147346
sets,4,0.5641280069369009,0.07886561441006622,0.5167901964754532,0.7007134457023251
find,176,0.5638430139222154,0.1113300666139421,0.26706039358114686,0.9005524611605061
area,141,0.5636894682784961,0.12032959815334802,0.2504084493661229,0.8803170803190229
include,71,0.5634086291237121,0.12678571670017746,0.2856931585384809,0.9087078949470425
dev,3,0.5633148086346043,0.0775525962174824,0.4802793568199619,0.666884473081841
v,1,0.5630645893948235,0.0,0.5630645893948235,0.5630645893948235
perceived,4,0.5624142833561169,0.16034781816775504,0.3293147227716855,0.7613134456811668
decide,162,0.5622950886772861,0.12083836191758811,0.2901728551969307,0.7892971148517561
consequences,9,0.5621459773636014,0.15120273975163417,0.36966222235572593,0.8202034414012863
distractions,2,0.562095868370266,0.05522793022095551,0.5068679381493105,0.6173237985912216
""":",1,0.5618578928595989,0.0,0.5618578928595989,0.5618578928595989
join,12,0.5617725530709375,0.06755260075186946,0.4360960121948757,0.6940729562865703
necessary,58,0.5617382102365321,0.0941820561213909,0.3494732110724025,0.7847396170810442
impost,65,0.5617359817894693,0.037879483561081985,0.3941027390108307,0.6463757693757977
proceed,55,0.561712529175345,0.09455803393912351,0.338279938240101,0.8367607662100007
encounters,4,0.5615052352744521,0.03355408951560956,0.5269692222186811,0.6156873824828863
feeling,1,0.561153951658686,0.0,0.561153951658686,0.561153951658686
sign,4,0.5610842498147057,0.13214470180042956,0.3439023520742701,0.6941356934179781
C,21,0.5607343987761292,0.10604633562293475,0.29576431724165647,0.7165684903033327
complet,2,0.5606291639467047,0.025063757423731514,0.5355654065229731,0.5856929213704362
particularly,4,0.5604037328161213,0.07537219383279196,0.4910139233990635,0.6864618967197041
around,60,0.5602169878619615,0.15587541656931106,0.2184478234296148,0.9042036537725681
or,4037,0.5601580520761654,0.12732536794004523,0.11389973522890133,0.9255188204338527
view,2,0.5601565554845571,0.08692790946558782,0.4732286460189693,0.6470844649501449
remains,3,0.5596984063371847,0.08626368372533666,0.4463186228291079,0.6553870572194773
here,252,0.5596736321284846,0.14844048353616407,0.15580438650387385,0.8854625125546123
new,32,0.5596385738758844,0.10229517225848296,0.38617463931542056,0.7735951586744062
low,9,0.5595758031724867,0.09968978259615156,0.4450912384216093,0.7707488837138246
then,257,0.5593966154742411,0.1731195248089789,0.22856275536259874,0.9039957144574122
me,1974,0.5593708000928292,0.14795852201766432,0.2012014613456847,0.9397504868426918
less,108,0.5592944918288842,0.15715847764442303,0.12429415595881767,0.7967015043055162
findings,2,0.5591001172738004,0.096873970124918,0.4622261471488823,0.6559740873987183
quired,1,0.5590571066871112,0.0,0.5590571066871112,0.5590571066871112
put,144,0.5589568509841518,0.09106536461415891,0.2848117245427525,0.8198861547766205
like,524,0.5589131433846837,0.16954401037875777,0.2623722106337277,0.971953956278638
still,82,0.5588984604052792,0.11823325551427029,0.2300290078271359,0.8068865817383555
"),",332,0.5588657582106206,0.13934828282449527,0.1640809505008627,0.8630021302398623
St,42,0.5586182440353258,0.13025187714714917,0.240119064092839,0.8195378622492996
For,63,0.5585319094907818,0.07364965832794347,0.40287781943055545,0.7982456848224593
investigating,4,0.5580950242369815,0.032270985363744877,0.5305633352150658,0.6129481164857332
surroundings,19,0.5580142295906882,0.1156240880744031,0.24479897850736917,0.7836430496006489
committed,3,0.5577469455549829,0.13275360927305208,0.3744342434764484,0.6845120007149252
through,252,0.5576681939995047,0.12029429516747776,0.24240909327916338,0.850265234637035
prompting,1,0.557471168403079,0.0,0.557471168403079,0.557471168403079
bay,889,0.5574230454310787,0.12321886670225549,0.14825685154371818,0.9319050089144346
assumption,1,0.5572930672706702,0.0,0.5572930672706702,0.5572930672706702
ute,170,0.5570082554998139,0.08707020484439652,0.21148754897145733,0.7055279542523883
accessible,59,0.5569632768053584,0.10408003341945934,0.27004896468619793,0.7477981720952188
witness,26,0.5568840379371653,0.08593325314869658,0.4323299787761381,0.7871254929979389
ions,2,0.5567601295157752,0.1465811113787475,0.4101790181370278,0.7033412408945228
ibr,2,0.5565464606283299,0.15676526728447587,0.399781193343854,0.7133117279128057
finds,1,0.5565346979609376,0.0,0.5565346979609376,0.5565346979609376
determine,5,0.5562631300469127,0.05340980115361742,0.46412390820041466,0.6026343018355113
location,1031,0.5557783585074064,0.11736771965164365,0.18416405681997886,0.9678591249156119
intentions,164,0.5557726143105932,0.1149392912177498,0.268081750032345,0.872990233509456
during,32,0.5555646893167692,0.09294465255639718,0.39509946458827383,0.8250151655494671
provided,30,0.555467286189624,0.13372910112012176,0.27308533019081566,0.8539650726770547
take,41,0.5553678774395446,0.18061510134037284,0.20772360200875203,0.8378872920321027
start,661,0.5552585878964558,0.10656636107120157,0.23029454215220507,0.9214179024169424
two,321,0.554912361680352,0.1707930292905061,0.09257482932464887,0.8936589616422164
monitored,1,0.5547612264928766,0.0,0.5547612264928766,0.5547612264928766
departure,1,0.5546904365258644,0.0,0.5546904365258644,0.5546904365258644
sole,1,0.5545375021429423,0.0,0.5545375021429423,0.5545375021429423
not,615,0.5541222995387155,0.13609577385534832,0.18956256691380602,0.930053093087609
immediately,298,0.5540972755316802,0.10290230914735997,0.22527166927638917,0.7892523398090243
probable,1,0.5537661424910284,0.0,0.5537661424910284,0.5537661424910284
raises,13,0.5535127333165739,0.16520364282740077,0.2278186027096702,0.7395525756237316
provoke,1,0.5533780038987455,0.0,0.5533780038987455,0.5533780038987455
Power,462,0.5532249436435693,0.083382764029422,0.20128160662184585,0.8154560515296527
body,60,0.5532151023022338,0.08635310638855566,0.33859801801860767,0.764114772468483
investigate,10,0.5531306562572682,0.06950201253610928,0.40308496396250687,0.6629537788530095
aside,6,0.5527539154174926,0.10840690196436087,0.31596671125675835,0.6286607735044522
move,864,0.5526474555681139,0.11489067848122451,0.20972714133133458,0.8799990547533323
shortly,1,0.5525662074018394,0.0,0.5525662074018394,0.5525662074018394
term,1,0.5525324344094781,0.0,0.5525324344094781,0.5525324344094781
direct,58,0.5523140315929882,0.14695563452803423,0.12906001746629847,0.8899311762320532
putting,5,0.5521001896657737,0.05466647196549111,0.4465194392697616,0.5975022832554419
done,34,0.5520956308080959,0.13897085467409143,0.296507510701947,0.8735849062702442
fact,48,0.5520148111285317,0.118459952209842,0.3100715135472519,0.9052999693586861
making,134,0.5519536844477022,0.17422505543505834,0.14487932840756212,0.9668161987448876
build,16,0.5516336466342098,0.12271087801207153,0.3646530516217685,0.9036276583210301
threaten,1,0.5516265269519445,0.0,0.5516265269519445,0.5516265269519445
shouldn,1,0.551577312588976,0.0,0.551577312588976,0.551577312588976
caution,13,0.5514805577308185,0.11101294976533103,0.39863760024103034,0.7593503386449101
offers,3,0.5514457442063444,0.11852394781272428,0.4329203038409568,0.713351921546878
immediate,168,0.5508486290937623,0.10337480325970212,0.21274895205540972,0.8098974529138538
now,342,0.5507253063357672,0.11466819710879854,0.12136172286250897,0.9113176541661823
soon,27,0.5505279074867866,0.12220628381122803,0.3855622299555204,0.909692515524266
starting,222,0.5502749421863272,0.10850906175902601,0.2969270941246506,0.8905336098892823
places,1,0.5500937000302528,0.0,0.5500937000302528,0.5500937000302528
Prime,34,0.5498690981097261,0.06645323211135591,0.44062273955615794,0.7107651310512146
Nonetheless,3,0.5495359198964226,0.1271814829132828,0.38397612285339006,0.6931858405662416
round,12,0.5494798318862961,0.10911913598827373,0.3207239185525188,0.6664956325494411
tool,1,0.5494365162869936,0.0,0.5494365162869936,0.5494365162869936
On,91,0.5494096503684067,0.07512581448433986,0.331525576211047,0.7226815507531569
history,41,0.5491898909466995,0.06981427715739214,0.3781260567204425,0.6771615076741092
overlap,4,0.5491803409514152,0.11689222754297292,0.3718011862859412,0.699994426129572
Players,908,0.5490691016212882,0.08320470226902162,0.3391184761396032,0.8287001288233099
is,3622,0.5488648791084332,0.1463008215001287,0.10028228690292014,0.9494068964921266
choice,45,0.5486731532702648,0.1294500690775277,0.30405139746234494,0.8647323601754967
relevant,17,0.5486078677374051,0.11061684794364991,0.36720777489751866,0.7307085470944078
act,66,0.5485341910968579,0.18212085703127273,0.22771587644513397,0.9218630925149072
passed,5,0.5484274490215751,0.12108329009185413,0.38471162875137854,0.7014742472465725
helpful,6,0.5481581372964729,0.33497291652033656,0.18270610174132323,0.9081062830521752
decrease,1,0.5474029734764625,0.0,0.5474029734764625,0.5474029734764625
fuel,5,0.5462636377437198,0.1041905135875774,0.41167362507480376,0.677798234422093
Course,46,0.5459216243753913,0.0808781561809798,0.30584761805143956,0.713332819295462
on,1243,0.5458790279330286,0.15424238095283557,0.2002947268828897,0.9378032505302191
rid,1,0.5456816799586304,0.0,0.5456816799586304,0.5456816799586304
FA,104,0.5456367429277772,0.11269168450849792,0.331832521686335,0.886316020728341
begin,35,0.5455753424582678,0.104526287313394,0.28448185605496407,0.7175989644385461
connection,3,0.5454488664292009,0.2095439371312161,0.38137244883440075,0.8411976020487937
parts,80,0.5453458716415973,0.08289653454894819,0.3717454451975583,0.7887906172293916
advised,2,0.544988779971673,0.22953906289837364,0.31544971707329944,0.7745278428700467
viewing,2,0.5448480787685385,0.05291610290534296,0.49193197586319554,0.5977641816738815
towards,596,0.5447056331669544,0.09401895494297328,0.246935677431194,0.8300033026020561
finish,4,0.5446039224592277,0.11507114367788118,0.39546644117341745,0.687472543447398
revisit,1,0.5443333971840779,0.0,0.5443333971840779,0.5443333971840779
convenience,1,0.5441812063972521,0.0,0.5441812063972521,0.5441812063972521
inconsistencies,9,0.5439116817100379,0.07209568169182735,0.4416956040240254,0.6433810175110437
freely,4,0.5436837537489463,0.0825122940032731,0.42796222456124017,0.6457546978270661
It,103,0.5436102072691132,0.1299191820156565,0.3057523411198342,0.9511899399909161
clarified,2,0.5435315327523947,0.019040936060390368,0.5244905966920044,0.5625724688127851
outnumber,1,0.5433839043129839,0.0,0.5433839043129839,0.5433839043129839
one,601,0.5431451552159212,0.15329644235186593,0.17661842199440456,0.8908495098606967
needing,3,0.5430220139640162,0.1304624269734174,0.4351075829114782,0.72658063363255
Vent,70,0.5429938649670618,0.08136098714914865,0.3765902317944222,0.7864116272525076
plans,75,0.5427884268318869,0.1120593798985697,0.3224577004820052,0.886420258039579
need,469,0.5427377239986648,0.14229819778794803,0.17679415490973857,0.9038532216569151
beyond,1,0.5427213273227438,0.0,0.5427213273227438,0.5427213273227438
enough,18,0.5425355251603043,0.08446861963729403,0.3407041214938318,0.6815273502189475
Wiring,1801,0.5425268236744119,0.10451059823892091,0.1419863728083339,0.9615707628324097
for,1254,0.542323253677985,0.16236882207988967,0.13269502142870235,0.9698206635572084
Cond,1694,0.5420545534086108,0.001160995901349871,0.530164969026703,0.5421679225087959
because,102,0.5420079833291649,0.13083095620360596,0.17570368093104524,0.9090992292156685
identity,155,0.5418815351374706,0.08563446413215607,0.35541331648324664,0.795657081267579
substantial,5,0.5418634225015941,0.04601048618025394,0.4896930758430924,0.6073243575300339
easy,6,0.5417676940033456,0.14782726085361572,0.3563918124578842,0.7645315215906499
priorit,9,0.5414474418836528,0.09929253564535497,0.4108092117374092,0.7961287999381781
will,582,0.5408548193353758,0.14776984556501202,0.229746799851199,0.9415008686317172
possibility,56,0.5404944394679366,0.07889568318586249,0.3588954124875591,0.6997456318440607
especially,139,0.5404666425393286,0.10807943445343411,0.30841678371027703,0.9422935330510357
doesn,65,0.5402690377227343,0.10352456244084397,0.2834369475040067,0.7387082078294347
locations,412,0.5398849871547066,0.11777296638085186,0.17737004079214894,0.7859018910801864
much,27,0.5397773511768071,0.14741950584284244,0.29454258584953286,0.8275387655822567
individual,1,0.5394851641092269,0.0,0.5394851641092269,0.5394851641092269
behave,5,0.5393442294011139,0.09932242240172659,0.3831018524552845,0.6381315494944805
wanted,1,0.5392225668979974,0.0,0.5392225668979974,0.5392225668979974
likely,131,0.5390710270744234,0.0848817502204368,0.2839642077190653,0.8876299319790709
plan,65,0.5389513048793751,0.20665770066566488,0.2004378649368618,0.9162787280115638
rooms,228,0.5388661656364894,0.08654931250672818,0.2425286960657745,0.7273771810140988
indicate,31,0.5387965265930573,0.11109673152352041,0.32388319426312745,0.7775162568594941
Imp,1683,0.5384773846022083,0.11037916785115354,0.149699462683084,0.9334638940390507
going,47,0.5378406053559589,0.1330150192856181,0.15353560136738337,0.8254642166504559
outside,1,0.5378061106224762,0.0,0.5378061106224762,0.5378061106224762
bring,41,0.537520296260125,0.12224810540195098,0.3654209125794451,0.88388218358526
point,171,0.5369986721298019,0.1297483375533902,0.1913393609691061,0.7638287971800095
-term,1,0.5369326556709348,0.0,0.5369326556709348,0.5369326556709348
circumstances,2,0.5366770184649622,0.03431876542339718,0.502358253041565,0.5709957838883594
pressing,1,0.5361630081909093,0.0,0.5361630081909093,0.5361630081909093
reluctance,1,0.5361544947686369,0.0,0.5361544947686369,0.5361544947686369
observ,3,0.5359313546565772,0.05390278742684747,0.46007923871435114,0.5804230899645064
.,13387,0.5358243348471264,0.16467746785331758,0.0681284737625029,0.9973824986505887
jump,3,0.5356444693907493,0.09978648750649435,0.44334871563256284,0.6742430629354357
become,2,0.5355232925289877,0.13957570196377236,0.3959475905652153,0.67509899449276
adjacent,1,0.535508081910501,0.0,0.535508081910501,0.535508081910501
manage,4,0.5348032589055778,0.2453022640540208,0.12647432635758174,0.7814907613612494
target,90,0.5347651219930745,0.10062221025825631,0.28390875708044755,0.7599174241033875
Output,202,0.5346459643717372,0.1004536712422151,0.14706241100406842,0.8390944621360408
aware,28,0.5346270479406551,0.1534870730167358,0.20420944404112013,0.8214689252048101
reass,13,0.5346131759027668,0.07989119044656103,0.40188524379550716,0.6483337041007488
aim,9,0.5343000959042848,0.0925338904784361,0.38745819062301584,0.6611369499645546
targets,19,0.5341572055392304,0.07630728802581437,0.378494738497912,0.6999550720148026
transit,1,0.5341322794719825,0.0,0.5341322794719825,0.5341322794719825
self,7,0.5340000292621625,0.08182756266124698,0.4394881132365671,0.6995683350591075
eliminated,1,0.5328652810621826,0.0,0.5328652810621826,0.5328652810621826
prioritize,361,0.5327604204260356,0.09757549473837031,0.2274119800772569,0.8035177718181199
cal,3,0.5326824044925932,0.08666499973167613,0.4419581605504831,0.6494102531017657
parity,1,0.5326581529332503,0.0,0.5326581529332503,0.5326581529332503
respectively,33,0.5326527620909953,0.13057543650409442,0.26581582146852495,0.7699183377141597
assignment,4,0.5325614696527994,0.1500189362649202,0.3014836686589295,0.7178368160886237
becomes,3,0.5322379430158497,0.16935722275182008,0.40665452469501273,0.7716490370960857
accidentally,2,0.531358953185633,0.007333907612773638,0.5240250455728593,0.5386928607984066
seeing,2,0.5311305542501977,0.04829652460064071,0.482834029649557,0.5794270788508384
discovered,20,0.530653183670296,0.06402671876412241,0.3788473225594316,0.6642657701586734
between,23,0.5303583119449041,0.14160504673653843,0.31001604509157343,0.8730158213207214
witnessing,7,0.5302089646849504,0.061509292410383026,0.4638200348671194,0.6394112057645153
Cal,62,0.5298660310151684,0.15109897783493617,0.16706664394821652,0.7755165554868928
49,1,0.5298340622015877,0.0,0.5298340622015877,0.5298340622015877
order,9,0.5297907341811517,0.13782538916681017,0.2755646161498868,0.6866940587053678
isol,22,0.5296638510177512,0.09082582109853571,0.3752217369027555,0.7381246295124216
uncover,4,0.5294401371274567,0.10600606256392324,0.37924775167541613,0.6774536988336624
seems,634,0.5293816408896074,0.18655373882813514,0.05093579086714592,0.9908548095756727
mobility,1,0.5290865404547551,0.0,0.5290865404547551,0.5290865404547551
via,22,0.5288885042872955,0.10163782175988949,0.36764785342430994,0.7419930474934552
conven,2,0.5283139888711903,0.002142752562103778,0.5261712363090865,0.530456741433294
encourage,6,0.5281989334029366,0.12081972104142669,0.28114670032500333,0.6498168051311012
memory,3,0.5277869508964036,0.09784876059455236,0.4506144751442221,0.6658461834220184
due,30,0.5275689295878269,0.11730649497515731,0.36065832023479905,0.8630702883861656
finishing,6,0.5274157930772944,0.09739808693957905,0.4211091461224401,0.6605713034074614
listening,4,0.5272091795773644,0.20488897457039312,0.21687138703410402,0.7785274295636947
step,582,0.5270090433893931,0.10631406108720759,0.26300552909276886,0.868704381764083
performed,3,0.5269555869103136,0.07940558612240692,0.4157611546861766,0.5961439524560513
may,61,0.5265566271486254,0.13021848376401737,0.2777056544004348,0.7986097553964614
complications,1,0.5264555926296859,0.0,0.5264555926296859,0.5264555926296859
gain,64,0.5263834112938692,0.1549663591502088,0.26640752672502566,0.8250827826921201
unnecessary,25,0.5258458461157594,0.13275243012554036,0.2830981975745652,0.7507660892003187
overlapping,1,0.5258109371025395,0.0,0.5258109371025395,0.5258109371025395
weighed,1,0.525762059563478,0.0,0.525762059563478,0.525762059563478
sees,2,0.5257023714153027,0.03019326185095131,0.4955091095643514,0.555895633266254
monitor,32,0.5252318184063447,0.08448788509976321,0.37753225475859925,0.7315533134712419
revelation,1,0.5249360559507898,0.0,0.5249360559507898,0.5249360559507898
investigation,2,0.5247757045596015,0.005077649278474039,0.5196980552811276,0.5298533538380756
wiring,82,0.5246521738864242,0.06019044347327096,0.3673055285920811,0.6544928619670606
surveillance,5,0.5244990555345279,0.042113524510446865,0.49416396988151884,0.6076129685781928
Observation,2,0.5244841198549404,0.04369485938397391,0.48078926047096643,0.5681789792389143
Navigation,758,0.5244663213797515,0.1291119876681834,0.2039449217478022,0.8805072141571466
attempt,29,0.5241631903417209,0.1149938836725389,0.3831924928984476,0.8715929123368021
Elect,37,0.5241287068564447,0.1016336637020736,0.27947744644391403,0.6941698689572328
).,124,0.5235716050699529,0.1603208800358116,0.17642072971557396,0.8471528017090102
O,372,0.5235596829764908,0.12488340915685575,0.1286127884810026,0.8126058665416125
team,41,0.5232303156301119,0.11609364122640212,0.3109540529087787,0.7293566112261208
VIEW,7,0.5229544251740553,0.07976757678820304,0.4303094744745225,0.6486112905065705
activities,169,0.5228343873289073,0.12407724725113696,0.310987643177566,0.9339712242752843
intend,1,0.5222115005658561,0.0,0.5222115005658561,0.5222115005658561
safer,48,0.5220158222216759,0.13242693152370785,0.2348265424973027,0.8613205971783061
possible,78,0.5210702509790743,0.15156411244817175,0.22360788638725565,0.8811846284633613
trap,1,0.520886963285069,0.0,0.520886963285069,0.520886963285069
")""",1,0.5207943092025048,0.0,0.5207943092025048,0.5207943092025048
noting,2,0.5206433447781376,0.028012727661543363,0.4926306171165942,0.548656072439681
reasonable,31,0.5204511400884061,0.09923047903361243,0.33451454387866114,0.7305984808392143
special,6,0.5202416456767723,0.055082956342690725,0.4278011871165131,0.5904687512015726
potentially,1007,0.5201799591883682,0.12332966453912511,0.20128655085617758,0.8747140485190492
kills,47,0.5200206823145531,0.05358899227645413,0.2777058458247539,0.6210242614049742
initiate,3,0.5196507895137419,0.07442112729473177,0.46468003704454874,0.6248627285274555
moves,31,0.5196109932561572,0.12409781510435196,0.2849001360125826,0.7478146607896937
",""",115,0.5194189569088086,0.12486021186437768,0.20924920015757648,0.8499770749514048
temporarily,2,0.519376651708211,0.02256620952591798,0.4968104421822931,0.541942861234129
Furthermore,2,0.5193674011111877,0.017997265215833558,0.5013701358953542,0.5373646663270213
ushed,1,0.5192210685415646,0.0,0.5192210685415646,0.5192210685415646
],5082,0.5190919154779506,0.05583350490675971,0.3466226012673304,0.7327754720620514
wise,35,0.5185536373425993,0.08554529505724792,0.3159764185152871,0.745382045665317
movements,411,0.5185487576576278,0.10850153762960515,0.23611706261012463,0.805231370035295
suggestions,6,0.5184705258535035,0.13202978510397195,0.3226167941213416,0.752881355369087
notices,1,0.5183698813201765,0.0,0.5183698813201765,0.5183698813201765
as,1173,0.5182108445826037,0.16062606846949395,0.11553655904464942,0.9464943020398505
go,48,0.5180796290568832,0.1272765709288184,0.32208216786725546,0.8462803263970725
involves,26,0.5179992745861315,0.10357655527175809,0.3311271239777032,0.7667688161954259
reactor,3,0.5174522832594938,0.007547688327780011,0.5096832568227516,0.5276758082154199
""",",21,0.517445978333624,0.14983583782105944,0.20487995035350098,0.8121571740903608
used,19,0.5173879172836522,0.16417407900616665,0.28318573102204203,0.8051371342618286
situation,137,0.5172759878538384,0.12068432901348126,0.2352612351607705,0.8627868671757962
traffic,1,0.5170940965861434,0.0,0.5170940965861434,0.5170940965861434
This,494,0.5161235843541633,0.09151639158752552,0.25770337202205035,0.9276160823762342
aggressively,2,0.5155533435187223,0.058487238250836404,0.45706610526788594,0.5740405817695587
det,3,0.5154652378709866,0.08620651626471829,0.4114790926533472,0.6225718874988196
"(""",6,0.515264378344633,0.10957353513086199,0.2897661324649124,0.6088015092684302
ones,7,0.515247312402802,0.061993341893253166,0.36612735301976407,0.555440727358573
gauge,8,0.5149181750164306,0.14170839131552437,0.31321972395806846,0.7318464992853106
respective,18,0.5147208390307871,0.09532707133717702,0.32984141686036,0.6320020395473972
Lower,281,0.5146622476322051,0.12527027497689522,0.1332635695331484,0.7742568954448439
use,107,0.51463386226477,0.2185986835652979,0.1634533446229976,0.9158466533700453
suggests,13,0.5144493773891059,0.09619073613656806,0.3168351610384141,0.6470751204532423
committing,1,0.5143519578835433,0.0,0.5143519578835433,0.5143519578835433
environment,4,0.5141849136728581,0.09614685037734802,0.4073681427095966,0.669161964019599
ably,4,0.5140392275225303,0.04464370467800012,0.46412532819779023,0.5857974879787969
my,3458,0.5134900468124455,0.16033016106234432,0.11813521292728761,0.9882852543186272
izing,8,0.5130540340323655,0.03864448728177483,0.4490966591394433,0.5673181279836206
listen,1,0.5128840808418464,0.0,0.5128840808418464,0.5128840808418464
solo,32,0.5127699372377579,0.04070490358546839,0.43773614710481284,0.5949180388728867
Engine,1333,0.5124289561259259,0.1066699966804259,0.11575375340536226,0.8753339211658081
connected,54,0.5123827420032726,0.06834775972033429,0.25213865989081863,0.7073965018854618
until,1,0.5122668206169606,0.0,0.5122668206169606,0.5122668206169606
explanations,1,0.5119177962389854,0.0,0.5119177962389854,0.5119177962389854
analyze,1,0.5113398954616687,0.0,0.5113398954616687,0.5113398954616687
killer,5,0.5111919208813491,0.03944012474649441,0.45693817512330603,0.5456192456251444
actively,2,0.5104805381284907,0.042584375723602574,0.4678961624048882,0.5530649138520933
importance,1,0.5102367572785512,0.0,0.5102367572785512,0.5102367572785512
which,960,0.5100820299991903,0.14548923833921312,0.14762429065928886,0.9510123370683321
specifically,7,0.509714882117087,0.138727489107942,0.3099382620730761,0.7394926007221491
React,236,0.5096700246981244,0.11753510033569643,0.12542949582033974,0.7414072595348049
reach,10,0.509568874090089,0.09797996215396629,0.3215994671729523,0.6649924945043496
transparency,4,0.5092748503516243,0.12421824755522796,0.43196133279418736,0.7242663626924092
Sw,2,0.5090044253080195,0.08295411650509316,0.42605030880292627,0.5919585418131126
completing,1019,0.5088752080337771,0.13244130232305065,0.11660373030376703,0.9610434442006973
located,350,0.5088524386379188,0.1180153770315128,0.2310406862329683,0.8510208201687751
place,21,0.5084567775969412,0.10819686066201382,0.2880713014318194,0.6618798303471036
enters,4,0.5082972913596865,0.057510310265800724,0.41298547060970403,0.56214849734183
none,1,0.5078622164162522,0.0,0.5078622164162522,0.5078622164162522
scan,3,0.5075859626417997,0.016411204727906206,0.4847225426263704,0.5224730278889113
positions,48,0.5069086406101264,0.12052983662669883,0.1316758832521688,0.7448350556879697
s,56,0.5068810371878236,0.11639228388058487,0.26752508271994874,0.94035445413806
implications,2,0.5066626322124226,0.08393814565907276,0.4227244865533498,0.5906007778714953
don,98,0.5058536180348365,0.10525867522544875,0.33971551305322495,0.7934102688144874
anywhere,1,0.505823209705435,0.0,0.505823209705435,0.505823209705435
grouping,1,0.5054880000329495,0.0,0.5054880000329495,0.5054880000329495
Empty,473,0.5054632753875189,0.10203778851358672,0.16838458079754018,0.9043926518773678
surprise,5,0.5053245126509346,0.1680236086514559,0.3155107506904946,0.8076721049376596
request,1,0.5052194379809395,0.0,0.5052194379809395,0.5052194379809395
element,2,0.5051658014587375,0.06153003076043265,0.4436357706983048,0.5666958322191701
number,81,0.5049809911679168,0.08410671192768282,0.3255312382984488,0.7504860894757568
areas,100,0.5048337713219101,0.1180174326009557,0.20699987428376543,0.8657461779575719
complete,1361,0.5047669012304162,0.11989038918760696,0.1608233663218265,0.9201182955203089
it,2342,0.5046056290737579,0.15597423307537558,0.11725114538107674,0.961353958516501
y,16,0.5044025654994266,0.11855573496806109,0.22709782790989422,0.6992581232123828
Gar,303,0.5042696648625197,0.1116836502124794,0.2276803019252587,0.7327820895568286
-oriented,1,0.5042391209435787,0.0,0.5042391209435787,0.5042391209435787
enable,1,0.5038305596064652,0.0,0.5038305596064652,0.5038305596064652
inquire,2,0.503821830680819,0.042152341950485145,0.4616694887303338,0.5459741726313041
separated,1,0.5037588330967142,0.0,0.5037588330967142,0.5037588330967142
action,199,0.5037424945635076,0.11644100045278982,0.2349956595881768,0.8984812905185602
stimulate,2,0.5036775468334793,0.11115037636103275,0.39252717047244656,0.6148279231945121
help,320,0.5028302236763053,0.1453062176783383,0.1589628342321081,0.8169079788716037
recorded,25,0.5028041285623241,0.01591240665769416,0.44918955732862603,0.5366286210928215
behavior,440,0.5026735741197185,0.11329695755865325,0.21471409996917373,0.8081243125548025
ensuring,2,0.5019987127946852,0.07606128368640713,0.42593742910827814,0.5780599964810924
themselves,8,0.5019948174327139,0.22405204705727164,0.16942234779446538,0.7420770627351008
gather,618,0.5019378324489051,0.08978161507712613,0.2685434368229204,0.8422523637270805
current,413,0.5018881701080617,0.1297373787180527,0.19417016219607228,0.7891858267567586
provides,28,0.5018405483541523,0.11811728593381114,0.2328954529668,0.671803646362638
success,3,0.5017977156452607,0.04056226251553292,0.4508247578659664,0.5500715570850412
task,4318,0.501615534630589,0.14857852732557045,0.11460473482982227,0.9507605829269274
yet,571,0.5011600006428604,0.08755938048318589,0.20847899382850654,0.8111578467880503
timestep,179,0.5008668239068396,0.05347567791850078,0.24908109451165425,0.675796615578702
building,1,0.5005938956825408,0.0,0.5005938956825408,0.5005938956825408
main,6,0.500489431363135,0.0977525496885628,0.284550119090108,0.5567013601313068
ations,5,0.5003924841975715,0.05006740512049157,0.4169828555037373,0.5732953624441045
urgent,6,0.5003603997332638,0.1488941196124992,0.2559226689566901,0.7005036950169233
hand,131,0.500265194353511,0.1271342387010036,0.24157726966124657,0.7955590250422262
So,4,0.4999088528394898,0.1009174454136659,0.3252407589641333,0.5636717280673962
imesteps,1,0.4998575555038405,0.0,0.4998575555038405,0.4998575555038405
evidence,103,0.49970924932022676,0.10056787061986898,0.24289234644127664,0.7945412524644924
Although,1,0.4994436006631752,0.0,0.4994436006631752,0.4994436006631752
interests,1,0.4993396092387568,0.0,0.4993396092387568,0.4993396092387568
accessing,2,0.49914404067993445,0.0380477913497603,0.4610962493301742,0.5371918320296948
leaving,28,0.4991172079374012,0.12403368431634561,0.25502074159227,0.7234563056728704
requiring,10,0.49878817778282086,0.07805792038490567,0.3459513570757944,0.6136198158222512
lower,2,0.4987065638225926,0.03154888822891297,0.46715767559367966,0.5302554520515056
before,141,0.4986872926497598,0.16921884321393227,0.16824505141711935,0.9443758798398977
both,141,0.49860407166349296,0.15226455264489588,0.21098689376763885,0.8416771718713352
couple,1,0.49775975239901943,0.0,0.49775975239901943,0.49775975239901943
observation,51,0.49765005578014515,0.10067383651851293,0.27835186368084386,0.7152353156670248
changes,2,0.49749230915441345,0.009240804001529018,0.48825150515288446,0.5067331131559425
easily,7,0.49726092128555754,0.15111878459288466,0.3596765900667764,0.8032875438805597
-efficient,1,0.49721594489147075,0.0,0.49721594489147075,0.49721594489147075
actions,1473,0.4970698116660828,0.10332979404222024,0.20808949307925234,0.9441671022574671
ellow,3,0.4961820302463018,0.04688870893801855,0.43752936814293863,0.5522987599503525
leading,9,0.49588921897863586,0.15041198913687856,0.24754025729393556,0.6806259789236289
distribution,8,0.49578565412965486,0.0285561366446427,0.439104996881396,0.5495945000050021
stumble,1,0.49562406846875745,0.0,0.49562406846875745,0.49562406846875745
downloading,1,0.4955138713276095,0.0,0.4955138713276095,0.4955138713276095
Comple,252,0.4946649441239414,0.08937209731821448,0.27610857207312756,0.8081970832328973
starts,1,0.49422801492829704,0.0,0.49422801492829704,0.49422801492829704
terms,14,0.49375945977803337,0.059350153856632594,0.41927161073280417,0.623713288254115
assess,15,0.49353451690745637,0.10458445866489807,0.2943276952310708,0.6622949746254664
warrant,5,0.49342754897907504,0.02310889758768475,0.4666358752138505,0.5335116680686951
state,44,0.4932487696214994,0.07064050036029762,0.3317903065034078,0.569840471821764
Weapons,1108,0.49324654810859087,0.11398421705666796,0.11104583502644548,0.8705201343300634
opportunity,518,0.4931932766379273,0.12830970573469505,0.14624183053703463,0.8185264143463955
course,52,0.4930426639063899,0.0841474779210166,0.35843903985102393,0.7413977686439701
moment,53,0.49285198330271907,0.13384381545014973,0.22123256566062355,0.9333480217283487
Scan,71,0.49247495618288323,0.10096668618390264,0.31723508773252296,0.7550427213949551
unknown,5,0.49243181621671867,0.1262740521402286,0.34827817897916513,0.6579448308001342
intention,3,0.4923846829244478,0.04212308517038036,0.4514918574561536,0.5503459470553604
ors,587,0.4915972371173027,0.08025786059581157,0.1825227305507425,0.7021664301105686
accidental,6,0.4911965809057315,0.043014320994896486,0.42990382020285195,0.5729700677510369
Additionally,663,0.49090244007489764,0.0931527817625781,0.23203124882832823,0.9459631961669829
ifying,1,0.4905973727045387,0.0,0.4905973727045387,0.4905973727045387
straightforward,20,0.49017117227070794,0.0980248061119503,0.3254468140035876,0.6169726771046786
vigilant,12,0.490056615631341,0.09546681623194185,0.3463996816066087,0.6423174299764443
tactic,3,0.4899104100936034,0.0744186814348851,0.39481958044753956,0.5765136129707202
allies,5,0.48920285287094945,0.04219894776941065,0.4443307181506677,0.5451501319901726
effectively,16,0.48916809506934783,0.11304761652783751,0.3187019859253559,0.7700145818825846
familiar,3,0.48912525858906203,0.0702244446004254,0.4068871249127652,0.5784612929411155
piece,6,0.4886555940418141,0.04686716111488198,0.42029219207858837,0.5534547050799722
divide,1,0.48862367679343527,0.0,0.48862367679343527,0.48862367679343527
clearly,1,0.48848234440058225,0.0,0.48848234440058225,0.48848234440058225
force,2,0.4882067408907375,0.01149098973359497,0.47671575115714254,0.4996977306243325
centrally,2,0.4879932016693028,0.022035633705497076,0.4659575679638058,0.5100288353747999
priority,346,0.4879619709987248,0.08797780514441896,0.16907242731467473,0.7487481346661762
-up,1,0.48791060091952937,0.0,0.48791060091952937,0.48791060091952937
particular,1,0.487840519465168,0.0,0.487840519465168,0.487840519465168
ug,1,0.4877173715389303,0.0,0.4877173715389303,0.4877173715389303
specify,2,0.4873512322303669,0.12659283828016452,0.3607583939502024,0.6139440705105315
level,13,0.48727837090514814,0.0748138639144473,0.36339269548078396,0.6466253313266482
achievable,1,0.4871382821701546,0.0,0.4871382821701546,0.4871382821701546
danger,23,0.48689388307756426,0.08877806556704461,0.31655755328960894,0.6962735754275815
trapped,2,0.4867850191532658,0.0391376939751841,0.44764732517808165,0.5259227131284498
ground,5,0.4863899866712706,0.0729761572481962,0.41251767234546494,0.6228126064930489
busy,2,0.48632764300579295,0.23402263710205934,0.2523050059037336,0.7203502801078523
paths,200,0.48617260236922755,0.08553586085729253,0.22166899150253178,0.6966871267366607
bage,303,0.48602127409095647,0.10892185926475288,0.1772793151421588,0.9121144658914548
exhibit,3,0.48598342990547644,0.03922465970071045,0.4360086916791893,0.5318215795163703
case,10,0.4859157395323822,0.0969224658103498,0.3628041252725307,0.6780718554279566
give,260,0.4854191608984613,0.09042706460070492,0.2713289185914938,0.7055820693193098
engines,5,0.4853650793184502,0.1137369019620798,0.3514156034170019,0.6442049144385642
observations,619,0.48520629563658424,0.06957407757555403,0.2801817918273288,0.7760788898861195
common,228,0.4849060542716929,0.08970525593503625,0.2800573281341876,0.7591573915005098
close,49,0.4848843259792941,0.10614504346500803,0.30707310490974055,0.7422359065966372
arise,1,0.48470753347754475,0.0,0.48470753347754475,0.48470753347754475
falsely,1,0.4845891657418044,0.0,0.4845891657418044,0.4845891657418044
separation,2,0.4840046070601561,0.11069519616040518,0.3733094108997509,0.5946998032205613
first,895,0.48355223971530314,0.144295618458933,0.1643420975183055,0.8847323577286577
spending,1,0.4832735130126987,0.0,0.4832735130126987,0.4832735130126987
(s,1,0.48282902960609814,0.0,0.48282902960609814,0.48282902960609814
information,1135,0.482520105290963,0.11027443712078898,0.1634494963726025,0.9218626524728762
rather,6,0.4823208357200375,0.22410148597778007,0.24530720026958244,0.9401155378329275
up,64,0.4818228262875322,0.1740334429947879,0.21522498907698448,0.9016940862964148
unclear,1,0.48176535785417995,0.0,0.48176535785417995,0.48176535785417995
stop,1,0.481042753364442,0.0,0.481042753364442,0.481042753364442
provide,539,0.48100984422696375,0.13673461533004644,0.1798650430646625,0.9779403599122892
path,468,0.4800377812573083,0.1059309954081806,0.17396744914005316,0.7987916232831123
Firstly,1,0.47985366128203794,0.0,0.47985366128203794,0.47985366128203794
opport,8,0.4797189042264951,0.09543450062334365,0.3137663092193757,0.5899530065660463
choosing,7,0.47929085544100014,0.08902080093429818,0.35459584643079534,0.6214823097348844
sequences,5,0.47924128746142924,0.08891713391847497,0.35892493612728565,0.5985172747565309
layer,1,0.4791984529527162,0.0,0.4791984529527162,0.4791984529527162
subsequent,2,0.4791982781034161,0.23998531711164653,0.23921296099176953,0.7191835952150626
rical,37,0.4786405654579821,0.09303389783068393,0.24371427217039054,0.7392227683687237
pairs,2,0.4782893040513895,0.2077355299766616,0.27055377407472786,0.686024834028051
ambush,10,0.47824741589387604,0.11882726216569528,0.29801740513894615,0.6796935894955628
Engines,238,0.4782308275623388,0.11889654676340186,0.09027532590232329,0.7247886271467421
follows,13,0.47789429659910315,0.09561922870674781,0.37725458809462425,0.6519344897303267
planned,20,0.47772908476163434,0.11218599868718669,0.2961918575253173,0.7168340595831775
phase,424,0.47767502910578113,0.10212217563618793,0.2009016916251665,0.7488821614870481
part,50,0.47706470614235014,0.07589983592541476,0.3154423266955582,0.6744761608178699
Aster,109,0.476898997203814,0.08511796991034809,0.32375044373317263,0.7880431749402614
whereabouts,10,0.476884038579132,0.15515176379648227,0.27686631316004234,0.7374663424533544
-like,1,0.4766688359085413,0.0,0.4766688359085413,0.4766688359085413
does,131,0.47634248876949004,0.12379723981738756,0.1724716409528048,0.8790228052861019
marked,1,0.4758008140721212,0.0,0.4758008140721212,0.4758008140721212
remained,1,0.4753062921663777,0.0,0.4753062921663777,0.4753062921663777
versatile,1,0.4747389206692354,0.0,0.4747389206692354,0.4747389206692354
viable,30,0.47462954782989736,0.08703783838920252,0.31796676721522593,0.6722385421116325
majority,7,0.4745624271548284,0.09151606951054096,0.3477970185477791,0.5995055690963371
only,113,0.47450889297358745,0.09511889583288007,0.1818237768135185,0.7811588363799691
monitoring,6,0.4739409916764909,0.11682150377293155,0.2700334237022333,0.6527009854990696
Upload,69,0.4729951178378128,0.11209141653436058,0.2869288388025999,0.734203498801155
each,96,0.4729534188690021,0.11607698109485054,0.2603754916018403,0.8506227058556375
backtrack,2,0.47277779112358836,0.024634413305540004,0.44814337781804836,0.49741220442912837
arous,124,0.47253383487729483,0.06202350157368798,0.341384927748447,0.6549539857125514
oids,109,0.4723788763527467,0.12203975625939646,0.11230950738626873,0.7891855888235505
lon,1,0.47185712601830065,0.0,0.47185712601830065,0.47185712601830065
outcome,1,0.4710493285807771,0.0,0.4710493285807771,0.4710493285807771
varying,1,0.47059053130998885,0.0,0.47059053130998885,0.47059053130998885
identification,1,0.47045093106214697,0.0,0.47045093106214697,0.47045093106214697
coordinate,40,0.470324492806345,0.13314738877511925,0.13529033352518924,0.6976707323074505
exhibits,1,0.4700089769163141,0.0,0.4700089769163141,0.4700089769163141
own,30,0.4695850554838925,0.1320190739710361,0.14524469515102326,0.7461040253144083
over,5,0.46897741511462254,0.1404926400223816,0.3027382972161322,0.6718945320370693
Memory,1694,0.468873320925518,0.002084161187495957,0.44752973971612764,0.4690768354066569
won,2,0.46794838914579406,0.031066288298944256,0.4368821008468498,0.4990146774447383
next,683,0.46776893734208314,0.10475988511874498,0.17347510719432466,0.8570373498538794
power,3,0.4675600906364988,0.0757579529416047,0.36042216612885875,0.5211290528903189
this,821,0.4675151787687971,0.17222807067521212,0.11537840738635133,0.8674921556869849
roles,8,0.4667425511962135,0.051195069613876855,0.4058125610325074,0.5581593041461972
dangers,1,0.46647849408616526,0.0,0.46647849408616526,0.46647849408616526
crucial,323,0.466413781564952,0.14515063819523982,0.14706037965207125,0.9021162612127099
congest,1,0.466214318975337,0.0,0.466214318975337,0.466214318975337
amount,39,0.46620148600274736,0.06519872868317689,0.3454768093749268,0.633145547671361
event,5,0.466199279139725,0.09215696666500178,0.3732950574526643,0.6266137035030056
threats,7,0.4659744958763987,0.10228922889953097,0.28054856219831525,0.6160935348906142
save,5,0.4659401268428295,0.08481476271385507,0.3172613036064958,0.5571359445268276
focusing,50,0.4657830330488036,0.08633007605538766,0.30783596766083404,0.6706268974996838
reveal,181,0.4651836125370143,0.07737730131086984,0.29822912529699663,0.7596027458027325
access,6,0.4651559029744699,0.05770422224248907,0.40440843150754435,0.5509842007148003
beneficial,273,0.4644724397108244,0.09468080412059705,0.10278505590080982,0.7297792911888381
keeps,22,0.46360046151606027,0.12456891290303426,0.27522666235046633,0.7943485763224194
initial,400,0.4635657571150659,0.11914048288283427,0.17098766714073846,0.8233498455353309
Fuel,238,0.4634046113045699,0.08745028820846626,0.21193324069079852,0.6828556189612065
specified,1,0.462996126586435,0.0,0.462996126586435,0.462996126586435
vent,304,0.4627244522470764,0.0847172504432548,0.15620997914882445,0.7771195912235367
potential,702,0.4624311996785372,0.10990786365037652,0.19989462025841542,0.7728443766448362
quickly,274,0.46243102609720416,0.09705250358204835,0.1236169584902067,0.8959419452525855
However,601,0.46233954670613064,0.06922917563508561,0.27331780159825864,0.96426860878127
early,211,0.4620407775588731,0.10710996251568926,0.21981708103497058,0.7229428937451845
nothing,1,0.46195587413037303,0.0,0.46195587413037303,0.46195587413037303
")"".",1,0.46177093871924657,0.0,0.46177093871924657,0.46177093871924657
central,38,0.4617542653986833,0.08890436298795183,0.23269385527846323,0.6171052466348049
goes,15,0.46135315575996333,0.05707559759430519,0.3737847611283772,0.5673704221442791
gathering,153,0.46115530211465117,0.09766682636863976,0.1887523971779462,0.71835044333807
accessed,4,0.4610075943115173,0.05487420531247217,0.39479453638398276,0.5457714666621678
serve,9,0.46059789010076696,0.08034591297466022,0.30112366786928435,0.5630447632828042
interaction,3,0.46033537674600966,0.1355655748938075,0.3406765745124023,0.6498889696330712
advantage,52,0.45983710029707575,0.1198406775766726,0.23489297342314236,0.8270452529630762
comp,2,0.4589986884407014,0.023047699693700407,0.435950988747001,0.4820463881344018
lack,5,0.4589414618970811,0.1267274207164635,0.3169247221837425,0.6883270591923811
feature,4,0.458766828176473,0.025759368814615508,0.43337915323755133,0.4932647531491211
disappearing,1,0.4585027254775438,0.0,0.4585027254775438,0.4585027254775438
proceeding,4,0.4584373446453508,0.03574683312866757,0.41620558379810635,0.49390043063103095
allow,380,0.4584013550437036,0.10582269364923544,0.18747593529618742,0.8001433749458109
escape,32,0.4583669657919692,0.13035594097170378,0.2479634707935272,0.8279582810434468
Electrical,1056,0.45836423576137475,0.10971815934201433,0.14342155556524722,0.8683075423255487
ers,1,0.4582299826696317,0.0,0.4582299826696317,0.4582299826696317
such,50,0.4581236130917265,0.1223658406067161,0.20769754775807736,0.6546706902929906
ensed,1694,0.4577585438967232,0.0015212399453835787,0.4576099976326295,0.4733373333435573
ITOR,7,0.45759448646040785,0.06748562844922423,0.33890424879413716,0.5781495974045624
mean,3,0.45747138875143717,0.04234589815487368,0.41158793914219277,0.5137416962559185
chute,2,0.4573547065734487,0.0,0.4573547065734487,0.4573547065734487
compromise,1,0.4573218160840693,0.0,0.4573218160840693,0.4573218160840693
lead,145,0.45725878820312904,0.10200161337530302,0.209542396056498,0.898682189458633
indicative,3,0.45704198498571835,0.13140229132201467,0.2755556722544621,0.5823811232773289
observing,91,0.4567740511033318,0.1252303377524614,0.2207464094749068,0.6912023015873202
signs,6,0.45592022474167115,0.10414642062418057,0.3127767398285407,0.5741710346353314
uring,5,0.45588130424506945,0.0989912422682066,0.31119357356750904,0.5967810120677293
pursue,3,0.4551721884756798,0.07768664703343012,0.3869292961403877,0.5638590651405102
eventually,13,0.45499108697774066,0.061451338444365323,0.35504372847323473,0.56155559642461
operate,1,0.454901459466796,0.0,0.454901459466796,0.454901459466796
slight,1,0.4544832858665211,0.0,0.4544832858665211,0.4544832858665211
navigate,5,0.4544450539961227,0.1227918173851329,0.271983472110558,0.6087559070862768
offering,2,0.4541715042599115,0.08232119030799998,0.37185031395191154,0.5364926945679115
-risk,8,0.45370806844449624,0.08087448843056963,0.3605887448173986,0.6194772196544887
hiding,4,0.4535738377523141,0.10125434349476999,0.2927529845290172,0.5728591533527445
suspects,4,0.4535704528497449,0.1534697025137161,0.3097689585865226,0.7058479478200945
chance,45,0.45349332906932605,0.14994768469262487,0.1728831426363528,0.7591609159696342
deciding,24,0.4533820781402629,0.10281783116618903,0.2820425825033006,0.7923775943406165
minutes,1,0.45303970346174655,0.0,0.45303970346174655,0.45303970346174655
antage,1,0.45281041407209505,0.0,0.45281041407209505,0.45281041407209505
resource,1,0.45274264790365887,0.0,0.45274264790365887,0.45274264790365887
required,6,0.4515807126541625,0.09104496279937481,0.3441714642676556,0.6001679758214105
wait,30,0.4514747861724777,0.1165928240263793,0.22926782528985165,0.6745277913292812
meaning,3,0.4512017492314952,0.017131723378615838,0.42698206499498476,0.46385848301627536
free,9,0.45113695290738626,0.05941425895359394,0.3356122016381918,0.5342490303932369
movement,174,0.45104305731673294,0.15544568425988076,0.18974349194004655,0.841068556955767
degree,2,0.4502515413989553,0.07175200579442464,0.37849953560453065,0.5220035471933799
relocation,1,0.4500094457514142,0.0,0.4500094457514142,0.4500094457514142
align,78,0.44928916952590997,0.07196474755139651,0.19590533715301583,0.5980912191166576
premature,55,0.4487916593941148,0.11212591181377878,0.16954497426066328,0.6360658024265929
Shields,136,0.4486974883406633,0.10758623078826651,0.23615120601141001,0.7515259096596785
progression,8,0.4486914222551456,0.06475991977224713,0.3252955302423269,0.5244543335574149
catching,1,0.4483654743942013,0.0,0.4483654743942013,0.4483654743942013
critical,12,0.44821954008791054,0.15741918868134067,0.25912114540131487,0.8047812724767655
camera,1,0.4478929125260355,0.0,0.4478929125260355,0.4478929125260355
result,9,0.44779987662894855,0.03992792768316588,0.37443132535622936,0.49845312126661
visible,2,0.44751730190853667,0.04539885170210575,0.40211845020643094,0.49291615361064245
overlaps,3,0.4474173577336708,0.07712673272151892,0.37120840306293595,0.5531010165633441
solely,2,0.4472398330139701,0.02466973089012936,0.4225701021238407,0.47190956390409944
stage,115,0.44713395131400324,0.11744280419539142,0.19220916159885737,0.7295890442686626
mix,1,0.44710676852477615,0.0,0.44710676852477615,0.44710676852477615
Filter,62,0.44697508305783973,0.07918014296808863,0.2717640789948813,0.6947323890093761
ance,3,0.446829059829056,0.05933915676162383,0.3992612500641697,0.5304851693927997
ields,9,0.44668517261872004,0.0978367387943279,0.29331048490642914,0.617751629229703
relatively,95,0.44561417282922033,0.0987176463898802,0.28899274225726873,0.7747720992086597
initi,1,0.44534239934402325,0.0,0.44534239934402325,0.44534239934402325
commit,5,0.44532697302320584,0.10783126318961535,0.30533998203031626,0.5917028727600919
Storage,254,0.4449996515260977,0.10781233837511478,0.11753583254864355,0.7477685354932082
approach,84,0.4448661134686011,0.1014531847037848,0.20517899736610934,0.7560672728574751
unique,1,0.44471292919090766,0.0,0.44471292919090766,0.44471292919090766
involve,30,0.44426359932390513,0.18418749793122788,0.16531471897289196,0.8224463875518484
alert,7,0.4437462743284604,0.09461020995589742,0.32817232365215654,0.6362854683811395
et,23,0.443342997601829,0.04943664873649103,0.35426781008093455,0.5260504247479686
arou,13,0.4431560997973286,0.06677845558558593,0.3080272354560393,0.5560890224271108
wasting,5,0.44287805196421226,0.038162656942540056,0.3840124991457873,0.49411024403396475
collaborating,1,0.4422693756390845,0.0,0.4422693756390845,0.4422693756390845
able,17,0.44211009924624783,0.07729011552852012,0.3503613575215091,0.6984506560157526
primary,138,0.44210002199768855,0.1050537333798008,0.2298855771960744,0.8613178019237959
attacks,4,0.44207226956356127,0.08809902810542776,0.3029218245770845,0.5380240845540567
mentions,1,0.4415007999920153,0.0,0.4415007999920153,0.4415007999920153
""").",1,0.44101919292185676,0.0,0.44101919292185676,0.44101919292185676
active,3,0.4405432995195717,0.11845364678542816,0.3258232467735614,0.6036217338384731
appropriate,2,0.4404987250779172,0.20922440326717842,0.23127432181073876,0.6497231283450956
spots,2,0.4393811029195679,0.06610974603576883,0.37327135688379903,0.5054908489553367
Instead,52,0.4391448065359238,0.07322687826443992,0.29783920646435846,0.7309648642696199
missing,7,0.4387275940520616,0.033131781394937186,0.3905595596948442,0.47851073679021455
strategies,27,0.43856005387036884,0.1715386659967186,0.17805332404558125,0.8177007409578774
Process,1694,0.4379627293630791,0.04246303061257346,0.3191830879543437,0.6065465068849765
uced,1,0.4377889726520265,0.0,0.4377889726520265,0.4377889726520265
determining,1,0.43713017855033726,0.0,0.43713017855033726,0.43713017855033726
labeled,13,0.43706060992738965,0.076420378543689,0.2787662382997911,0.5576347411684639
utilize,13,0.4368809473209422,0.11209553139473268,0.2767303446883094,0.6181662804994769
thin,1,0.43660672227841896,0.0,0.43660672227841896,0.43660672227841896
saves,2,0.4364409591052365,0.003403207051293211,0.4330377520539433,0.4398441661565297
more,757,0.4362092455957258,0.15564333334462604,0.0925910543642598,0.9613605618126604
presents,7,0.43571788794028815,0.04266134878115217,0.3552546191124313,0.4847483364903327
minim,19,0.4355592755365311,0.08991984529460736,0.3056261430221877,0.6352479694580683
mistaken,1,0.43554256528293267,0.0,0.43554256528293267,0.43554256528293267
balanced,1,0.435508676293563,0.0,0.435508676293563,0.435508676293563
""".",24,0.435209367298923,0.14411788085573277,0.21803381398685487,0.8291506670715216
Moreover,4,0.43516185664484236,0.068769181250079,0.3680978360259929,0.5246422606893886
desired,1,0.4350143074243575,0.0,0.4350143074243575,0.4350143074243575
focus,215,0.43488547922981596,0.1537000742942611,0.11652662179065061,0.8803927958628402
setup,4,0.43478144377587113,0.06157505162907508,0.3816683252544562,0.5348990387713408
survival,4,0.43475760888136683,0.04784421404992055,0.401951799497457,0.5172997964508556
sensible,2,0.434520059084211,0.058152468382797445,0.37636759070141357,0.49267252746700846
layout,9,0.4339912105745856,0.07383515238826312,0.3317433490923743,0.5305117140189102
yield,1,0.4335018817868986,0.0,0.4335018817868986,0.4335018817868986
tasks,3956,0.4334229300966284,0.12900900168132504,0.11444764963644866,0.9198567292172424
units,1,0.4327550435706289,0.0,0.4327550435706289,0.4327550435706289
assist,5,0.432704699429069,0.13975006813457463,0.3010103192803422,0.6954241215304271
-s,1,0.43246891960084527,0.0,0.43246891960084527,0.43246891960084527
closest,82,0.43226068728480915,0.08659808583101196,0.2540724825450471,0.6079088343934029
somewhat,9,0.4317596359172773,0.03915176745925116,0.3612079989495703,0.4833504459256297
collaboration,6,0.4313060164986635,0.1516481107563598,0.3053751315616209,0.7425244487380144
inform,15,0.43121523867590655,0.07922186463317063,0.3651282300178313,0.6777755171498749
according,1,0.43119309112968307,0.0,0.43119309112968307,0.43119309112968307
difficult,13,0.43106106691359874,0.1628548285411838,0.141426373709846,0.6633524721277162
Communications,112,0.4304590911554124,0.09814256701779424,0.18889458890252936,0.8987137891803463
collectively,3,0.4295955328177767,0.07297964105733142,0.3698264183160398,0.5323483391696363
11,1,0.4294096406254482,0.0,0.4294096406254482,0.4294096406254482
undertaking,2,0.4287087038355748,0.07236443348740851,0.3563442703481663,0.5010731373229833
threat,5,0.42869683618900095,0.10525967362152512,0.2631576711592923,0.567489158795438
scouting,2,0.4286131829456837,0.005080263720762701,0.423532919224921,0.4336934466664464
stays,1,0.42830605512492614,0.0,0.42830605512492614,0.42830605512492614
down,2,0.4280341145805571,0.13294711567149448,0.29508699890906265,0.5609812302520516
serves,1,0.427430168867609,0.0,0.427430168867609,0.427430168867609
worry,1,0.42736670006770483,0.0,0.42736670006770483,0.42736670006770483
pressure,6,0.42715002426934756,0.07627266159347841,0.3168900924694021,0.5612899478818546
farther,3,0.4271176240705638,0.04591518920364009,0.36522131937799684,0.4750640851110317
quickest,8,0.42697054164190906,0.08950596886290774,0.3042521991664418,0.5495725788481601
characteristic,2,0.42686356214331633,0.011106225680022314,0.41575733646329405,0.4379697878233387
posed,2,0.42659540447227073,0.09423748385780506,0.3323579206144657,0.5208328883300758
providing,11,0.4265741667710035,0.19370079698434303,0.21120029530229187,0.9815282520826635
game,1086,0.4265325809185786,0.10202135967541005,0.16095904248861245,0.86805220825928
tie,1,0.4264679140980316,0.0,0.4264679140980316,0.4264679140980316
based,111,0.4263687017973283,0.12499583993678735,0.20272774419295309,0.729077493738814
efficiently,184,0.4263331104811027,0.11048677958824113,0.19039878543649563,0.8343461137064172
available,132,0.42631218378985725,0.12724072218502003,0.17357214854805866,0.7197369859417059
linear,3,0.4262179856835954,0.055300751705461726,0.3537218445521608,0.48787258788139565
unfold,1,0.4256306378884344,0.0,0.4256306378884344,0.4256306378884344
routes,16,0.42548562576556787,0.1348530107680221,0.24199538685990263,0.6383029286331647
long,79,0.42490104774452836,0.11847742686142909,0.19558111161760677,0.739383918329185
sense,133,0.42479597718865414,0.07395151138215653,0.24962758092592283,0.7064797996532589
end,1,0.42424343604700865,0.0,0.42424343604700865,0.42424343604700865
route,32,0.4238430520547243,0.16351634059341236,0.09439253302951067,0.7691980725416501
allowing,68,0.42376839424152035,0.11246069350654711,0.21075787922192718,0.713861745731814
brings,10,0.4230590847432298,0.04264974451788685,0.3473664744166124,0.4958165974556302
allows,344,0.42267129284319355,0.09541655124417213,0.18247593596744752,0.7586358841124012
actor,8,0.42240371422063583,0.05093460082702763,0.34264958391411987,0.5014077067476091
requires,121,0.42222571050974206,0.12229655379909239,0.16445942780782544,0.7677886571185318
sudden,1,0.42219305001854635,0.0,0.42219305001854635,0.42219305001854635
waiting,13,0.42203173815706346,0.11929362625928466,0.21886903866978943,0.6115320341817283
spreads,1,0.42180707356349306,0.0,0.42180707356349306,0.42180707356349306
trans,2,0.4217870937220274,0.11850640040186777,0.3032806933201596,0.5402934941238952
data,6,0.42123576964757264,0.07600929633764557,0.31862289114288234,0.524686288078715
processed,6,0.42069193213502815,0.025630149169898593,0.38444542757331207,0.43881518441588624
quick,25,0.42061929922736396,0.11157512718391795,0.2253631689446394,0.6095231536026664
gathers,1,0.4203971412935228,0.0,0.4203971412935228,0.4203971412935228
MON,7,0.41993570859940516,0.08102582431593028,0.296908623616541,0.5599567982048111
distract,3,0.4198784732495453,0.03778839664327485,0.3909914443495849,0.47325910434038426
takes,6,0.419725427682965,0.09091539147203997,0.292287114746313,0.566154424781182
justify,1,0.4192392776961646,0.0,0.4192392776961646,0.4192392776961646
miss,24,0.41900880745837804,0.08056724966493631,0.2754760010026399,0.6461895267856858
increased,2,0.4187550035179919,0.001378584928878629,0.4173764185891133,0.42013358844687054
lot,2,0.4183118653981498,0.03186077515837557,0.38645109023977425,0.4501726405565254
targeted,12,0.4180415806033387,0.053555229708980835,0.3118355660105299,0.5373951124172366
needed,23,0.41801681489627407,0.04696823541211258,0.3520759836726461,0.5199117528556401
detrimental,2,0.4178229927363961,0.08140398795063986,0.33641900478575626,0.49922698068703597
nature,1,0.4175473848748935,0.0,0.4175473848748935,0.4175473848748935
functionality,3,0.41741604344647243,0.036739313829023915,0.3659692314955951,0.4494311046897688
indicating,9,0.4170600471625898,0.17089505002377828,0.19000349263444774,0.6582975632382976
sequence,3,0.4170024149734084,0.02288126340038051,0.3874749073017784,0.44323015765354645
ideal,48,0.41632762367436077,0.11677287921696929,0.18366276624320152,0.6801355490471348
behaviors,114,0.41619673744190766,0.09421511833456069,0.1807491468678751,0.66819817338207
exposure,4,0.4161640062390383,0.07594175025273227,0.28701892616709146,0.48235072025587733
impact,6,0.4160714449112261,0.09666972698942465,0.20681947065974463,0.5072015211621517
insight,129,0.4160575133508459,0.09661850496501978,0.1663292657424668,0.6612002489190851
achieve,17,0.41602668966664597,0.06919379679322507,0.2884080032312636,0.5347512168358434
least,78,0.41549467224697323,0.165719634279526,0.16302080612011416,0.793664890472483
Still,1,0.4150564164051872,0.0,0.4150564164051872,0.4150564164051872
noticeable,2,0.4150272115314022,0.11370129561871711,0.3013259159126851,0.5287285071501193
risking,1,0.4148885763985211,0.0,0.4148885763985211,0.4148885763985211
Task,1,0.4144865836014313,0.0,0.4144865836014313,0.4144865836014313
contribute,86,0.4144239157638714,0.1955828850110108,0.20378329689644062,0.9334203056009793
relocated,1,0.41434961082142435,0.0,0.41434961082142435,0.41434961082142435
wis,1,0.414333641145198,0.0,0.414333641145198,0.414333641145198
Data,451,0.41420063431210935,0.11648025939024209,0.17820174493019633,0.8226340209587659
winning,90,0.41418415307991174,0.07634299191344239,0.22791825254589756,0.5744945366744109
than,44,0.41335407443066097,0.1628785754196158,0.16854318668743312,0.7576896165746044
map,24,0.41327063008460724,0.06180743875009474,0.3071968226349262,0.5110547200535338
most,402,0.41293602036901333,0.12757111255176296,0.12705808690780326,0.8965472991131821
additional,13,0.4128808202994672,0.05802034534482464,0.29476751306140125,0.5137601584530885
advantages,1,0.41207328772995105,0.0,0.41207328772995105,0.41207328772995105
Download,382,0.4119532514691508,0.0980983140201002,0.16779650378368746,0.7443312688242734
appearance,1,0.4119305237649659,0.0,0.4119305237649659,0.4119305237649659
enter,3,0.41191932332342346,0.03645489677101851,0.3604698934182629,0.44049997414781616
proximity,32,0.41127723793711113,0.07054764068242027,0.2627629589494327,0.6030581005419924
reaching,1,0.41083220258483943,0.0,0.41083220258483943,0.41083220258483943
influence,4,0.41037749002951013,0.07779497048022599,0.30885463640433103,0.5161167581910062
win,47,0.4099598573677778,0.0833372457889244,0.2841038194077698,0.6830621897331941
unintended,1,0.40991223841347446,0.0,0.40991223841347446,0.40991223841347446
steps,35,0.40957320473844194,0.1090898303198114,0.21851867872401817,0.7291594295499743
coordinating,9,0.4095194003748086,0.2116917231591129,0.10884414239666847,0.737410651862191
Action,1694,0.4094848652369935,0.03837896482635612,0.28961271361769675,0.5912903015840189
giving,13,0.4093122543650123,0.11528554595687791,0.25634959822287584,0.6544333261753185
features,2,0.40860710315221693,0.030955146228237473,0.37765195692397946,0.4395622493804544
efficiency,29,0.40849683014969024,0.06694990621992698,0.2793289061977831,0.549272113560342
fulfill,4,0.4082898706487726,0.030314928302502844,0.37661216695272676,0.45689391392837136
center,1,0.40817786614108464,0.0,0.40817786614108464,0.40817786614108464
gives,15,0.4075944325690288,0.06564569975006344,0.2802251115571417,0.4969787130596188
communication,1,0.40669384771599143,0.0,0.40669384771599143,0.40669384771599143
dangerous,5,0.40666169704261834,0.04996491812830848,0.31963275732948293,0.47373501336905416
risky,179,0.4054603231071642,0.10701923588297517,0.13114845893324067,0.6752741910240635
considerations,1,0.4048133673803449,0.0,0.4048133673803449,0.4048133673803449
desirable,1,0.40479976433268106,0.0,0.40479976433268106,0.40479976433268106
goal,501,0.4046107192385161,0.10004188225139458,0.19237805891712173,0.674009991522868
tracking,15,0.40456099347448043,0.04288691635691126,0.3421737340634765,0.4989113517476284
intel,1,0.40451924017787394,0.0,0.40451924017787394,0.40451924017787394
izes,26,0.40432849591105224,0.1319437613025393,0.22540350792864716,0.7466680294007757
es,1,0.4027503860440488,0.0,0.4027503860440488,0.4027503860440488
distance,22,0.40245034719140377,0.14985298911371128,0.25737703288877806,0.7729429654288428
needs,3,0.40226615775441,0.19737507398948162,0.1825726304617254,0.6612318179155933
avoids,1,0.4018631336627462,0.0,0.4018631336627462,0.4018631336627462
position,80,0.4012146726324139,0.12681930629452876,0.20290325058602868,0.7564786181568055
observe,444,0.40111366939612086,0.08904113012997827,0.1540173571665611,0.6498040034061506
status,3,0.40077571741200163,0.07558955626687999,0.3398166122270029,0.5073056621548306
advances,1,0.40054108211976763,0.0,0.40054108211976763,0.40054108211976763
inactive,1,0.39961324713284024,0.0,0.39961324713284024,0.39961324713284024
purpose,3,0.39931745634887766,0.061009473491969064,0.31311097697181745,0.4455135860629804
wasted,1,0.3990968951767333,0.0,0.3990968951767333,0.3990968951767333
tackle,1,0.3987623254665942,0.0,0.3987623254665942,0.3987623254665942
lowering,1,0.3985136037255127,0.0,0.3985136037255127,0.3985136037255127
leads,13,0.39824611526926285,0.13957853252736713,0.19330016152936838,0.6426269807412561
une,8,0.3981524716812921,0.08174375928084632,0.3006910503737,0.5474611402264759
accordingly,2,0.3961687225678162,0.06709494929909546,0.3290737732687207,0.46326367186691164
count,10,0.39585712199541584,0.08792837842014198,0.27507900241974187,0.5054257182825234
risk,274,0.39582688719759024,0.11142752217245859,0.14727275713950136,0.7357149236525802
stages,86,0.3957465834772306,0.1064928240911453,0.16075964407382987,0.6842164233096413
traveling,4,0.3957427802626226,0.07544827282441789,0.28832413000612767,0.484777182383096
distant,1,0.3954120431242576,0.0,0.3954120431242576,0.3954120431242576
increase,33,0.3953750348047386,0.12161491515442911,0.16064336990665823,0.7258116212703826
convenient,21,0.39503952164607015,0.128239337923709,0.20518640386234524,0.7938777606625543
licate,2,0.3947853580635543,0.07270295467331614,0.32208240339023814,0.4674883127368704
easiest,4,0.3947157083285139,0.031877003081370474,0.3501677247050466,0.433029779481691
collaborate,3,0.39446733327326194,0.23024299022405284,0.19877482771474034,0.7176934526603033
larger,1,0.39420460429013965,0.0,0.39420460429013965,0.39420460429013965
Communic,4,0.39399951748650774,0.04785935587699646,0.3235731868919096,0.4585011699971662
coordination,9,0.3939351392022228,0.1025984080965092,0.18841059446678696,0.5786561105388529
completely,2,0.3938266365357218,0.06581229498378974,0.3280143415519321,0.4596389315195116
ded,1,0.3937592030944474,0.0,0.3937592030944474,0.3937592030944474
learning,1,0.3937472126973511,0.0,0.3937472126973511,0.3937472126973511
Secondly,1,0.3936338410824561,0.0,0.3936338410824561,0.3936338410824561
promising,2,0.3925814689339172,0.07668631005159562,0.31589515888232156,0.4692677789855128
connects,5,0.3923281450571577,0.0890566962334792,0.2995651506240476,0.5104205727129573
risks,62,0.3921578791346468,0.1045671231718434,0.17799089016798322,0.6444539467084952
ahead,1,0.39206916188084445,0.0,0.39206916188084445,0.39206916188084445
require,238,0.39179283476173676,0.11379637099169757,0.13966154460148303,0.6672876807013277
prudent,22,0.39146773101292953,0.0873879226550836,0.2422600908379518,0.5252639624542464
helps,5,0.3910686691908342,0.08260743333673262,0.27043761532268124,0.4973257626424915
intermediate,1,0.3907991395434028,0.0,0.3907991395434028,0.3907991395434028
minimize,43,0.39051924501689533,0.11178847889650115,0.2215394007726381,0.7415996392780179
prime,2,0.39044721412665234,0.07096504998449754,0.3194821641421548,0.4614122641111499
""")",2,0.39036286679559473,0.09459270038381803,0.29577016641177667,0.48495556717941274
readily,24,0.3902243386399304,0.06567948136133002,0.21442234679293082,0.5054266492210521
priorities,3,0.3898572860607854,0.19646234407781332,0.24245861308464683,0.6675208408923639
maxim,6,0.3895721056261891,0.04320384424913277,0.33863314311434123,0.46144806602672045
hub,3,0.3895247342081806,0.08103988521758196,0.2751104022538516,0.4524951437774327
hide,1,0.3893831761038929,0.0,0.3893831761038929,0.3893831761038929
contributes,5,0.3887127233575346,0.024658721720426244,0.3426252162894789,0.4100591242016282
useful,46,0.38855587415719794,0.09597663601277528,0.21738761954922686,0.6412866711531907
victory,1,0.388448532949402,0.0,0.388448532949402,0.388448532949402
identify,181,0.38680115014282873,0.0979740964115626,0.2100955764944888,0.6794431514488558
hopes,1,0.3861254618136165,0.0,0.3861254618136165,0.3861254618136165
knowing,1,0.3856233142203997,0.0,0.3856233142203997,0.3856233142203997
clues,10,0.3852685649072512,0.08496689664519726,0.2853662921389379,0.5567406767278725
occur,1,0.3848551659045576,0.0,0.3848551659045576,0.3848551659045576
informed,8,0.38466624457699616,0.10459893981269545,0.24366434177698418,0.53793871419528
closer,162,0.3843946054385001,0.11694058502007378,0.17316648953085306,0.7695306618559244
list,32,0.38437550330715503,0.11753804198667826,0.16472038426140456,0.686684298276393
means,30,0.38407438789801474,0.11288975713061247,0.18341510773706826,0.5854190132661592
cautiously,1,0.3835026468043756,0.0,0.3835026468043756,0.3835026468043756
addressing,1,0.38313322835015207,0.0,0.38313322835015207,0.38313322835015207
assessment,1,0.38262110737516114,0.0,0.38262110737516114,0.38262110737516114
pace,2,0.3822253910985703,0.042232404824204484,0.3399929862743658,0.42445779592277477
opportunities,108,0.38172977030838345,0.1102235765563663,0.17909261209464375,0.6117939237164454
remaining,177,0.3812178338276025,0.1549514315350572,0.10651731623744325,0.7604918207268274
benefit,8,0.3811569290587815,0.13364240659252796,0.2488674036141404,0.6252748029954676
configuration,6,0.38099676868428317,0.06072792816963086,0.2520819363136228,0.43708881404911853
connections,6,0.3809936691477476,0.05514104058749193,0.30916110123032353,0.45222771578869086
Thus,2,0.38044230509887567,0.04734075290686213,0.33310155219201354,0.4277830580057378
anyway,3,0.3802350210268087,0.027362704680426776,0.3473259671470191,0.41431969376006555
indicator,2,0.37979182591093263,0.08869026369985664,0.29110156221107597,0.46848208961078924
strategically,6,0.37949496870263905,0.12105785548445085,0.19529481856803307,0.5367921078854864
finally,10,0.3792222094150163,0.08859430112006311,0.20148334774076443,0.48484105008522926
sabotage,76,0.37915892572409665,0.08455205861732383,0.23104718614379027,0.5900743475960487
escapes,4,0.3790743685412322,0.05730186582733137,0.30047854940912044,0.44747177641947794
form,1,0.37899772541309795,0.0,0.37899772541309795,0.37899772541309795
puts,5,0.3785995952513392,0.05225760680924573,0.3223331477539267,0.4509084370223982
gaining,13,0.37753738696192396,0.11057672736352567,0.2774598994395351,0.7244385276352143
categorized,1,0.37753325296710166,0.0,0.37753325296710166,0.37753325296710166
completion,126,0.37708577358345263,0.1525358085910967,0.16211311585215046,0.9151084302148664
achieved,1,0.3769940147731533,0.0,0.3769940147731533,0.3769940147731533
itself,1,0.37692981797148534,0.0,0.37692981797148534,0.37692981797148534
advantageous,6,0.37677489630073246,0.09321612783076048,0.2597802901138983,0.4877310828959478
advisable,1,0.37672099349405413,0.0,0.37672099349405413,0.37672099349405413
assessing,4,0.3759501797019213,0.07269349485787226,0.2546294305450132,0.44207211865912494
ability,15,0.37562562983804304,0.1443328624017171,0.19463370097941296,0.6516670533494272
value,3,0.37533911136526127,0.06563885865449831,0.3254033554948072,0.4680750117183855
expose,23,0.37514644272542497,0.07264026641648158,0.22992804404400716,0.5120049379946369
return,7,0.3741433034045811,0.07015294647068185,0.27331655244981795,0.4653649265913402
vents,70,0.3741347856039739,0.08105147864646074,0.08823061462133984,0.5803619817970399
prepared,9,0.37352145438571194,0.048250918569216525,0.274450851944307,0.4211805817755812
predictable,2,0.3732859933800503,0.01964904027797207,0.35363695310207827,0.3929350336580224
efficient,452,0.37281392867203345,0.06895497816769997,0.1581820199310958,0.5659742534119167
identifying,90,0.37064794338460094,0.10571062670116173,0.19096191423837022,0.6024558433817431
afterward,7,0.37050774216241295,0.1049646968146604,0.2279363565726066,0.5754446344991644
facilitate,1,0.36998212491617083,0.0,0.36998212491617083,0.36998212491617083
understanding,17,0.36984191707236036,0.09551413738851214,0.24613342467757907,0.5949404167783293
collective,1,0.3696574328662377,0.0,0.3696574328662377,0.3696574328662377
best,164,0.3685838518281757,0.1207244494133572,0.14796882903230404,0.6546606911264893
future,80,0.36851257555140426,0.09800445116426329,0.17839425911822931,0.6923868401694876
systems,2,0.36807419145694037,0.0027378346358993277,0.36533635682104104,0.3708120260928397
enhance,2,0.3667935502447415,0.0057949850938530945,0.36099856515088835,0.37258853533859454
short,116,0.36634343292737187,0.0892915677162273,0.1748919638027519,0.682133638278668
strategy,139,0.36584378242086935,0.10312658419958164,0.11964140667941939,0.6521599280353384
insights,40,0.3658323512442871,0.09775629852994949,0.18670205551935828,0.6222469455103901
overall,69,0.3648956073957842,0.08186351482900733,0.187994551183901,0.5268113526601886
ultimate,2,0.36449436538107305,0.13844450634871766,0.22604985903235536,0.5029388717297907
hinder,1,0.36434933547372134,0.0,0.36434933547372134,0.36434933547372134
branches,1,0.36400627225412074,0.0,0.36400627225412074,0.36400627225412074
time,288,0.36397657626430036,0.15045059000638422,0.13013660435988236,0.9074030459182557
travel,12,0.3637873857143949,0.059247535848616445,0.2889988575791165,0.4759093034529945
significantly,3,0.3634599453785407,0.14069079879351296,0.16472996167604714,0.47123008332846467
learn,3,0.36310987308150794,0.11196679717836139,0.22796784023892663,0.5021463967419659
increasing,13,0.3627269876357963,0.12406055950415823,0.24680399923001928,0.7534441962293914
navigating,5,0.3611993440356518,0.11506893332569132,0.22187845954729085,0.5322864716805066
system,19,0.36082045772648436,0.08710879848241752,0.24942245930104542,0.5510528518057751
perform,1,0.36027915044251424,0.0,0.36027915044251424,0.36027915044251424
delay,19,0.35951428960591353,0.15311963327964662,0.1799449514811814,0.8576022013162254
accessibility,3,0.35833650057166516,0.09182429776644253,0.2598113654495531,0.48085990898462255
reduce,128,0.3576085854823576,0.08702939094759432,0.198512501949291,0.7021177110704496
Cameras,5,0.3573828065495316,0.03102931563543067,0.30024491564535855,0.39306891376538267
complicated,1,0.35600593026985516,0.0,0.35600593026985516,0.35600593026985516
-connected,7,0.35591629787422174,0.04207935583796396,0.31389275342435663,0.42668737146721714
connecting,2,0.35576593192809863,0.021091153814596086,0.33467477811350255,0.3768570857426947
fewer,14,0.3553619271375618,0.12480039006341845,0.20872663297102434,0.627675700745997
progress,299,0.3552230991874415,0.10093285929077941,0.1761676427068792,0.7168171979768149
logical,235,0.3547432505455076,0.09054995462292834,0.12061299894195239,0.6681417627877437
-only,1,0.3541892257737399,0.0,0.3541892257737399,0.3541892257737399
cooperation,4,0.35387145347229015,0.08717049522049013,0.22750321451783956,0.43907808409010185
progressing,4,0.35310798455117476,0.09804873688367449,0.24348228681558284,0.505477911165384
helping,8,0.35282356249810587,0.17797596571984278,0.2188346539367308,0.8061904653679159
alternative,8,0.3527012814076018,0.08268748974804298,0.22284383888206322,0.5106818075432094
[,5082,0.35218660238320204,0.06169716022053192,0.22742426693419146,0.6159812994973397
left,14,0.3520334273033132,0.1562962620675343,0.23060692693898824,0.7661784728438414
objectives,28,0.35176289804144883,0.19761744786902175,0.09513681965624445,0.7816975998121881
effective,10,0.3509940561922991,0.11321013209346124,0.21051124381798642,0.5929825318440697
adjusting,1,0.3506804689137905,0.0,0.3506804689137905,0.3506804689137905
positioning,15,0.35046652221003033,0.07775368200331899,0.21504381391531766,0.5084214074905253
cause,28,0.34948072542945724,0.11372564410785374,0.18743230836200866,0.5739223336782185
likelihood,2,0.3494738651521049,0.005715955638145476,0.3437579095139594,0.35518982079025035
harm,18,0.3491583297492838,0.07974719077100922,0.2322854090049952,0.5019818786759608
downfall,1,0.3489271745175144,0.0,0.3489271745175144,0.3489271745175144
-making,7,0.3487399048163393,0.015656644801029303,0.3423481063419192,0.3870906956628602
strategic,144,0.34837700658647325,0.089648797310938,0.10366990183003585,0.5770447150159719
better,75,0.3482309623355413,0.08231355547232228,0.1452946113951168,0.5498403218616618
limited,1,0.34814256494717694,0.0,0.34814256494717694,0.34814256494717694
traverse,1,0.34630538087123314,0.0,0.34630538087123314,0.34630538087123314
bringing,13,0.34502619432272424,0.05912418372673085,0.2732574093792052,0.44277818956237774
maximizing,1,0.34473138141954984,0.0,0.34473138141954984,0.34473138141954984
spent,9,0.344474506395615,0.05711050854561022,0.2392383118434029,0.4085743028358206
open,7,0.3444426983572132,0.1823003038103265,0.14035673248417135,0.7329602560786541
patterns,2,0.3443576181105695,0.08091047234327348,0.263447145767296,0.42526809045384295
garbage,1,0.34380678569558737,0.0,0.34380678569558737,0.34380678569558737
-p,3,0.34273833276457116,0.08387715851747149,0.25234166707074274,0.4544528193264006
reducing,41,0.34096671567930414,0.12259332534648347,0.12193236077639663,0.67132327008349
harder,12,0.34070514263699087,0.08739348686186901,0.2484621438396061,0.48907669368301054
passing,1,0.33997853254710036,0.0,0.33997853254710036,0.33997853254710036
dynamics,1,0.33901187046823233,0.0,0.33901187046823233,0.33901187046823233
iate,1,0.3385881628962485,0.0,0.3385881628962485,0.3385881628962485
reference,2,0.33795777994318676,0.06934818245436303,0.26860959748882374,0.4073059623975498
thereby,2,0.3364348073391096,0.05318432807191975,0.2832504792671898,0.3896191354110293
ga,1,0.3361410460485264,0.0,0.3361410460485264,0.3361410460485264
gets,5,0.3360228179816912,0.0668232853694814,0.285108081461427,0.46457712361621883
occupied,3,0.3358136377686595,0.17089947427881252,0.18664360018660844,0.5750837207852816
tangible,2,0.3348794912973465,0.017938870498147907,0.3169406207991986,0.3528183617954944
benefits,49,0.3336356218009075,0.10328162594316855,0.1740827844166013,0.5766639829647021
behind,2,0.33324975212834196,0.03851983618413726,0.2947299159442047,0.37176958831247925
idle,1,0.3310290866672353,0.0,0.3310290866672353,0.3310290866672353
depending,1,0.33090424207346597,0.0,0.33090424207346597,0.33090424207346597
est,1,0.3308972024979567,0.0,0.3308972024979567,0.3308972024979567
stalking,1,0.33087191372081154,0.0,0.33087191372081154,0.33087191372081154
Therefore,52,0.3303125850352609,0.05270803918342236,0.23473678286189725,0.5437576403101639
usage,2,0.3302120175261149,0.015592370125213029,0.31461964740090187,0.3458043876513279
vulnerable,34,0.32959180567795626,0.0691969636966165,0.17258399141480876,0.4714196548148631
interruptions,1,0.3281340757162619,0.0,0.3281340757162619,0.3281340757162619
assignments,33,0.32773233571034704,0.10901834735311638,0.1376333132260972,0.5572782522790558
second,6,0.3268248893377992,0.08752948371381877,0.237760884200796,0.45887472398722273
progresses,11,0.3238902046083943,0.021985832836874178,0.2937626530986791,0.36910827058216356
quicker,26,0.32220149682206617,0.09609291152030827,0.1352316258439953,0.6548331819224036
poses,1,0.32141890073176016,0.0,0.32141890073176016,0.32141890073176016
objective,102,0.32118977472766685,0.13366024138273636,0.06884558298540629,0.607312275935512
waste,22,0.3208688941754048,0.049254853869169675,0.2052964376631932,0.4343459136531739
50,3,0.3197199112668491,0.10518003503768247,0.2218762292746399,0.4656686561424847
rushed,1,0.31882388658893634,0.0,0.31882388658893634,0.31882388658893634
flexible,1,0.31881622247996466,0.0,0.31881622247996466,0.31881622247996466
-path,1,0.31858810444352803,0.0,0.31858810444352803,0.31858810444352803
optim,1,0.31779547279854253,0.0,0.31779547279854253,0.31779547279854253
cameras,18,0.3170986919605828,0.0858955299404519,0.15196194149360653,0.48363175589415375
achieving,6,0.3158420770304149,0.062157602291983714,0.23980850494779443,0.4360350347339276
these,113,0.31449914158655035,0.14135692578796835,0.11016979793032265,0.839939685191405
adds,2,0.31430200058271573,0.008314212209170418,0.30598778837354534,0.3226162127918862
informative,1,0.31378096212251655,0.0,0.31378096212251655,0.31378096212251655
complexity,2,0.3136312426236449,0.1111169164781125,0.2025143261455324,0.4247481591017574
role,9,0.3134017656157338,0.15560417112888222,0.14208247428320175,0.55258883435918
preferable,1,0.31225870982209897,0.0,0.31225870982209897,0.31225870982209897
appealing,1,0.31125859274079254,0.0,0.31125859274079254,0.31125859274079254
contribution,2,0.31095661606268765,0.08090175720043472,0.2300548588622529,0.39185837326312234
slightly,1,0.3101261008135975,0.0,0.3101261008135975,0.3101261008135975
later,59,0.30805886996699255,0.1341623327904438,0.10522453556252453,0.7543877755517437
ality,1,0.30780900624391266,0.0,0.30780900624391266,0.30780900624391266
advance,1,0.3069388553543182,0.0,0.3069388553543182,0.3069388553543182
freedom,1,0.3068669095486387,0.0,0.3068669095486387,0.3068669095486387
shortest,72,0.30613197282151844,0.08684196852795259,0.12770697083139038,0.5046892803645643
updated,1,0.3051621319836499,0.0,0.3051621319836499,0.3051621319836499
fashion,1,0.30250363989355367,0.0,0.30250363989355367,0.30250363989355367
minimizing,8,0.3003010366752182,0.08207040418293801,0.1430368109436837,0.38677676733809657
afterwards,3,0.2993761424950215,0.03428587547111346,0.26030642230053447,0.3437796496840233
easier,25,0.2991763459240259,0.13295891651276426,0.1383673769495338,0.74601428784986
These,1,0.29896947975585014,0.0,0.29896947975585014,0.29896947975585014
faster,3,0.29855219585376686,0.03299514367912158,0.2622006873458064,0.3420645862598801
forward,1,0.2967878532281429,0.0,0.2967878532281429,0.2967878532281429
vital,1,0.29575301138344445,0.0,0.29575301138344445,0.29575301138344445
manner,1,0.2943806770185336,0.0,0.2943806770185336,0.2943806770185336
forth,1,0.2936355249298933,0.0,0.2936355249298933,0.2936355249298933
maximize,28,0.29181642764858123,0.07311513736422177,0.21117871263112264,0.5177683171152757
increases,8,0.2910602125624161,0.055171233723610935,0.21337906898852887,0.3693776506931408
resources,1,0.28647806131416137,0.0,0.28647806131416137,0.28647806131416137
track,2,0.2857766764730915,0.020752915056389598,0.2650237614167019,0.3065295915294811
partially,1,0.28485731977472833,0.0,0.28485731977472833,0.28485731977472833
prepare,3,0.28200793296245424,0.05095724945342892,0.2190602536941857,0.3438652247349297
valuable,88,0.2816462731726271,0.09850311798928293,0.14996545748257306,0.650751496716599
factor,2,0.2811883539604014,0.1398355480687818,0.14135280589161967,0.4210239020291832
bottleneck,4,0.28067296282260035,0.031765657815998154,0.22912847263559571,0.3140162352777194
workload,9,0.27901832190149134,0.03206889385907888,0.22324389686419538,0.3203558644632264
adjustments,1,0.27497295205036615,0.0,0.27497295205036615,0.27497295205036615
intelligence,1,0.2741834913242348,0.0,0.2741834913242348,0.2741834913242348
top,1,0.27398772788959214,0.0,0.27398772788959214,0.27398772788959214
productive,17,0.2712218451039948,0.10818659848046905,0.13038106073924619,0.484607794488789
freeing,4,0.2711433206155286,0.04168658274559802,0.20798682459259477,0.32180868588865796
third,12,0.270774547117809,0.09484728326690933,0.14612749507159925,0.5111927361100528
saving,6,0.2705986218033067,0.04199325639636277,0.19708359610960707,0.32942708231747314
compared,101,0.26814837036206957,0.1187825921873373,0.09150593738419902,0.5860764388797274
earliest,1,0.2676927851409938,0.0,0.2676927851409938,0.2676927851409938
distances,1,0.26727478452722614,0.0,0.26727478452722614,0.26727478452722614
longer,33,0.26702027366944986,0.13286520363320262,0.06576597126135865,0.6609980137782476
opens,1,0.2669959216386705,0.0,0.2669959216386705,0.2669959216386705
ess,14,0.26658647182568873,0.0947209323584813,0.15011204978290676,0.5495445938662656
lengths,5,0.26635302471776107,0.03860958302989673,0.22804121307799105,0.331131689833042
dealing,1,0.2661136231573441,0.0,0.2661136231573441,0.2661136231573441
reduces,25,0.26342506175674335,0.07442792358082742,0.17190866543120906,0.5027007856653809
exclusive,2,0.25991529378147316,0.022214726917594102,0.23770056686387908,0.2821300206990673
arrive,1,0.2592944211586562,0.0,0.2592944211586562,0.2592944211586562
evolving,1,0.2573620927375823,0.0,0.2573620927375823,0.2573620927375823
flexibility,16,0.2534645694081387,0.09754609146533459,0.0751379844371263,0.40237312624851956
delays,3,0.2524563337602953,0.06542094514356343,0.2060358063279096,0.3449753348036827
assistance,1,0.24795431831553022,0.0,0.24795431831553022,0.24795431831553022
clarity,1,0.24625762850693228,0.0,0.24625762850693228,0.24625762850693228
-sensitive,2,0.24577704324035754,0.03671565516898467,0.20906138807137287,0.2824926984093422
higher,2,0.24484169506315034,0.11184837403250146,0.1329933210306489,0.3566900690956518
sooner,7,0.2430792969767246,0.09129623068503051,0.13928733479483638,0.4006560202542238
versus,7,0.24208702562622728,0.05444176613123705,0.1665539659271931,0.3502697845703795
thus,2,0.2412908405655882,0.11414624519451527,0.12714459537107292,0.35543708576010347
limiting,3,0.240196472273409,0.062287638172708014,0.1774985285153004,0.32513042983017043
managing,3,0.24019034146802332,0.04152015586381335,0.18640558256874512,0.287485779439436
limit,4,0.23964270048584718,0.015265206476147484,0.22362654065876691,0.25518810071225817
prompt,1,0.23659931203646462,0.0,0.23659931203646462,0.23659931203646462
requirements,1,0.2362093739065378,0.0,0.2362093739065378,0.2362093739065378
chances,33,0.23563866075922535,0.07511754633286677,0.12446183205175937,0.45524264362139694
ant,3,0.2305077758352283,0.010276424496340945,0.2203225704920832,0.2445783261972238
inefficient,3,0.22930762113549608,0.014444963452712798,0.20921878174600828,0.2425636374289483
shorter,118,0.22587173066079563,0.060135622914769475,0.08962249475066315,0.48719799445386036
implying,5,0.22412702059922976,0.06167787729143267,0.1457382063162374,0.315087272500496
feasible,1,0.22298197150686724,0.0,0.22298197150686724,0.22298197150686724
length,2,0.2215422470206435,0.043972246981843474,0.17757000003880005,0.265514494002487
narrowing,1,0.22054147583368316,0.0,0.22054147583368316,0.22054147583368316
impacting,1,0.22053830969614333,0.0,0.22053830969614333,0.22053830969614333
difficulty,2,0.21920364912442664,0.02497328483981058,0.19423036428461604,0.2441769339642372
key,37,0.2191808237937038,0.11653086919895544,0.08016444391347934,0.4179135917257898
aid,3,0.2170533192046641,0.0431522665076719,0.16299486388279216,0.26860681470958664
unfinished,2,0.21600416250339038,0.015613647803626493,0.2003905146997639,0.2316178103070169
goals,6,0.2130551513262413,0.08374777134176511,0.0974892510500884,0.31141094748093406
navigation,2,0.21222544811474814,0.01271304022036164,0.19951240789438648,0.22493848833510977
duration,7,0.21065523113735699,0.04310814224758653,0.15987542228974586,0.2944657354277053
complex,1,0.20937868509550436,0.0,0.20937868509550436,0.20937868509550436
longest,1,0.20930386120018954,0.0,0.20930386120018954,0.20930386120018954
ier,3,0.1952363472374856,0.028420642191195496,0.1583490061307388,0.22750363538524518
-consuming,1,0.19494702592022306,0.0,0.19494702592022306,0.19494702592022306
pose,3,0.1940803273062368,0.03476594241334488,0.14652244349646856,0.22866167142009536
primarily,1,0.19127997380213688,0.0,0.19127997380213688,0.19127997380213688
optimizing,1,0.1898595156830641,0.0,0.1898595156830641,0.1898595156830641
whereas,1,0.1788581249052486,0.0,0.1788581249052486,0.1788581249052486
inevitable,1,0.1701446572996562,0.0,0.1701446572996562,0.1701446572996562
holding,1,0.14871256226845234,0.0,0.14871256226845234,0.14871256226845234
rely,1,0.11428842274694755,0.0,0.11428842274694755,0.11428842274694755
<|begin_of_text|>,1694,4.534042045373259e-25,1.8367099231598242e-40,4.534042045373261e-25,4.534042045373261e-25
