token,count,mean,std,min,max
none,1,0.45409653424512014,0.0,0.45409653424512014,0.45409653424512014
10,1,0.40025093790263194,0.0,0.40025093790263194,0.40025093790263194
third,12,0.37536106470942593,0.16456028875893575,0.1543463530789161,0.7717732842397155
VIEW,7,0.373515696939881,0.033339548734262495,0.33955941972545495,0.4337876216599392
minimal,3,0.36229336403067675,0.2873665392256817,0.021942842725222043,0.7247975975011958
reactor,3,0.35173060333160877,0.011586179394852935,0.3405064577762529,0.36768062788266576
specified,1,0.34680585958682597,0.0,0.34680585958682597,0.34680585958682597
wis,1,0.3355900576553136,0.0,0.3355900576553136,0.3355900576553136
checked,1,0.31569074741133335,0.0,0.31569074741133335,0.31569074741133335
Orange,2,0.31523394499647145,0.11600612501618768,0.19922781998028377,0.4312400700126591
finally,10,0.310453031047506,0.10581476927894405,0.1435857067411388,0.43628862934850776
BODY,1,0.3006561393160112,0.0,0.3006561393160112,0.3006561393160112
protect,1,0.3002660847129099,0.0,0.3002660847129099,0.3002660847129099
escapes,4,0.29693692538593,0.04891327113426105,0.243421023556305,0.37664230461571024
feature,4,0.2930261386565327,0.08050625884191219,0.2246258506595316,0.4301483971502314
starts,1,0.29179069259354906,0.0,0.29179069259354906,0.29179069259354906
end,1,0.28229532117182643,0.0,0.28229532117182643,0.28229532117182643
stays,1,0.28146984945087267,0.0,0.28146984945087267,0.28146984945087267
ging,1,0.2780426546155923,0.0,0.2780426546155923,0.2780426546155923
reference,2,0.2753901123188099,0.01244285942008877,0.2629472528987211,0.28783297173889866
rid,1,0.271358259902714,0.0,0.271358259902714,0.271358259902714
comp,2,0.26721316527608147,0.0731069133900884,0.19410625188599306,0.34032007866616987
interests,1,0.2664376337492204,0.0,0.2664376337492204,0.2664376337492204
instantly,1,0.2605872621888408,0.0,0.2605872621888408,0.2605872621888408
pect,96,0.26041900895882425,0.10263435633071964,0.04036173163649541,0.47729813666550996
necessary,58,0.2560315880040157,0.1052479031364944,0.03482769211351679,0.4546043754677949
wiring,82,0.25538993129695897,0.05819824782327833,0.1539449233049961,0.4544258413817959
lower,2,0.2526189739386663,0.18456698365111782,0.06805199028754849,0.4371859575897841
olds,30,0.2520729686890836,0.11598766964200177,0.07388523121206579,0.6301329268806626
responses,4,0.25195670384176044,0.05553901270015508,0.1844753465759752,0.3149156772511543
-connected,7,0.2494253242906256,0.042139027504402085,0.16598451230246997,0.31634930575408743
correctly,5,0.24925756360778134,0.10125924232204714,0.12431357171704115,0.3859824932861391
Wiring,1801,0.24186751323358358,0.09456199164878235,0.012032255541950898,0.7517587989556924
chute,2,0.24175277923461244,0.0,0.24175277923461244,0.24175277923461244
marked,1,0.23707134566820323,0.0,0.23707134566820323,0.23707134566820323
guaranteed,1,0.23596513233377883,0.0,0.23596513233377883,0.23596513233377883
lucky,1,0.23329930970906035,0.0,0.23329930970906035,0.23329930970906035
reactions,31,0.23278737365234772,0.06585920851199212,0.10637686897715436,0.3696654332678147
outcome,1,0.23090550968645526,0.0,0.23090550968645526,0.23090550968645526
classified,2,0.2301156686889204,0.007071527536368055,0.22304414115255233,0.23718719622528844
trail,2,0.22855209456233994,0.0962719376004799,0.13228015696186005,0.32482403216281985
labeled,13,0.22749111306434894,0.0483065997734146,0.12778069472455955,0.30331978816589034
enters,4,0.22662740124895842,0.06857425452094193,0.12453795309358597,0.3177861719191281
indications,4,0.22657301190697549,0.11311168151975752,0.07796455651756999,0.34054972283116103
test,1,0.22600840382154883,0.0,0.22600840382154883,0.22600840382154883
Clear,109,0.22589450030135183,0.1059800330411023,0.0227371462508879,0.5858184440821103
ute,170,0.2245037342691995,0.07508800268939016,0.036657542509114495,0.6096327844896244
deviation,1,0.22430693375302924,0.0,0.22430693375302924,0.22430693375302924
adjustments,1,0.22393571792333908,0.0,0.22393571792333908,0.22393571792333908
escape,32,0.22314824179784576,0.0602470763059205,0.10737722279031278,0.36369021813950775
features,2,0.22170738546894847,0.005319911385588683,0.2163874740833598,0.22702729685453715
REPORT,1,0.22112885464307985,0.0,0.22112885464307985,0.22112885464307985
connected,54,0.2204531515450823,0.06878788335681789,0.11425237328209245,0.47574639052617573
stated,2,0.22038713014958233,0.0690989609701972,0.15128816917938512,0.2894860911197795
CALL,16,0.21965081623364338,0.06628431066063545,0.07905256684119197,0.32364786845311166
places,1,0.21730190977557828,0.0,0.21730190977557828,0.21730190977557828
connection,3,0.21683576617665756,0.12116069798169155,0.04935032023747507,0.3319048542726228
reacts,4,0.21680546458903727,0.04857464398202775,0.1512017307135341,0.27013408958604196
timed,3,0.21574292262787845,0.046751325033760185,0.14975362993289898,0.2522857411570251
addition,1,0.2124448952846772,0.0,0.2124448952846772,0.2124448952846772
distributor,3,0.21216811526974697,0.013321903075383031,0.19409967267477943,0.22582382863896708
cautiously,1,0.2113796472926731,0.0,0.2113796472926731,0.2113796472926731
perfectly,1,0.21036030374469775,0.0,0.21036030374469775,0.21036030374469775
Current,3,0.2100367105789677,0.00874154137955208,0.20065879947898993,0.2217015464380156
response,4,0.20983663084674337,0.08052044958577646,0.10373722640201417,0.3302496577450708
trans,2,0.20941943544408556,0.1034398754781953,0.10597955996589024,0.31285931092228086
attended,1,0.20938426318313771,0.0,0.20938426318313771,0.20938426318313771
tone,1,0.2076655738555938,0.0,0.2076655738555938,0.2076655738555938
appearance,1,0.20675793169972723,0.0,0.20675793169972723,0.20675793169972723
six,2,0.2047772001534916,0.13104389965838664,0.07373330049510493,0.33582109981187824
connecting,2,0.20437348651825632,0.031130462265308315,0.173243024252948,0.23550394878356462
reaching,1,0.20375443208698682,0.0,0.20375443208698682,0.20375443208698682
Inspect,9,0.20324984447479919,0.08035945961471472,0.1022225806567969,0.3396194208361899
full,5,0.20277756047026055,0.042991500238459296,0.13712981140209185,0.26889132316413794
spots,2,0.20260352881976995,0.06041438353033225,0.14218914528943769,0.2630179123501022
assessment,1,0.20183780111345118,0.0,0.20183780111345118,0.20183780111345118
VENT,61,0.20169028656832555,0.05667444383094742,0.1072097663004222,0.4647691388960154
afterwards,3,0.20107688427044068,0.13662716039386769,0.07917135977817677,0.3918555058807109
Ins,96,0.19695787717664123,0.09568430435463428,0.023114784447052956,0.609992539810631
repercussions,9,0.19384867272409068,0.06640295421902148,0.06679687137154952,0.2767172633728611
advised,2,0.19369027896500948,0.05156750747963551,0.14212277148537397,0.245257786444645
One,3,0.19320636400769708,0.03713366623931713,0.14077829536057865,0.22203515759537207
comment,2,0.19303030056954928,0.07466277026838906,0.11836753030116023,0.26769307083793836
engines,5,0.19296744804386687,0.019130147005026094,0.16915075092191606,0.21513995523647816
Now,2,0.19206043859562533,0.08561590832499315,0.10644453027063218,0.2776763469206185
connections,6,0.19194779844002352,0.05113572472113123,0.10553256651092997,0.24498345449072795
configuration,6,0.1918072642160643,0.0336998125910502,0.1296055882333436,0.23980242580193056
MOVE,942,0.19152359954478487,0.033205337898107624,0.09154076122853062,0.32991202020827815
caution,13,0.19052277753007582,0.0826536788847993,0.08731155303744492,0.38806310862041915
inate,2,0.18835107563335032,0.009887979582011153,0.17846309605133917,0.19823905521536148
monitored,1,0.18401435264073462,0.0,0.18401435264073462,0.18401435264073462
Re,8,0.18275396830402682,0.052465131899979874,0.1060711661801678,0.2816589114416653
convincing,2,0.18273913540226158,0.03626470092986114,0.14647443447240044,0.21900383633212273
inactive,1,0.18248452939978727,0.0,0.18248452939978727,0.18248452939978727
Currently,67,0.18246806041383845,0.06585135839181622,0.066432850880558,0.3427115157619891
provided,30,0.18240716180319988,0.10316610869878237,0.023035610076437073,0.36083929842284534
view,2,0.18201554164023048,0.06740011152147322,0.11461543011875727,0.24941565316170372
ize,43,0.18161963691185679,0.08716345526693065,0.029917327187612534,0.5359091548951886
ibi,39,0.18152329976982706,0.08259379034575194,0.06310879730296298,0.3794184045688769
observable,1,0.18145505856941574,0.0,0.18145505856941574,0.18145505856941574
arrive,1,0.18141794505905728,0.0,0.18141794505905728,0.18141794505905728
hide,1,0.18135810689922058,0.0,0.18135810689922058,0.18135810689922058
K,45,0.18073212045887996,0.06446827909185367,0.08146140083055364,0.3955934799605455
left,14,0.17981612909239728,0.0749564235456143,0.055774186780599005,0.275869270842399
requested,2,0.17978573717029495,0.006038963024165775,0.17374677414612916,0.1858247001944607
listed,1,0.17816226232243904,0.0,0.17816226232243904,0.17816226232243904
second,6,0.1779443932025513,0.07488013976271081,0.0952366474623658,0.3194340228611987
contradict,1,0.17783608668197518,0.0,0.17783608668197518,0.17783608668197518
responded,1,0.17782893405470207,0.0,0.17782893405470207,0.17782893405470207
fully,2,0.17565114644858698,0.07876961992716085,0.09688152652142615,0.25442076637574784
Engines,238,0.17559135263360406,0.09718610474728562,0.022119906732808992,0.6761793791112976
remaining,177,0.17518945847321574,0.07472676663487648,0.03985823464382641,0.4265037955422491
ED,2,0.17451002699957413,0.016102596174394412,0.15840743082517972,0.19061262317396854
quired,1,0.1742751678071119,0.0,0.1742751678071119,0.1742751678071119
V,16,0.17376895065222142,0.11086845917457276,0.03634159254314263,0.3925438548736061
signs,6,0.17337565554139267,0.046431390227606555,0.12325184555454523,0.23726181806912772
Shields,136,0.17312713940168714,0.1012510977995605,0.019164490762420557,0.6040918624732394
units,1,0.1731021321233172,0.0,0.1731021321233172,0.1731021321233172
Align,202,0.17251044024706458,0.13826031212803094,0.029473279496949785,0.782734358544034
finalize,1,0.1724758386297719,0.0,0.1724758386297719,0.1724758386297719
behind,2,0.17143930915677857,0.018452464801025317,0.15298684435575324,0.18989177395780388
indirectly,5,0.17136029316369691,0.07470555185227618,0.07642429438185493,0.28785602282298767
shortly,1,0.1713296954602905,0.0,0.1713296954602905,0.1713296954602905
accounted,5,0.17064042911281985,0.033196105645075365,0.13911460691295227,0.23509149705925345
hasn,1,0.17005321920192856,0.0,0.17005321920192856,0.17005321920192856
system,19,0.16922362866791213,0.05240403427414269,0.0812993594737766,0.25384585222074724
utor,62,0.16894955223292457,0.06825380643531856,0.018097155039934903,0.3368245994821894
decides,4,0.16873437401970753,0.08628309334867847,0.09031754305921322,0.3132410117804896
prepared,9,0.16822371932603444,0.022303826913138588,0.12762133949348684,0.21482811372482288
ated,4,0.16746421955130503,0.1471656737287957,0.039937914211353495,0.4127624696983343
50,3,0.16738872210051772,0.023583300970762125,0.14058984415222064,0.19798185854061384
simultaneously,3,0.16635993306792998,0.03535356757843785,0.12277303256929811,0.20936537731772903
obvious,2,0.16591322137021708,0.042941476429667,0.12297174494055008,0.20885469779988408
cameras,18,0.16563001803019584,0.0619143908762876,0.0750184305029812,0.34409694570891675
")"",",2,0.16536368637295124,0.03989615198409026,0.125467534388861,0.2052598383570415
wise,35,0.16516256665127965,0.07374023466145925,0.038237976718360094,0.3813944324305803
round,12,0.16504168449552017,0.03377956747593722,0.09125513660844634,0.21878772320119927
previously,11,0.16467781111839708,0.08619808681761995,0.07394437689962442,0.3500399257552811
hiding,4,0.1645639523856474,0.0510775346466224,0.11353425922003953,0.240622234562868
reports,3,0.16380150403779373,0.023692421399714336,0.13339114698719992,0.19118879591480478
COMPLETE,538,0.16356374998604045,0.03363238609583047,0.08004783967535412,0.3673616311472681
icious,1,0.16345173867431348,0.0,0.16345173867431348,0.16345173867431348
consequences,9,0.1631194005131789,0.07565731075435049,0.08244929581232953,0.30233201967829515
lack,5,0.1616140604620478,0.04835416538339278,0.09495757320910171,0.22564864865194312
longest,1,0.1612408760958694,0.0,0.1612408760958694,0.1612408760958694
reaction,1,0.16121294249609364,0.0,0.16121294249609364,0.16121294249609364
detection,31,0.15972007815870962,0.07108116040957431,0.06251694515048126,0.35078075242109824
Filter,62,0.1596650545323151,0.06266560765401029,0.020735180260113905,0.34467199045029007
Cameras,5,0.15939540349950923,0.0351567031886866,0.13382612321053644,0.2285147272089799
Lower,281,0.1593266265175584,0.07657300560775569,0.023882436723809335,0.48320761603189794
dealing,1,0.15843632390314924,0.0,0.15843632390314924,0.15843632390314924
There,70,0.1579897784703493,0.0640137144269232,0.05345315162927074,0.3232347403248362
missing,7,0.1579771856014556,0.03171977087244139,0.09294755654074527,0.18827679813023304
ordinary,2,0.1575650145167068,0.025062719116321325,0.13250229540038547,0.18262773363302812
required,6,0.157191780197975,0.01748273963177822,0.13971789190974013,0.1886950091119845
knowledge,1,0.15712194869656287,0.0,0.15712194869656287,0.15712194869656287
discrepancies,2,0.15702733146106895,0.022646478546776774,0.1343808529142922,0.17967381000784574
disappearing,1,0.15620206516500776,0.0,0.15620206516500776,0.15620206516500776
called,131,0.1560822396682521,0.0471903372304534,0.03787526911162639,0.313311551134219
aside,6,0.15566082449937346,0.07957387538927467,0.06349172439843204,0.27422736789682417
Empty,473,0.15560915522581195,0.09739342601590098,0.02622027877676184,0.8375604196802368
shows,30,0.15519067978463646,0.0669364278724522,0.01614329088314874,0.2751494551821981
-,585,0.15488736289614305,0.041793117366147,0.03966840837298724,0.45037646991926106
interruptions,1,0.1542404941654121,0.0,0.1542404941654121,0.1542404941654121
drawn,1,0.15395923630616437,0.0,0.15395923630616437,0.15395923630616437
Output,202,0.15384178579028315,0.09857077928889386,0.030887604782507665,0.6666628591247468
Ch,170,0.15383758239751627,0.050846971532293915,0.037539240263317744,0.25933476891655965
FA,104,0.15370156069890767,0.0799845155847094,0.0306417194116207,0.4053245538546204
visible,2,0.15339838476840226,0.08718703230247031,0.06621135246593195,0.24058541707087255
urgently,1,0.1524612522940384,0.0,0.1524612522940384,0.1524612522940384
visibility,1,0.15236021995516924,0.0,0.15236021995516924,0.15236021995516924
garbage,1,0.1522089655609362,0.0,0.1522089655609362,0.1522089655609362
So,4,0.15199929831531356,0.043425660052651936,0.09454549840978524,0.21491406960500437
congreg,3,0.1518926279396857,0.11119129022429958,0.03638978080867248,0.30205386570849524
spot,4,0.15183844856142054,0.08789672379429196,0.05455801428539968,0.2465183642273585
It,103,0.15183139435899187,0.09136856766419733,0.009588532672991066,0.4711769071753075
necess,2,0.15162409140787514,0.0015896909176739277,0.1500344004902012,0.15321378232554905
On,91,0.1514537207977846,0.05765059608536466,0.04731132632107226,0.34130731371003886
connects,5,0.15139970571355077,0.07743986567508099,0.04431571260344606,0.26019951435409644
alive,1,0.15118813462645297,0.0,0.15118813462645297,0.15118813462645297
3,1068,0.15116481824734648,0.0835477284824112,0.007714107529936779,0.6132163114455631
Clean,61,0.1510504917915538,0.09952794832773329,0.038199419540195644,0.4451745407435966
witnesses,90,0.1510339626536679,0.06809508763776895,0.059740777024220856,0.48381570557239945
empty,5,0.1510291496002824,0.027984572329029657,0.1038523890532533,0.19007982302063406
subsequent,2,0.15046759414649485,0.011709339183016823,0.13875825496347804,0.1621769333295117
actor,8,0.15019794716588025,0.04499173314014825,0.08553008256277532,0.24088184753730071
investigating,4,0.15002822962081266,0.027168202005667014,0.10752829256113801,0.18266575458029755
Nonetheless,3,0.1497953229402421,0.024605578233888196,0.12516855650829087,0.18339939664914393
except,202,0.14967435742577656,0.10908372266084142,0.03621175212688949,0.5620999598520755
choice,45,0.14961807923553783,0.11073935634574293,0.023415914992943352,0.40112991347546534
found,15,0.14840647782310937,0.08362023726622755,0.03793890019813963,0.32816058635560263
C,21,0.14807127807208267,0.08561115190722758,0.05595625557833823,0.430128900610642
duration,7,0.14777285098277132,0.046200505850500354,0.09413506540856309,0.2387577518906355
guarantee,1,0.14773722983100088,0.0,0.14773722983100088,0.14773722983100088
At,14,0.14771277192708646,0.0570185680386259,0.01537332351057038,0.23668673018557856
cautious,219,0.14763409199254815,0.055960967822688876,0.03579412732540662,0.36685949297714326
"""),",1,0.14756416489027435,0.0,0.14756416489027435,0.14756416489027435
St,42,0.14747028076513213,0.056795419755827796,0.05346801284881855,0.37646806813456785
ENT,16,0.14731784429518935,0.03988364719659221,0.0692661749825238,0.23149674297385733
MON,7,0.14685652203775537,0.08725537825057715,0.0566755330340622,0.3445106247884855
option,203,0.14642137542215847,0.10238248346812331,0.022371415013531064,0.6678760931623837
route,32,0.14582223852621068,0.10826707177207996,0.029356476300743388,0.4403839513554435
scenario,2,0.14558410425595333,0.02804704014646247,0.11753706410949087,0.1736311444024158
assumption,1,0.14553875395611537,0.0,0.14553875395611537,0.14553875395611537
emergencies,4,0.1451678957592989,0.026031880881542617,0.11981253804591133,0.18875907294663058
Our,37,0.1448438314064825,0.07361615763728378,0.042027845900896386,0.3816025841815994
monitoring,6,0.1447914534981269,0.07562198703491743,0.06201225498574009,0.288577012782222
detrimental,2,0.14474244609477466,0.09176758332032336,0.05297486277445129,0.23651002941509802
react,15,0.14439185566633403,0.036845753960880204,0.06858795265899864,0.20119185237142945
Sample,104,0.1443343484181505,0.05952204040238245,0.022836813440226467,0.41021429303742
oids,109,0.143956753541232,0.05703678628551763,0.015038024000914928,0.2519150945419082
clearly,1,0.143627101240291,0.0,0.143627101240291,0.143627101240291
imesteps,1,0.14357682556357876,0.0,0.14357682556357876,0.14357682556357876
inc,2,0.14320732313528403,0.09801320608440739,0.04519411705087663,0.24122052921969142
viewing,2,0.14265986485075705,0.03311616188843722,0.10954370296231983,0.17577602673919426
Comple,252,0.14223763841566409,0.07072152290806782,0.02889018956085585,0.4134821058441531
4,942,0.14142131685989034,0.0776234832868516,0.019758602200031006,0.5870087139841919
premature,55,0.14140691255678123,0.03181500058160057,0.06701029422999367,0.21845658708141208
track,2,0.1413171703187239,0.005333266353331423,0.13598390396539248,0.14665043667205532
access,6,0.14103143946006697,0.06318829072647048,0.02385003325825644,0.227641276384591
freedom,1,0.14100209825903687,0.0,0.14100209825903687,0.14100209825903687
convenience,1,0.1405376297728083,0.0,0.1405376297728083,0.1405376297728083
separated,1,0.1404919804976797,0.0,0.1404919804976797,0.1404919804976797
blame,2,0.14046693998929838,0.034373540353916286,0.1060933996353821,0.17484048034321467
eye,129,0.14033295486681,0.053053598695757584,0.052237898915158745,0.3705422561991621
Therefore,52,0.14028023751613422,0.03806049826804369,0.06935921692476431,0.2566299139271059
living,1,0.14021926109436042,0.0,0.14021926109436042,0.14021926109436042
proceeded,12,0.13998039770018997,0.034930651861455546,0.051941672848843864,0.1808456994163322
inconsistencies,9,0.1398598426333378,0.04080163557436209,0.07069227553123354,0.18873597759758035
abil,42,0.1398248709530015,0.0374694941849118,0.04227160783846269,0.23107620699076026
complexity,2,0.13916378371499977,0.006082812592581824,0.13308097112241793,0.14524659630758158
moment,53,0.1386246776974328,0.0764294790656908,0.03660554767822656,0.31732399750237916
e,71,0.13855604875871805,0.09850842018462198,0.030472201187890284,0.4324188290444803
-s,1,0.13842127426185033,0.0,0.13842127426185033,0.13842127426185033
analyze,1,0.13826744654806453,0.0,0.13826744654806453,0.13826744654806453
unfold,1,0.13819133584229515,0.0,0.13819133584229515,0.13819133584229515
far,24,0.13817260725117622,0.09710778349800195,0.023539065770626803,0.35295222910892343
Card,420,0.1381024262650788,0.05643350645702837,0.024451497780401725,0.42147483978005545
Not,15,0.13786872982381848,0.0340340771677438,0.09571236281919356,0.21414738448188114
provoke,1,0.13784260807349075,0.0,0.13784260807349075,0.13784260807349075
ields,9,0.13750925005281042,0.04674515407514296,0.07891825811348586,0.18873138579768622
Sh,9,0.1372554873452759,0.04197745721725678,0.0695893768024563,0.18259934805183814
revisit,1,0.1371076774528425,0.0,0.1371076774528425,0.1371076774528425
6,926,0.13649776284165144,0.08023910317744239,0.012613596549173982,0.6948599339534335
routes,16,0.13645718212930746,0.12657124133971312,0.02905403368284214,0.5090754491615956
monitor,32,0.13634185228785517,0.07357762729181075,0.06475818875574617,0.40143351402919025
O,372,0.13634113466343398,0.06294736906686563,0.023088973612431927,0.4783523282882657
7,776,0.1358360518201622,0.0797683083281832,0.010585257781770004,0.6827579363581925
affect,1,0.13554891189527682,0.0,0.13554891189527682,0.13554891189527682
partially,1,0.13545340190373792,0.0,0.13545340190373792,0.13545340190373792
thought,4,0.1350362712641603,0.11130691104386199,0.0514618895936888,0.32565810394135836
interest,8,0.13501399371498912,0.09780157966079402,0.03286735277809526,0.31850570834957176
trap,1,0.13501316272425626,0.0,0.13501316272425626,0.13501316272425626
Storage,254,0.13484257903611485,0.052670487876394174,0.009954234476174393,0.4378461139173371
ibrate,63,0.13460918418052342,0.07067920317403517,0.023631580198815224,0.36432238410405005
aware,28,0.13448032023927087,0.04923613240733689,0.05060954797780507,0.25955580799988914
joined,1,0.13407783815044716,0.0,0.13407783815044716,0.13407783815044716
reported,134,0.13395638166831741,0.07384871330009797,0.04616757407891125,0.44557082210762117
SPE,1,0.1338461046747045,0.0,0.1338461046747045,0.1338461046747045
accompanied,1,0.13374660555745005,0.0,0.13374660555745005,0.13374660555745005
pointless,1,0.13363542998492622,0.0,0.13363542998492622,0.13363542998492622
ga,1,0.13319812511782222,0.0,0.13319812511782222,0.13319812511782222
down,2,0.133042696855612,0.05260791192286085,0.08043478493275116,0.18565060877847286
[,5082,0.13301420320270463,0.09958586818685575,0.001675647199889936,0.3313958821667467
leads,13,0.1329237332323208,0.04937036770149566,0.06136667017483933,0.21421474395572768
space,2,0.1329128654814446,0.0065411593352673325,0.12637170614617727,0.13945402481671193
stage,115,0.13290992645434524,0.05794752807156787,0.023153214370193607,0.30302065978658593
promptly,2,0.13264820601124291,0.10236099493797554,0.030287211073267355,0.23500920094921846
My,759,0.13193222681264152,0.06911919676279343,0.011115537340439586,0.4792588146237788
state,44,0.1316790022825001,0.025843003566714755,0.0671650972798162,0.20439235534053468
return,7,0.13144892025858676,0.05092370932208198,0.07683613280650295,0.23133567119785733
investigation,2,0.1314457298915404,0.0012576579775422925,0.13018807191399812,0.1327033878690827
vents,70,0.13122541757494327,0.03586883827005533,0.07227679907691986,0.2693874397454382
scan,3,0.130948839039845,0.02578759016523809,0.10087915906429992,0.1638543384844382
Start,90,0.13089513990921597,0.05352864636763618,0.049760786790690396,0.35628748549719186
exposure,4,0.13061578888771058,0.06524862362634298,0.06706315791382018,0.2302254652918547
respond,36,0.13048217774954554,0.051888826416730476,0.03705166043291106,0.22916115527896894
Thinking,1694,0.1304726693282713,0.021970055551421803,0.06737351390688073,0.204475786157786
explained,1,0.13038321233731928,0.0,0.13038321233731928,0.13038321233731928
inquire,2,0.13003743124947184,0.07595464988772394,0.054082781361747906,0.20599208113719578
sole,1,0.13001507583177768,0.0,0.13001507583177768,0.13001507583177768
quiring,2,0.12992610996485277,0.04762264978550896,0.0823034601793438,0.17754875975036172
along,34,0.129815949632989,0.05661835228815939,0.030636077156233715,0.2877550386531151
Upper,849,0.12969223937797228,0.06341699490309897,0.012839952282662846,0.5155454081342968
I,5900,0.12967826558966022,0.07587163521051143,0.0075769748561122004,0.4856207059851752
goes,15,0.12957445206711543,0.05023161642196133,0.04172854413739084,0.24732303882256554
branches,1,0.12944693326821138,0.0,0.12944693326821138,0.12944693326821138
convince,1,0.1293869321839447,0.0,0.1293869321839447,0.1293869321839447
complex,1,0.12877204517907465,0.0,0.12877204517907465,0.12877204517907465
For,63,0.12868962877575027,0.06170594236980737,0.02688757934685837,0.43724079286275264
place,21,0.12868490810159913,0.050850450863726554,0.046881146288437946,0.233356541594641
remained,1,0.12857764566069646,0.0,0.12857764566069646,0.12857764566069646
Fix,1802,0.12812914036100972,0.06442474498929678,0.0190876675300348,0.55084572299997
meaning,3,0.1280533849117693,0.019619143657735986,0.10831971679883916,0.1548111323213028
advisable,1,0.12804797214892472,0.0,0.12804797214892472,0.12804797214892472
5,850,0.1278631278166254,0.07359918839563183,0.015076052356539133,0.6122392712191591
relocation,1,0.1278276579750637,0.0,0.1278276579750637,0.1278276579750637
T,67,0.12775620932950238,0.04253952703402677,0.033177476571598044,0.31540082705615063
fix,76,0.12763839057373383,0.06947869302220383,0.06256639217388167,0.44661737910267474
Given,1283,0.12745507557323296,0.033173050335918094,0.005486567389699064,0.24228854068011343
wisely,1,0.12739390748315502,0.0,0.12739390748315502,0.12739390748315502
three,314,0.12736959459833033,0.04851604330510416,0.03832682559587193,0.3176023039013455
Cal,62,0.12728634583520976,0.06689584316410059,0.033676616455583036,0.44898547563064656
ation,1,0.12720050175864595,0.0,0.12720050175864595,0.12720050175864595
thereof,2,0.12708938700733255,0.02962155768484962,0.09746782932248292,0.15671094469218216
exposing,1,0.1270596113525541,0.0,0.1270596113525541,0.1270596113525541
confrontation,5,0.1267340426900529,0.06682054562260709,0.05374855263775752,0.23361940674078296
unnecessarily,5,0.1267047366606187,0.04299884519755255,0.0496383504687962,0.16778300193493387
needed,23,0.12660017195552575,0.05410490508173541,0.049229641736959484,0.2685055430889153
S,92,0.12649543285547754,0.041316443163408656,0.050696615118388764,0.23523223274301389
four,28,0.12629372339790096,0.06554553542606108,0.0549182358906078,0.34763265397803356
Four,2,0.1258957750570387,0.0046529713043145585,0.12124280375272413,0.13054874636135325
Previously,13,0.12584732184025657,0.04399525668030185,0.06915551168831868,0.2461473385340806
confirm,17,0.1257161838144415,0.052963557477151674,0.04417689790099009,0.21687203734209945
equal,2,0.12565147646265132,0.03463886757197698,0.09101260889067433,0.1602903440346283
camera,1,0.12556704404617589,0.0,0.12556704404617589,0.12556704404617589
jection,70,0.12535283748466425,0.015981077221677343,0.09224174055410478,0.17774662640616237
inevitable,1,0.12524600023829488,0.0,0.12524600023829488,0.12524600023829488
vent,304,0.12517718134129704,0.03221061902072702,0.05285190739664403,0.29258484276810537
entered,2,0.12513813247584296,0.05165668941405588,0.07348144306178708,0.17679482188989884
idental,1,0.12499836407502476,0.0,0.12499836407502476,0.12499836407502476
knowing,1,0.12491087172309438,0.0,0.12491087172309438,0.12491087172309438
layout,9,0.1245735751606541,0.0486435874056461,0.08991541235423209,0.25340694440272704
alarms,3,0.12448666596268036,0.06932939021522525,0.0531009441540624,0.21838524447977553
gone,14,0.12439749792781762,0.08569743014315176,0.04828805031256124,0.37458620497193734
Prime,34,0.12425592927684702,0.04694459594035615,0.04054097093003398,0.2742224258969471
familiar,3,0.12420825187440288,0.05598968099818755,0.06272798372933337,0.19816179866829037
In,3,0.1240726073958323,0.022709526699590192,0.09247753521373225,0.14485987942528786
React,236,0.12406183575692539,0.055367001449085594,0.012634529848314115,0.3912257819615659
sees,2,0.12400370122525424,0.004255303312384176,0.11974839791287006,0.12825900453763842
significant,384,0.12358084199335845,0.029895483381540116,0.010254323661064019,0.2123082953493875
suggestions,6,0.12310688176230034,0.05206836081186066,0.06752570032696018,0.23120601575581923
reass,13,0.12304554470157199,0.049746870968076964,0.05073550966834809,0.20878129141637167
idea,111,0.1229842340763285,0.052427258804049595,0.012309286302672315,0.25243982092669526
careful,22,0.12286289626356331,0.07597276511097804,0.04629585578956148,0.42211507279493793
Observ,6,0.12282869564993944,0.06971501491106381,0.06384339984245735,0.2675475841612928
ejected,67,0.12280138222362154,0.018452151422354308,0.08411521500543293,0.16194154970236854
informative,1,0.12268631772736878,0.0,0.12268631772736878,0.12268631772736878
power,3,0.1225747563126665,0.062314093155048406,0.07851203847924154,0.2107001919795164
radar,1,0.1223097337735431,0.0,0.1223097337735431,0.1223097337735431
overlaps,3,0.12230134440353885,0.10693026972705423,0.04287620762449991,0.27345833666242053
temporarily,2,0.12220904079365649,0.02573832571619275,0.09647071507746374,0.14794736650984924
scene,3,0.12218619666888438,0.020151217468259625,0.0950854087271442,0.14336992660001852
fact,48,0.12217385668193352,0.07972275719705164,0.021192673033108542,0.4386134664466926
behaves,4,0.12179664907837642,0.03619788510249785,0.07950118434141794,0.1667286320277732
Fuel,238,0.12168619805341865,0.08286044422495165,0.019199410483678733,0.5669199803718646
Memory,1694,0.12145207485780957,0.0011597040971254976,0.10957571964864272,0.12156531781570393
ance,3,0.12136973764401832,0.04160255581587747,0.06306910500959582,0.1573710503441934
tries,6,0.12135710261095108,0.03363396508065472,0.0682130811592107,0.1783410989803046
).,124,0.12112457945407626,0.06889677787916307,0.016651644046729808,0.3298216994565539
choose,54,0.12109552507471599,0.0703041912151702,0.0365782728763653,0.360175899236018
note,10,0.12108222193176946,0.026365034135012875,0.09124458827293858,0.1756062617907185
illusion,3,0.1210111492769173,0.00667215612278347,0.11173730370885489,0.12715583274321618
surroundings,19,0.12099764563999145,0.0435372386090175,0.05488656531960429,0.21656006800357208
49,1,0.12097324074012375,0.0,0.12097324074012375,0.12097324074012375
processed,6,0.12080658353562418,0.0031964501637531716,0.11628612036259474,0.12306681512213889
whom,1,0.12075069438887019,0.0,0.12075069438887019,0.12075069438887019
ib,12,0.12075050115667833,0.02474273899155397,0.06946320204429336,0.160594718565678
develops,1,0.12065861272616324,0.0,0.12065861272616324,0.12065861272616324
minutes,1,0.12050220732646048,0.0,0.12050220732646048,0.12050220732646048
maxim,6,0.12033327639366627,0.06216766507124882,0.039811738878190665,0.241928143377163
ded,1,0.12032944366713315,0.0,0.12032944366713315,0.12032944366713315
returned,1,0.12019334826374348,0.0,0.12019334826374348,0.12019334826374348
ected,23,0.12007807654633885,0.04987249938234233,0.059858185847666924,0.2733625799313342
carefully,41,0.12000791726042417,0.07884445394650001,0.022809549843281776,0.320646759268301
we,446,0.11986931859284919,0.06616668728445112,0.013727320477041019,0.3285650548068539
listen,1,0.11972072064293304,0.0,0.11972072064293304,0.11972072064293304
ers,1,0.11969131121069074,0.0,0.11969131121069074,0.11969131121069074
investigate,10,0.1195794518467957,0.030395676316210738,0.07045852020011556,0.1671392905472485
adjacent,1,0.11930690588101607,0.0,0.11930690588101607,0.11930690588101607
call,108,0.11921255686028835,0.042398648385128246,0.052611585551552965,0.2795049734356095
freely,4,0.11918623868877039,0.02985699485541944,0.08485535133242139,0.16221432761271698
scrutiny,3,0.11904046568035469,0.021517356945717513,0.09454543567298924,0.14692415999990055
characteristic,2,0.11894633542880649,0.0766610894486157,0.04228524598019078,0.1956074248774222
occur,1,0.118853794166355,0.0,0.118853794166355,0.118853794166355
passing,1,0.11870242437610705,0.0,0.11870242437610705,0.11870242437610705
often,1,0.11859998660167426,0.0,0.11859998660167426,0.11859998660167426
areas,100,0.11829977916131798,0.05046124846821482,0.025887149811967408,0.2849430045222504
intel,1,0.11828609667352959,0.0,0.11828609667352959,0.11828609667352959
incidents,9,0.11807466614473018,0.038925646411425534,0.056686435026749235,0.2043865776884977
votes,3,0.1180191221753804,0.043201175240702806,0.08386707444235318,0.17896701105807086
meetings,100,0.11788640985499516,0.02728739455925847,0.05989749218490509,0.18658524850719702
next,683,0.11782492935085094,0.06831404073627183,0.017977771403715124,0.5807353037951004
integrate,1,0.11773877145644294,0.0,0.11773877145644294,0.11773877145644294
calling,112,0.11750416500535696,0.04631059734408826,0.05277085817807909,0.3701675517395362
Should,3,0.11746110493958418,0.03939493759577629,0.06301138690396714,0.15490177604669875
voted,2,0.11709130704246591,0.016668073659773755,0.10042323338269216,0.13375938070223967
collectively,3,0.1168244038450623,0.053502281217477,0.05374197826107926,0.1845484417069944
Security,679,0.11680688425102558,0.05723897868467581,0.015927670698003746,0.3740762782472081
force,2,0.11668148650014859,0.00012392044607115876,0.11655756605407742,0.11680540694621974
pired,2,0.11666581995550515,0.06450104084810551,0.05216477910739963,0.18116686080361066
leave,20,0.11664621001562894,0.04114122991356382,0.04425164118067919,0.2404957506390386
afterward,7,0.11656784319474801,0.1262620065692059,0.018972351022017043,0.40750320095820924
deny,1,0.11637683710210606,0.0,0.11637683710210606,0.11637683710210606
ITOR,7,0.11627933819489386,0.047536446544254374,0.07676835966185774,0.20803263303103245
Power,462,0.11625670508127489,0.07583395861489896,0.03091171475094998,0.7538571757285487
We,138,0.1160813800383729,0.08100147443851823,0.017757402349321463,0.31657394928541327
steering,1,0.11600398389819454,0.0,0.11600398389819454,0.11600398389819454
Gar,303,0.11577665843897285,0.052526481698144556,0.026473490416698803,0.31662793452492344
Although,1,0.11574990428540897,0.0,0.11574990428540897,0.11574990428540897
identification,1,0.11574341941328525,0.0,0.11574341941328525,0.11574341941328525
indication,9,0.11566954106490858,0.0873859419018616,0.008634588937602203,0.32870415731973757
followed,12,0.11550667702354406,0.03887890919929894,0.039795173352148286,0.20048969515413
ones,7,0.11529717736711811,0.055870215752096615,0.05969954575563092,0.20632356274672026
decided,2,0.11526975286660454,0.050835437732804085,0.06443431513380045,0.16610519059940862
Calling,133,0.11524821106172671,0.050955843934510754,0.051360843086014275,0.3586104903942875
yet,571,0.11524756376490397,0.0774818677447535,0.016970772419226402,0.5037906900188154
Div,462,0.11522425854985167,0.056359257696252156,0.01629164083449667,0.3495656563782788
fuel,5,0.11514240709690626,0.009440241722594203,0.09940452895300537,0.1288464235326023
safest,45,0.11497380625460572,0.05089242535533645,0.025658444601885974,0.24085749037491097
action,199,0.11493453044531914,0.07928710847020888,0.018877189967636362,0.4062624730165432
communicating,1,0.11438532686879417,0.0,0.11438532686879417,0.11438532686879417
indicated,1,0.11433967346305797,0.0,0.11433967346305797,0.11433967346305797
ME,16,0.11418179482788955,0.03134922793037848,0.07084276710422294,0.1760705304461665
steps,35,0.11410398007369807,0.045252548530008097,0.031213682292289865,0.2454894004013988
accessing,2,0.11407027084043954,0.04009563956093466,0.07397463127950488,0.1541659104013742
antage,1,0.11400658056871193,0.0,0.11400658056871193,0.11400658056871193
it,2342,0.1136805043212052,0.08717162343615432,0.00536755107359159,0.5031069597410758
hidden,1,0.11357455009517341,0.0,0.11357455009517341,0.11357455009517341
area,141,0.11356713043427763,0.061298458951800416,0.016051655013634817,0.3066146566792625
11,1,0.11348480181548137,0.0,0.11348480181548137,0.11348480181548137
Using,3,0.11347955219424477,0.05873765828112172,0.06728327032624837,0.1963656217318015
disclosed,1,0.11343596555341061,0.0,0.11343596555341061,0.11343596555341061
pay,3,0.1133340503055859,0.032932217270396316,0.08817973952709647,0.15985589435832054
Aster,109,0.11303417996364229,0.03884205212215731,0.03334860287262587,0.24738107518145883
relocated,1,0.11299508126669965,0.0,0.11299508126669965,0.11299508126669965
accidental,6,0.11290371867182486,0.01898788642393824,0.08440910115366662,0.14365791111967186
reasoning,2,0.11255912074975709,0.04665685647095112,0.06590226427880597,0.1592159772207082
location,1031,0.11255224277290485,0.049727145447103736,0.012157872902023118,0.40660444599331225
prudent,22,0.11242272214232935,0.06530933518883342,0.02578464882329567,0.3128116810049738
once,5,0.11237937833007401,0.06143856892308072,0.038446620970969694,0.21712491449946028
flags,2,0.11226727784901354,0.06633074599680067,0.04593653185221288,0.1785980238458142
deciding,24,0.1122432160458245,0.034278883942649635,0.060701982612139334,0.189656496366806
Then,6,0.11223076310781466,0.07731699090663678,0.03854466651180296,0.2610478031113331
Everyone,1,0.11217328444983998,0.0,0.11217328444983998,0.11217328444983998
Cleaning,1,0.11177427356005575,0.0,0.11177427356005575,0.11177427356005575
minim,19,0.11172711333770868,0.05997659898719705,0.025857891418944196,0.22715639660726994
""",",21,0.11165346011786398,0.06703427531140284,0.01731087435017762,0.27446095782546676
isn,2,0.11156762396137826,0.05304651478736813,0.058521109174010134,0.1646141387487464
the,9744,0.11154833676803562,0.060649422499465776,0.00411370363766123,0.45283189730319096
validate,1,0.11143798816719926,0.0,0.11143798816719926,0.11143798816719926
present,113,0.11118454807188935,0.06345597441055656,0.043093825431885516,0.5165613779660078
discovering,1,0.11113911143903814,0.0,0.11113911143903814,0.11113911143903814
difficult,13,0.11109639953526639,0.04414718278671916,0.028795965048079526,0.18322450636741067
alongside,1,0.11108386090996743,0.0,0.11108386090996743,0.11108386090996743
falsely,1,0.11102732588385379,0.0,0.11102732588385379,0.11102732588385379
options,78,0.11099872500984766,0.048072343473014964,0.030689163581233466,0.30015767248900355
Communications,112,0.1108490136491029,0.06135963896642368,0.004367879587451839,0.28965533353142564
.,13387,0.11082048382633017,0.07488884897047389,0.003616050481448385,0.6150879952864433
verification,1,0.11063153946518545,0.0,0.11063153946518545,0.11063153946518545
avoided,1,0.11060880567220921,0.0,0.11060880567220921,0.11060880567220921
Scan,71,0.1104752304814249,0.0391344622261209,0.023929960279119856,0.20874881041484547
pivotal,2,0.11039739977200817,0.0778467287265603,0.03255067104544787,0.18824412849856847
hot,1,0.110300370865892,0.0,0.110300370865892,0.110300370865892
To,33,0.11027025890186665,0.05173967999534712,0.017892757092426163,0.2788581121936189
attempt,29,0.1099934470198081,0.06149912627529791,0.009855670614733362,0.2571363047898379
relocate,2,0.10995993109254945,0.02963328475407733,0.08032664633847213,0.1395932158466268
agreed,1,0.1099113574533125,0.0,0.1099113574533125,0.1099113574533125
changes,2,0.10982399304036398,0.004217290563838794,0.10560670247652519,0.11404128360420278
Vent,70,0.10964801153490249,0.04076845360329045,0.06558355249059987,0.29618018219737585
Viewing,9,0.10962313651327173,0.022912758104158763,0.0792103332611427,0.1473319235118201
try,103,0.10956461736975316,0.05156219984135077,0.033885137857637755,0.29742836053493577
occurs,8,0.10942187217135498,0.022556336871474493,0.0590427285241013,0.13574664056837957
Initially,15,0.1091703650233275,0.049344338704178904,0.06034261429929494,0.24039364508911198
situation,137,0.10892050645504246,0.061722738384074605,0.017808452431596566,0.4409748827275853
secluded,11,0.10882532359373137,0.014504488370456294,0.08116519624672823,0.1313330080830631
near,4,0.10868198194000823,0.042125769909764216,0.04066632298116023,0.15091256147814425
abruptly,3,0.10866297846190576,0.026466715363036738,0.08981338008970985,0.14609224182904437
Engine,1333,0.10865755995495105,0.0560137780450022,0.009255396274841838,0.4790409886414895
opport,8,0.10852669975165126,0.08265133953186629,0.03511662753294747,0.2875851612242944
didn,24,0.10849978114338854,0.057822391780887834,0.03028592990495766,0.32350821878801
lay,2,0.10839823436485752,0.02181684434147981,0.08658139002337771,0.13021507870633733
As,30,0.10837934323067343,0.05348029714896121,0.008903829893369885,0.22752840038516417
inconsistent,1,0.10824286460598767,0.0,0.10824286460598767,0.10824286460598767
whether,46,0.10816035800128349,0.048456775078316874,0.03438448700130774,0.2571425082894084
prompting,1,0.108140490633699,0.0,0.108140490633699,0.108140490633699
ized,2,0.10805105131863094,0.004239541388739665,0.10381150992989127,0.1122905927073706
look,12,0.10794743379364623,0.05198644713273316,0.038230418701208746,0.2469495227456507
Still,1,0.10787344241399659,0.0,0.10787344241399659,0.10787344241399659
Man,30,0.10784618319818372,0.0417084938390782,0.02868683985852638,0.20850821036875444
exiting,1,0.1076109302557561,0.0,0.1076109302557561,0.1076109302557561
now,342,0.10751351510611694,0.05357263565659754,0.017843365412933493,0.34539291220416946
parity,1,0.10744361164430194,0.0,0.10744361164430194,0.10744361164430194
suddenly,1,0.10713690109534514,0.0,0.10713690109534514,0.10713690109534514
include,71,0.10706860966563926,0.05315662063352155,0.03127519569737338,0.3322436638208987
wait,30,0.10703051214609204,0.029419229087379654,0.061448301971872205,0.1664166519223308
arrival,1,0.10702277392562341,0.0,0.10702277392562341,0.10702277392562341
point,171,0.10699448287694187,0.0806952395826695,0.008370644592633323,0.3788702857148567
populated,44,0.10699313316848082,0.031018784965449304,0.048772884573217004,0.17142470180560243
detected,219,0.1068973714754367,0.08122948875036372,0.05128566249830073,0.5069062510553014
ongoing,6,0.106713937086855,0.023493319037682932,0.07414644763600173,0.14666483658458074
eject,30,0.10659531270919984,0.013196254367195214,0.08534705285385867,0.13520834099822382
Other,228,0.10636191666290207,0.041749584112164013,0.025606515724039994,0.25021728747557787
est,1,0.1063542957450606,0.0,0.1063542957450606,0.1063542957450606
away,25,0.10626713423500245,0.03832260049267539,0.05255018815776478,0.19983106135926737
f,5,0.10611397008288141,0.03920232480634509,0.05541587308611123,0.1500482529909009
KE,104,0.105848645246545,0.05239401724613821,0.032992459186263465,0.26167547654768514
seem,181,0.10584244702014668,0.06812525085470499,0.013376935226057646,0.582202569064201
vigilant,12,0.10564482049236747,0.04025702007287643,0.03691821335814967,0.17777833014310424
destination,16,0.10561788833656159,0.04537015831385823,0.032017037627234214,0.18069277434274758
noted,13,0.10541637916872601,0.06866934832112853,0.04584112649340473,0.2891766575474458
located,350,0.10541400756659787,0.04843816767528778,0.017108979234035215,0.4041312218970921
explanation,12,0.10493536540533888,0.04704920523299597,0.028577994903337036,0.16790826545699922
),454,0.10485413003700043,0.09203223404924317,0.0062204073870230836,0.6176649876724314
timelines,1,0.10481377256593645,0.0,0.10481377256593645,0.10481377256593645
acts,4,0.1047037979252092,0.026919050343075228,0.0801899680979193,0.14972431739019879
list,32,0.10468094706122502,0.03903223567743488,0.03650768324032456,0.1944648998394559
lengths,5,0.10462025730578424,0.017293529957538398,0.08288237627108459,0.13554617829906912
later,59,0.10456346758933659,0.08537979063057555,0.020837709048131637,0.4846598784651783
ETING,16,0.10441953595009396,0.025535485337430126,0.04680753845171527,0.14095606307322667
performed,3,0.10433780635748906,0.06632915552422143,0.027985145803190052,0.18970564782621333
used,19,0.10432559515254784,0.044558240219152674,0.03127021855021173,0.196940808207019
"""",1342,0.10432045321356215,0.07300125631874642,0.005922653481156868,0.6178993280339995
paths,200,0.10409560919833899,0.03256806555941686,0.040166171468138966,0.28016243959969195
leaving,28,0.10408139148488627,0.05817303930820232,0.028212765273270466,0.27692262858412503
ing,306,0.10404676789955479,0.053779353713055505,0.02272100362771127,0.3444142944028836
crowded,82,0.10394800605607012,0.04409052692369442,0.023165492003162744,0.25639938222543085
during,32,0.10381069430269749,0.06912365307534739,0.01461075375046395,0.23671558976806797
opens,1,0.10369739337678846,0.0,0.10369739337678846,0.10369739337678846
enter,3,0.10354016103409641,0.03397610817552528,0.05551511094544223,0.1288792655593392
Sw,2,0.10339493714361593,0.048343415541188026,0.0550515216024279,0.15173835268480396
ant,3,0.103368493948311,0.00855506013590548,0.09346379486814382,0.11433800918263472
appropriate,2,0.10321754727564966,0.03165152441563641,0.07156602286001325,0.13486907169128606
bage,303,0.10309924241013652,0.060173853860666336,0.01752038311429658,0.4951940629357775
entering,3,0.10309410185111519,0.02386638267785417,0.07277755728445078,0.1311009801810874
points,2,0.10303739535264912,0.03141140066095073,0.07162599469169839,0.13444879601359985
Accept,411,0.10289910748619609,0.09132792311656861,0.027993471102306974,0.6119113865320793
dev,3,0.10255078165672504,0.0423514660144046,0.054992400732197605,0.15785964565412167
recorded,25,0.10252885156251898,0.04656514303454921,0.08591601633996335,0.28424816716640167
safety,55,0.10243744079217884,0.036560198617546634,0.029717984180860052,0.2296996609839919
mind,13,0.10241935654072455,0.04067470876595027,0.022612469969397305,0.19541067073475013
usage,2,0.10239247848998963,0.03268691612215417,0.06970556236783546,0.1350793946121438
are,1658,0.10226273058471272,0.07124061317516915,0.0029936246924404594,0.5874304156541488
vote,13,0.10219570748956033,0.02070519824670152,0.06110928930297,0.13183716795798864
vulnerable,34,0.10207088287681337,0.021332159788283116,0.06955516400401013,0.15700949695978084
imestep,67,0.10190809222294472,0.020945931891371766,0.0634946354249312,0.20187803677852073
Steering,42,0.10184317846590897,0.04036283199488633,0.022747656026732618,0.24844166589357145
specify,2,0.10164103414353322,0.0783855980901879,0.023255436053345308,0.18002663223372112
proceed,55,0.10153637819157274,0.047262676603616584,0.03250682192558931,0.27644278560420155
likelihood,2,0.10135503273298767,0.04079316656838785,0.06056186616459982,0.1421481993013755
credibility,7,0.10129443261692805,0.027970467442613126,0.05440801003045415,0.13264793898990052
decision,41,0.10115245483470858,0.053684665636311565,0.03059737749640753,0.294481401991729
let,9,0.10111755600839674,0.03731173282328649,0.05245579713278096,0.17439506024253243
reach,10,0.10105194964451192,0.03833336601097186,0.040115074393861444,0.16960779623613895
chosen,4,0.10104273234551928,0.05158100368902248,0.0643471946371438,0.1895674581809671
special,6,0.1009723617084697,0.03201477354029845,0.06840632670657683,0.15916646733180004
accident,1,0.10091387431987313,0.0,0.10091387431987313,0.10091387431987313
have,3603,0.10067415071008982,0.06086631687051097,0.006130235549454285,0.5205889571678884
all,432,0.10057680819288414,0.041172332768240186,0.01532845925079457,0.3793019198926685
completely,2,0.10055619661626095,0.024869348313106283,0.07568684830315466,0.12542554492936722
self,7,0.10047482338982967,0.04090802426019731,0.04169391030654905,0.14674111718447358
calls,2,0.10046544255255516,0.0009966390614376056,0.09946880349111756,0.10146208161399277
diversion,48,0.10042217977893399,0.03430633528689348,0.04588805773063568,0.25536629310859993
miss,24,0.10039584219259294,0.021860113171893528,0.05184235393792444,0.14077681914890905
has,901,0.10039407209463372,0.06352659981081252,0.004177675036909078,0.5301926729753722
out,88,0.10038044041207289,0.05015896167566054,0.017154010966021517,0.22807275497711496
es,1,0.10029478590162773,0.0,0.10029478590162773,0.10029478590162773
indicates,9,0.10009695069798064,0.03535615555463526,0.01386694299709159,0.15032220711094543
aforementioned,1,0.10009526225867971,0.0,0.10009526225867971,0.10009526225867971
desirable,1,0.10002292272001652,0.0,0.10002292272001652,0.10002292272001652
common,228,0.09993531409780469,0.050616628281986646,0.020995889637271913,0.30255974219172305
report,32,0.09992219590151281,0.03818040244553274,0.03791256258663664,0.2067448540912923
Initial,1,0.09981172570750271,0.0,0.09981172570750271,0.09981172570750271
scattered,15,0.09968664202130585,0.019430037586782856,0.06150768337530137,0.12597827329177644
separate,5,0.099684284381094,0.03663885406120842,0.04966475749354235,0.1577545741612221
and,7925,0.09966370758245423,0.07703910332270304,0.00239896243980837,0.6964951236427831
cannot,4,0.0993704595336837,0.012168583705034645,0.08236967113621968,0.11632027020175312
factor,2,0.09930605555603017,0.01750199686673823,0.08180405868929194,0.1168080524227684
decide,162,0.09911494252509546,0.03582089894951722,0.043265852065594114,0.229573856548575
opinion,1,0.09884908809593176,0.0,0.09884908809593176,0.09884908809593176
in,7373,0.0988344651614512,0.06198958018525504,0.005047901764811179,0.5071825110861057
step,582,0.09877597440283686,0.06504433921506603,0.006609257829910183,0.44686621530757054
PE,92,0.09867045570105697,0.021175102029191404,0.06693502952251601,0.17672527268357405
coinc,1,0.09862108658922207,0.0,0.09862108658922207,0.09862108658922207
farther,3,0.09844318810088419,0.029407993393060543,0.07682303614500735,0.1400212975740435
suggestion,9,0.09838645639636387,0.04109474845418435,0.03767038555093597,0.14604737616419125
timing,3,0.09802253221643464,0.016272851829311194,0.07500933364250247,0.10958461605665054
Distrib,62,0.09802238820171863,0.026728871160511414,0.03794230062637571,0.16216393368408447
",",14776,0.0980043975155647,0.06686186792548117,0.0026187088825292654,0.7108755838521076
clarified,2,0.09797605509273213,0.01840416376922862,0.07957189132350351,0.11638021886196075
watching,3,0.09779193377705747,0.031207093388317054,0.06864968676048729,0.1410662120899911
from,1546,0.09772800324216746,0.0394945580047194,0.010472866786139904,0.2951792768784734
ert,462,0.09755774995984477,0.03409927987578278,0.03419361245952207,0.3515168567570769
easily,7,0.09752545214518293,0.07102061797420825,0.022334922293512652,0.22461348526109465
alternative,8,0.09732986093045683,0.08867968072137859,0.033938091290204836,0.31021013909229994
observations,619,0.0972559397657095,0.021799650581715773,0.01714282686635559,0.1664452843768823
Thus,2,0.09713420403493267,0.011924908802276209,0.08520929523265645,0.10905911283720887
voting,13,0.09710113346793638,0.03344545373994905,0.050803193136582075,0.18870529416921783
vicinity,6,0.09705942002502659,0.07912837177954168,0.03378413180603126,0.26545425990251037
seemed,6,0.09697935293374038,0.03557510145105473,0.06151043886353935,0.17162128928724166
security,14,0.09690056207161234,0.030320889461158865,0.05090452642337981,0.14815916296965526
associated,2,0.0968192239838857,0.03267085093881735,0.06414837304506836,0.12949007492270306
arrived,23,0.09679438630138684,0.036579489074824625,0.03331588030959793,0.17616202529132022
patterns,2,0.09674290431168324,0.017932800358317666,0.07881010395336557,0.1146757046700009
recently,10,0.09670783780552292,0.03832114381984585,0.04040922868387896,0.1588658944992662
Several,1,0.09666510026815486,0.0,0.09666510026815486,0.09666510026815486
-consuming,1,0.09660580998850832,0.0,0.09660580998850832,0.09660580998850832
centrally,2,0.0965949244866349,0.02189502942210824,0.07469989506452666,0.11848995390874315
",""",115,0.0965830940468464,0.05350288524279184,0.012038504199693266,0.33535783711265243
watched,2,0.09657139866124242,0.006322547996270446,0.09024885066497199,0.10289394665751288
Player,3603,0.0965383510882421,0.055537744008584605,0.005780258764923701,0.5021528109157796
position,80,0.09642335161450089,0.04033047189866004,0.01509533934104003,0.28414140472426286
:,3831,0.09633423288632498,0.059094730408814355,0.00933775480168964,0.4886179562199667
warrant,5,0.09624569797963567,0.023601234984000942,0.06894261934412066,0.1388225164521422
strategically,6,0.09611667972323219,0.05785439886373873,0.03566897668806516,0.20736369012293707
implications,2,0.09606675073597185,0.0024569271814908825,0.09360982355448096,0.09852367791746272
compromise,1,0.09600425206999358,0.0,0.09600425206999358,0.09600425206999358
idle,1,0.09593006389071891,0.0,0.09593006389071891,0.09593006389071891
""".",24,0.09588190323835961,0.07077151667231324,0.015772904423601523,0.266365456131797
h,3,0.09583299154040475,0.022203705635641842,0.06567305427802027,0.11848200596205989
diverted,3,0.0957907490949758,0.033108778035145746,0.07237930762952402,0.14261363202587934
meeting,615,0.09578750172542012,0.03200600003870068,0.024371387430318022,0.2914670063062935
waiting,13,0.0957692027103456,0.02443980001952001,0.05753986859527479,0.13482798470723936
importance,1,0.09575988058830828,0.0,0.09575988058830828,0.09575988058830828
nothing,1,0.0957440834483124,0.0,0.0957440834483124,0.0957440834483124
haven,20,0.09566263232322572,0.03763028317103869,0.054278529908547445,0.18446194794739718
Since,1405,0.09543866571079122,0.06080793812938577,0.01033413551936807,0.35111981993876173
timestep,179,0.09535425117994553,0.02247921929987968,0.04436149886260286,0.17109961319513256
discovered,20,0.09531989302498046,0.03924756583626013,0.03929671140588217,0.1858793945721809
card,57,0.09524601568316411,0.03771294632156636,0.01910714255079311,0.19272225400152906
Observation,2,0.09518747308621364,0.017620552781286457,0.07756692030492718,0.11280802586750009
there,475,0.09507674369436346,0.06480577360672458,0.007819606474863974,0.4533184856383754
proceeding,4,0.09496329572399018,0.03616814808202211,0.05108681092328031,0.15172292685096456
possibility,56,0.09486436644263786,0.04044733199168737,0.01334192159840424,0.26248171674616305
imply,3,0.0948534430086544,0.013258674295460009,0.08230213009415145,0.11319297422492554
flexibility,16,0.09484450420035126,0.040650306215076405,0.04076829224579939,0.20392925688752886
least,78,0.09483723651171501,0.07213627071575557,0.018011868808470402,0.48861528454313946
balances,2,0.0946372647850096,0.03255441360817067,0.062082851176838934,0.12719167839318027
(s,1,0.09462740979262765,0.0,0.09462740979262765,0.09462740979262765
valid,2,0.09452781613221249,0.03617497661978449,0.058352839512428,0.13070279275199698
does,131,0.09451263057366809,0.053677670534925635,0.023412083275370855,0.2898352213730507
complicated,1,0.09446314117243727,0.0,0.09446314117243727,0.09446314117243727
Med,889,0.09436373642271437,0.05103815940638607,0.0066969445376567705,0.41979518382732184
total,1,0.09433404570033957,0.0,0.09433404570033957,0.09433404570033957
safe,38,0.09433059694391083,0.05024864139605575,0.030640819643868365,0.27109271623649706
phase,424,0.09427024897026207,0.04727236531202901,0.020489882417581203,0.3522295521319376
earlier,16,0.09420437102406473,0.0399758539946549,0.03503759620525769,0.18377936823098787
confusion,9,0.09410725692644856,0.01932948524738275,0.051480982567923904,0.11877914662469037
sw,10,0.09408180062310378,0.03830110378497503,0.02902900142884838,0.18223459262057934
two,321,0.09401827627690659,0.057161791280566365,0.009232785176094056,0.3101121953126888
course,52,0.09398149118945319,0.04106070262153943,0.027437745456447046,0.25081806185565375
locations,412,0.09397627175858538,0.04084041090698892,0.015860048403266144,0.3532801858050012
The,655,0.09396866723733117,0.05534729016471986,0.02490148250048037,0.3352752692364365
reluctance,1,0.09388333444563163,0.0,0.09388333444563163,0.09388333444563163
They,3,0.09376344219648491,0.03986087433739149,0.04929018173505923,0.14599891877767623
known,13,0.09361220246079965,0.060775207736288694,0.02938458792556933,0.18917812568114453
justify,1,0.09358991176661419,0.0,0.09358991176661419,0.09358991176661419
indicative,3,0.09348874523162624,0.037498778889677675,0.04792308234511951,0.13976764872129455
distant,1,0.09339606089241165,0.0,0.09339606089241165,0.09339606089241165
this,821,0.09333557207218342,0.06778931358386041,0.0038027427178117567,0.45880116798858883
arou,13,0.09333131696634517,0.054857149172134516,0.019708352804537956,0.18409491852971785
],5082,0.0932493170718262,0.022611119635776545,0.039544767613425284,0.23077138777545694
through,252,0.09319020299844748,0.05211208273663586,0.01685418721903842,0.40357557962189383
"),",332,0.09311513416712984,0.05003588306982786,0.014842590119068438,0.29177301112435083
memory,3,0.0930056042118303,0.02863708238070329,0.06695749925535892,0.13288567839938228
path,468,0.09294804670511717,0.042290190227569475,0.02044175297382123,0.2705241462076319
Furthermore,2,0.09286159164842847,0.05366340384290313,0.03919818780552535,0.1465249954913316
doesn,65,0.0926988345010848,0.03984373314515566,0.03619518398775297,0.2297518035205259
need,469,0.09267989191242719,0.06118362427483893,0.013380665362034581,0.38176891792717044
nearby,22,0.09267045841518397,0.04433599983822061,0.03828754466351389,0.21369441240464077
question,9,0.09257094927308532,0.01895264684689755,0.06263315587486022,0.11589547544215861
central,38,0.09249233627149832,0.027762737118669428,0.04787904486568499,0.15253577910965432
Assigned,2,0.09248945367173234,0.01582140869673565,0.07666804497499669,0.10831086236846799
iness,4,0.09248321792809125,0.009278295064512802,0.07678676664609853,0.10094756631766397
complications,1,0.09241090411738952,0.0,0.09241090411738952,0.09241090411738952
craft,1,0.09238445128434518,0.0,0.09238445128434518,0.09238445128434518
manage,4,0.09234077813687332,0.04229139329359673,0.04291768274155027,0.14790141879505384
scouting,2,0.09226334119884277,0.007877789306206216,0.08438555189263656,0.100141130505049
ifying,1,0.09224876781572203,0.0,0.09224876781572203,0.09224876781572203
should,1450,0.09221169494603848,0.04269410003216045,0.013504581724982284,0.47189834179014095
grouping,1,0.0921365193951652,0.0,0.0921365193951652,0.0921365193951652
appealing,1,0.09211357196233538,0.0,0.09211357196233538,0.09211357196233538
congest,1,0.09208579182827244,0.0,0.09208579182827244,0.09208579182827244
downfall,1,0.09197222926125881,0.0,0.09197222926125881,0.09197222926125881
separation,2,0.0918840443281087,0.022420790576629303,0.0694632537514794,0.114304834904738
eventually,13,0.09165324596376621,0.04342590939479695,0.027052675906718525,0.17881660918318093
observ,3,0.0916408707083286,0.040419280019427885,0.05898763852517935,0.14859878159748988
elsewhere,1,0.09160691376275513,0.0,0.09160691376275513,0.09160691376275513
(,911,0.09154469975524333,0.06709675771641903,0.006408275359906142,0.40943826899457286
appeared,1,0.09153078544401855,0.0,0.09153078544401855,0.09153078544401855
move,864,0.0915133552476732,0.050699865427578115,0.010960641782343917,0.3949983330438307
ourselves,12,0.09150897606192758,0.049847779857571904,0.044891130028533566,0.23557539451422474
recent,1,0.09142138116693446,0.0,0.09142138116693446,0.09142138116693446
element,2,0.09130471431223522,0.03241123090719788,0.058893483405037333,0.12371594521943309
decisions,9,0.09124703877026558,0.041810932873667044,0.03973762841424719,0.19058352038743526
safer,48,0.09124625819642164,0.04360202432690985,0.035431662195268304,0.26858415098597715
publicly,1,0.09118474489248261,0.0,0.09118474489248261,0.09118474489248261
seeing,2,0.09117056335777338,0.026016192556973648,0.06515437080079972,0.11718675591474702
vigil,3,0.09116203423121609,0.01472991593703044,0.07042530762590837,0.10324701121799267
different,529,0.09102290838385124,0.039807538943509455,0.023517386531152564,0.32512163248062204
effective,10,0.09094371956429345,0.048271119029675555,0.031092116983448756,0.16385292611333624
join,12,0.09094096431220983,0.02092459082038031,0.057956876183780405,0.11752498371762189
ibr,2,0.09092202635097074,0.005783589400371443,0.08513843695059929,0.09670561575134218
licate,2,0.09086401887115418,0.0075720524661383876,0.0832919664050158,0.09843607133729257
aid,3,0.09085351225729754,0.04186671978619195,0.03327203490684695,0.13158215016513217
ess,14,0.0908471505763789,0.023968288989600794,0.042215015493533785,0.14868460772073186
having,71,0.09080691404601603,0.05646515901411873,0.019915595252854437,0.23177563291390021
mobility,1,0.09072371523412065,0.0,0.09072371523412065,0.09072371523412065
equally,3,0.09057691166258502,0.03399479446347997,0.061800000694247036,0.13831782016391056
harder,12,0.09053760182445848,0.05876224514376332,0.031026568711253564,0.2114315465345504
then,257,0.09028264995849453,0.06717321576322655,0.013360533098682459,0.3523373884040416
crowd,1,0.09026052302852922,0.0,0.09026052302852922,0.09026052302852922
downloading,1,0.09021220936132177,0.0,0.09021220936132177,0.09021220936132177
green,303,0.09013935342765661,0.03926134170618271,0.009174422339271524,0.28585153741852687
back,34,0.08999003089482953,0.05272342170332867,0.029707961491140168,0.2195909311958498
button,97,0.08993392896256364,0.026681260270488297,0.041410227223774,0.2006666275878705
coordinate,40,0.08990563883171103,0.04840903271587269,0.009845861211947322,0.22921879298299502
al,51,0.08989373793013553,0.0502761003847006,0.026199695304065296,0.2756754384759068
players,3412,0.08982789654231345,0.03715720026431818,0.014383047242304969,0.3575516636561103
seen,156,0.08979299055871462,0.04228385730407613,0.030872795140735654,0.2565649056984775
'll,31,0.08974475755585247,0.04773215610720902,0.026831044028945577,0.22055851385269515
accidentally,2,0.08971954115404018,0.002256051566253553,0.08746348958778663,0.09197559272029374
download,4,0.0896354724863528,0.027394292405497584,0.05181199148414508,0.11867617041059848
perceived,4,0.08947274144405891,0.008043907033990239,0.0828316476032354,0.10300634567207817
mentions,1,0.08945890225431626,0.0,0.08945890225431626,0.08945890225431626
myself,209,0.08939174741475431,0.05332054343725654,0.019162765031271504,0.3454112146057412
assessing,4,0.08939000297020766,0.03414590952873341,0.0586580794556724,0.142574842720708
fewer,14,0.08933945615451301,0.03051060632501024,0.04156038132316601,0.1480881688881873
suspicion,633,0.08919871926432596,0.044566160736620036,0.004610596969193988,0.3347677826602534
conclusive,2,0.08915920549760264,0.005059792859329941,0.08409941263827271,0.09421899835693259
notice,22,0.08915125165200109,0.033831430246631086,0.04810053081741202,0.18519167252215007
categorized,1,0.08913205695542474,0.0,0.08913205695542474,0.08913205695542474
leading,9,0.0890208288245122,0.07641970132987654,0.031108424905217886,0.2941441144949402
map,24,0.08892279777927488,0.02944562187853168,0.04172125608962893,0.1419038867933691
urge,1,0.08870425010590939,0.0,0.08870425010590939,0.08870425010590939
behave,5,0.08859416550830684,0.046171629338944635,0.050856199960844874,0.1687635071172359
Multiple,10,0.08852090461952705,0.04826340512160257,0.040400953596505244,0.20585749251540758
level,13,0.08849280823371945,0.07655128965042685,0.01424680539195055,0.24407996834988888
0,207,0.08836767005793787,0.03077848014755993,0.026261332369958076,0.20100921029492272
would,838,0.08835059893907975,0.08338473697889826,0.004472313912703007,0.6493144152332168
itate,2,0.0881520509981894,0.015254302431989983,0.07289774856619942,0.10340635343017938
currently,830,0.08811724543441792,0.04805861280075104,0.015468130568285412,0.3370807367112363
current,413,0.08811182409942847,0.054469100110249705,0.015166366316749603,0.35097710428856355
still,82,0.0881116388049873,0.03498246684920851,0.011611808735917453,0.20782742458383932
here,252,0.08804403959639708,0.06237512585016726,0.010255197842045139,0.3422553593362825
surveillance,5,0.08802152042389513,0.0050552139479311965,0.08052760085294026,0.09557118645547388
been,1140,0.08795676902494434,0.04853053933318875,0.00767687534305258,0.30056940226263223
Process,1694,0.08779537427223223,0.014656242022982045,0.046933886361984076,0.1440958917174134
worth,9,0.08761495129051904,0.025721328133948604,0.027703379889839005,0.11407947684306009
requirements,1,0.08758005461812933,0.0,0.08758005461812933,0.08758005461812933
findings,2,0.08748435532182858,0.024010929371368846,0.06347342595045972,0.11149528469319742
brown,341,0.0874586436188623,0.04002627633383031,0.010067912557046728,0.3980868210140839
multiple,495,0.08732313551992124,0.05350041290074312,0.015659007672707444,0.684102363351763
ideally,2,0.08726377334654603,0.034965599464855175,0.05229817388169085,0.1222293728114012
gauge,8,0.08715577664944907,0.03492350185732441,0.04797907619860872,0.16258086402769678
lot,2,0.08711081450563223,0.02544277042006914,0.06166804408556308,0.11255358492570136
must,43,0.08697075057250986,0.06614045086780695,0.022463811133428616,0.45367619915075863
survival,4,0.08695323566900984,0.022796851317622994,0.06545755517614903,0.12525935460614035
insight,129,0.086923337743626,0.04630516026252109,0.025990532476157315,0.24959435201217714
ahead,1,0.0868984606498925,0.0,0.0868984606498925,0.0868984606498925
crew,39,0.08680778373607485,0.03127830906902917,0.023776875447355406,0.1751946564136028
caught,43,0.08675200803749389,0.027284746335248102,0.03373182253405936,0.16212719725194658
needing,3,0.08670559013115849,0.037114858391524314,0.056648247281507906,0.1389993413995622
cal,3,0.08669231210075302,0.039511045660903944,0.04011028966226612,0.13670916255812485
anyway,3,0.08665266211961209,0.031139512510412026,0.05798074759228713,0.1299358964068996
consensus,2,0.08664443352766699,0.032897796803898885,0.0537466367237681,0.11954223033156587
went,4,0.08663939078173526,0.03705252281031319,0.027990871723405163,0.12986118556581175
blend,229,0.08660754389290637,0.03625461213398648,0.030745480412242246,0.22573533779184082
includes,5,0.0864268602340307,0.05325395601084325,0.04153849810430506,0.1825488863749843
normally,2,0.08637270709857867,0.02099454905611444,0.06537815804246423,0.10736725615469311
those,48,0.0863365564280754,0.07275949350074762,0.009402840912059894,0.25925785247141847
history,41,0.08626095124411377,0.03263489348224132,0.03209692553338956,0.16415642395174848
emergency,100,0.08617274653622786,0.01930462454347707,0.054639030805444924,0.14984746984476105
revealing,29,0.08611724899224198,0.03721979107072889,0.03596851104952561,0.1900092533221447
me,1974,0.0861038589105193,0.04937230155837544,0.007388866759133803,0.39144633660325917
Unlock,30,0.0861015564057124,0.06500803928805658,0.033297446919355364,0.33008032721220865
destinations,37,0.08607242199479334,0.012858380928742637,0.04747837842622651,0.10211181533624632
mindful,60,0.08603568901155478,0.03281644334974745,0.04342531359408308,0.24048046239517076
suggest,3,0.08601698809685349,0.004314035065449933,0.0804261815144064,0.0909274585589128
Elect,37,0.08600651216396427,0.054333249606584026,0.010626080971365364,0.22375853245328567
optim,1,0.08590086905776277,0.0,0.08590086905776277,0.08590086905776277
presence,46,0.085875617497013,0.058020295829571106,0.025837901487223792,0.28005245046442956
moved,1887,0.08582838606781341,0.045117721808616895,0.013051338902280874,0.4153772630229648
tool,1,0.08579263252833093,0.0,0.08579263252833093,0.08579263252833093
speaking,1,0.08566410348280731,0.0,0.08566410348280731,0.08566410348280731
available,132,0.08560778213708058,0.05404735494293554,0.02093976644888605,0.27796480206342106
conver,1,0.0855783311910835,0.0,0.0855783311910835,0.0855783311910835
cover,68,0.08555114242319596,0.04410850099028999,0.022599760581416137,0.2083940342793392
setup,4,0.08550593516360128,0.03287451614955384,0.05423279460554532,0.132822797622399
public,6,0.08545728604551366,0.017873744343867078,0.06432213414726481,0.11620562033929792
disclose,2,0.0853738965131499,0.02982295552744689,0.05555094098570301,0.11519685204059679
1,1577,0.08529375826515732,0.03996849266990664,0.008085735049697708,0.5219041330397199
fake,384,0.08528358393462253,0.044491303805087555,0.020727616892582887,0.2429512681356901
deflect,28,0.08523690474198028,0.04004540171615717,0.03230549262239899,0.20943404458167364
correct,6,0.08522136143333807,0.03260822082891876,0.03876314298077192,0.14517992352649053
considered,12,0.08518484894365307,0.03579635661179379,0.029134025966275085,0.15827527872871278
validity,4,0.08499788694400996,0.02710785936075759,0.06116366980456768,0.13107167819908758
occurred,237,0.08489720308380773,0.04598961858498984,0.008415403604861477,0.2412670539360707
trust,50,0.08467103909835058,0.019386616103297456,0.04254730705460436,0.12965419699209157
urgency,1,0.08464416011386908,0.0,0.08464416011386908,0.08464416011386908
looking,18,0.08452061414513917,0.04224870817660944,0.03544890792995858,0.18423727106166315
words,1,0.08450530489250516,0.0,0.08450530489250516,0.08450530489250516
balanced,1,0.0845019773930598,0.0,0.0845019773930598,0.0845019773930598
Players,908,0.08448725349966602,0.03543060113415717,0.01750150068214086,0.2789665682041601
versatile,1,0.08434901013920945,0.0,0.08434901013920945,0.08434901013920945
""").",1,0.08433996822837901,0.0,0.08433996822837901,0.08433996822837901
following,25,0.08429203706239859,0.05063302529376011,0.024160838519341667,0.20783421556830997
attention,98,0.08415415935397369,0.03994107036492853,0.017695895367953,0.37145423097455715
private,4,0.08405392987528235,0.022282412092752103,0.0688128970300361,0.12256380260602653
Action,1694,0.08391397968380962,0.01656692949808465,0.041059790668173016,0.1661657259966428
fixing,6,0.08390996193675965,0.014089134598206172,0.06612015386154872,0.10853018119516572
hotspot,2,0.08390481854907467,0.03043193981843066,0.053472878730644005,0.11433675836750533
det,3,0.08385040253647681,0.033546822482256544,0.03759470064741121,0.11611014704403742
my,3458,0.08374823053115234,0.05328513036113758,0.005613272346834329,0.4130962595355716
desired,1,0.08370953182650681,0.0,0.08370953182650681,0.08370953182650681
with,2353,0.08370924520985681,0.05179486942264234,0.0034604494646454584,0.3814411026604052
each,96,0.08369275013616956,0.038401691806460185,0.013756524523424069,0.21641329872870493
innoc,3,0.08365892786864121,0.025487609760742703,0.056555987566712575,0.11778952208299631
number,81,0.08365328950276942,0.08839919927225667,0.016629368087209846,0.49657404074283823
A,25,0.08359034928254283,0.04152919724413555,0.036318106635796675,0.21824048856687583
Another,6,0.08352781215270377,0.023550818924868093,0.03879323360524748,0.11433709667733259
makes,142,0.08352432484965866,0.053932510110596875,0.0065435314209045334,0.3041035995506928
at,858,0.08352189281955855,0.044635507308194246,0.008307555430961766,0.3340535876023387
intermediate,1,0.083519908458747,0.0,0.083519908458747,0.083519908458747
alert,7,0.0834914283469744,0.034894458588316614,0.03773614913113085,0.13597230052474432
seems,634,0.08336519216489928,0.0647200664942342,0.00788113211915634,0.5048095898423487
consideration,4,0.08335046773521437,0.03536813859772319,0.04133317908871539,0.13938077046843758
status,3,0.08334021568050033,0.04482826068547322,0.03011994134115873,0.1397842468896865
off,35,0.08321433185219575,0.041872769419528034,0.023111165815344486,0.20948467105113092
innocence,3,0.08319016038352832,0.02112027699099382,0.05333094567693644,0.098767550951866
ating,26,0.0831477037128734,0.026957370874682567,0.04371557020219487,0.14495774703629857
rooms,228,0.08312889177267853,0.03069299567696249,0.021253205938058586,0.261410005937756
less,108,0.08312066678388667,0.050533632223604366,0.018258390802569677,0.42353567489276245
ed,491,0.08295921832264401,0.050026340172609866,0.023765102452857317,0.38723958991397206
notable,8,0.08295899007334145,0.028422784342185245,0.04721656394541762,0.14658692957152916
openly,1,0.08290900361717847,0.0,0.08290900361717847,0.08290900361717847
TASK,538,0.08290256469494785,0.02567340631209421,0.025326739255370677,0.21694798841401897
reporting,13,0.08283728205462951,0.020007063556397437,0.06121645249826632,0.13741482278552472
require,238,0.082778339379414,0.044525543079214615,0.020601598553344327,0.2475183372493744
using,83,0.082578758935322,0.03908944587271685,0.02871716535912412,0.31059099351531444
numbers,16,0.08257361428912244,0.03043113737348391,0.03561650387565682,0.1296250341703469
majority,7,0.0825690281694936,0.04366644764256184,0.04609401089618999,0.17912599587483966
crucial,323,0.08243783768481494,0.052330577133343485,0.009352659920514829,0.428578008015034
expose,23,0.08240120550879014,0.021504518136068466,0.05134388534739788,0.12136427776143807
don,98,0.0821812873271797,0.05943007667884059,0.013739927549950121,0.3825970851391847
both,141,0.08215725190431562,0.055448140016352655,0.0076522609899185795,0.32582882661793666
that,1950,0.0821266097844038,0.04672922123305854,0.005026575603763718,0.454656320162385
groups,1,0.08210959082537805,0.0,0.08210959082537805,0.08210959082537805
data,6,0.0820883310960578,0.030376462761477714,0.04597303438126024,0.1455294542989887
requiring,10,0.08197220820594495,0.030188534981028876,0.04373410335499052,0.14752428093534292
observed,424,0.08197139579741283,0.05301575842597737,0.012289479132760269,0.33014042476201877
advantages,1,0.08189583369699073,0.0,0.08189583369699073,0.08189583369699073
showing,3,0.08173297174346393,0.027353011927445745,0.04313218751575561,0.10321636294318869
soon,27,0.08167203019717698,0.054191110523688885,0.020389285755391486,0.19796642628537198
interfering,4,0.08157095249987581,0.03876965916201836,0.0381172390625176,0.14084197912936883
process,8,0.08152803832441219,0.026571025075116998,0.020917250063972943,0.09606176576570276
Consider,1,0.0815264216466694,0.0,0.0815264216466694,0.0815264216466694
icing,6,0.08151700429680162,0.009634975423464705,0.06430257005732735,0.09208181314978231
experiences,1,0.08150397180115916,0.0,0.08150397180115916,0.08150397180115916
worrying,1,0.08149821460475179,0.0,0.08149821460475179,0.08149821460475179
remains,3,0.08149268494605472,0.027118521817637284,0.04713436635407053,0.11342822577714169
is,3622,0.08142546140181851,0.06525689078875004,0.0030254776896744755,0.5353517165975272
room,1293,0.08140486699752614,0.03573597227228589,0.008465659516052727,0.305625910953512
see,123,0.08131439117288118,0.046064696510271,0.025915065925184652,0.36629366523804835
ability,15,0.08121835841774816,0.05265853046206289,0.010271831588847919,0.22661574815175856
addressed,3,0.08120091542892384,0.05276263176411907,0.021956860876984924,0.150109702130929
trapped,2,0.08116003968622928,0.001368210666206203,0.07979182902002309,0.0825282503524355
updated,1,0.08108125459102947,0.0,0.08108125459102947,0.08108125459102947
after,47,0.08106475847905434,0.047250885806773835,0.022074575531095316,0.22378719936818198
show,11,0.08104189472604019,0.03464085663106341,0.04784764261918117,0.1447535611067356
white,306,0.08098058414299511,0.05161787712838617,0.006862099232942569,0.5265520011653078
thin,1,0.08089018500886051,0.0,0.08089018500886051,0.08089018500886051
noticeable,2,0.08084706513552271,0.035396209958138566,0.045450855177384154,0.11624327509366128
iping,11,0.08084202561420038,0.04674499615138343,0.03946941316605507,0.212922506058109
focus,215,0.08083664662855265,0.03389128858755078,0.020860824238906162,0.23885022963543961
ship,146,0.08066691452349883,0.023763135490928802,0.022201070495927937,0.13854685279470474
if,466,0.08066269687208935,0.06494987236063668,0.010861007353964279,0.5259819981503441
follow,106,0.08061078675500158,0.04657681429601024,0.03218768844071298,0.39474196975310866
an,1465,0.08060247482911537,0.04493369162531314,0.007395925838465248,0.3734215204473409
various,37,0.08058799492854544,0.04112008487016553,0.011069653330467768,0.24665035879621153
No,1038,0.08054419302266576,0.06569903669182676,0.045919110316283436,0.3852952196046543
resource,1,0.08026226555788074,0.0,0.08026226555788074,0.08026226555788074
positioning,15,0.08011155196634302,0.028900821278748844,0.03780489428923821,0.1272657276612465
Swipe,418,0.0800924845116875,0.056224283207293786,0.01731122822137811,0.547987074314525
departure,1,0.08008775274881505,0.0,0.08008775274881505,0.08008775274881505
Caf,3094,0.08001080674282744,0.045692052595455855,0.011744218499471522,0.6972052422076416
suspected,38,0.07998920109825904,0.04431634595160885,0.01692067857803753,0.2738879322053721
shortest,72,0.07994077935592195,0.03732099521189495,0.02884625129420902,0.2096496354933117
committing,1,0.07991762766952029,0.0,0.07991762766952029,0.07991762766952029
un,2,0.07986354960791173,0.03584944351627256,0.04401410609163917,0.11571299312418429
overlap,4,0.07981112079282672,0.03083510862733684,0.04788573686896363,0.1278523716329397
prior,29,0.07979977282364888,0.025745508045057177,0.049638294525237193,0.15044414966855
others,90,0.07974741066430581,0.04654663211906078,0.01050023373256717,0.25547306004592524
split,3,0.07967743611261277,0.018152749057644992,0.05424187845095016,0.09540482494391327
isolated,52,0.07967440651332112,0.03313321435272964,0.03690744437118983,0.1783740669209481
suggested,22,0.07958548186666511,0.03166999794118368,0.028790880910644644,0.14914290801819025
enough,18,0.07953893178279728,0.061472164268579814,0.028207609801662533,0.2504704303060222
unwanted,1,0.07949352214991894,0.0,0.07949352214991894,0.07949352214991894
including,209,0.07946656893901724,0.052163857777567414,0.005006316120554992,0.29392343267997156
assess,15,0.07943115944281755,0.016439896630474363,0.05063671616777762,0.10205538595690952
spreads,1,0.07942960300077873,0.0,0.07942960300077873,0.07942960300077873
keep,89,0.07934682883287299,0.038273831233678536,0.010937081771333772,0.16728068860456066
accusing,2,0.07916627112178252,0.003160231589953086,0.07600603953182944,0.08232650271173561
Samples,1,0.0791657367457451,0.0,0.0791657367457451,0.0791657367457451
clar,1,0.07913174522042388,0.0,0.07913174522042388,0.07913174522042388
saves,2,0.079116928790881,0.030985965518470802,0.0481309632724102,0.1101028943093518
communicate,3,0.07908436958512853,0.024086563391857656,0.05191071765651747,0.11045990783256421
Electrical,1056,0.07906448777692687,0.04574340019834896,0.008704225191977758,0.3883614341909047
intelligence,1,0.07905439228891989,0.0,0.07905439228891989,0.07905439228891989
bay,889,0.07893376017091944,0.03603171599339996,0.0070509517854377346,0.3584186304926986
won,2,0.07890690417432182,0.021146068344550906,0.057760835829770915,0.10005297251887273
2,1465,0.07889535757736098,0.04573141640424413,0.006528308246876563,0.3586584816544405
Chart,46,0.07877023024548159,0.04091242268389378,0.0076865056440748114,0.2447279017379386
requires,121,0.07860757404952852,0.04160491956389914,0.017751945092131183,0.29077365806583405
unusual,43,0.07854568853974946,0.02793628818233652,0.03271875764604125,0.1481517908645216
term,1,0.07851856589950187,0.0,0.07851856589950187,0.07851856589950187
exhibit,3,0.07851031809910466,0.019037697940492475,0.05357124116980184,0.09976522768544945
related,3,0.07847152169048244,0.030177771060007758,0.03751102243190803,0.10933083315558152
Upload,69,0.07845993769462097,0.03498108333772796,0.012593365505313599,0.21700020336711393
save,5,0.07845294963731696,0.04133394733916539,0.03291205306415024,0.1315678554040246
commit,5,0.07821688104148021,0.02536973369882875,0.05433719786490488,0.1247213923816078
staying,20,0.07820154997098083,0.051654430613910826,0.01584796888702283,0.22297453844217366
even,9,0.07802270064216785,0.06170883225226201,0.01922060579942247,0.17223365998320705
lime,332,0.0779965081147763,0.048020069093357154,0.009651579312769833,0.26221175872397073
-risk,8,0.07795423666216002,0.023249393489423762,0.042971822252428654,0.11360338021418227
seeming,3,0.07793926055505151,0.005790496361839609,0.0738447613111587,0.08612825904283716
useful,46,0.07791706732341988,0.06415880676038331,0.014113981169996384,0.31042912190515587
suspect,46,0.0777519704504759,0.04029008016072726,0.010060238974871624,0.2354906848572953
tracking,15,0.0777370093981909,0.01908564476242313,0.05027796770589547,0.11763524802092665
priority,346,0.07768033965898656,0.03696660711660203,0.010766877618978278,0.22901303800902145
five,46,0.07757709506731303,0.017140715400664825,0.058979168597615414,0.1570953655425749
positions,48,0.07752408988148392,0.02493014990749312,0.04497302770351035,0.1859955634858014
initially,176,0.07751985295047081,0.05748164073377394,0.016164105025309346,0.40440055231546346
vital,1,0.07745076298162797,0.0,0.07745076298162797,0.07745076298162797
remain,15,0.0774049326620529,0.044853237043857914,0.030595119481492166,0.1752857235395943
Moving,585,0.07735605032441464,0.041402415137512916,0.01740967411787353,0.29259578986788526
hub,3,0.07730952441942862,0.013944616984019454,0.06446756521013484,0.09669166049240933
dispers,2,0.0772934731300502,0.008762402542526394,0.0685310705875238,0.0860558756725766
beneficial,273,0.07719950711880255,0.0413179354320378,0.009933147380587228,0.24816451399225486
player,287,0.07719439112545337,0.04183125560216896,0.010764410499775962,0.27771476966269376
submit,3,0.07713951644857366,0.018086191812462717,0.06199413060910528,0.10256237651727353
rical,37,0.07706822456514437,0.03498106160611828,0.02234745113618913,0.172888799108568
surely,3,0.0768926103673097,0.010493548610472003,0.0664862650203433,0.0912583605193336
navigate,5,0.07685315208451943,0.01837059709351888,0.046394929160912715,0.09538891117025275
unknown,5,0.07676860504613232,0.05045803557150574,0.026953641115310203,0.14572472991750218
want,25,0.07675079543746482,0.05439840278719125,0.013179057597596834,0.22911597443330348
evidence,103,0.07659062185637307,0.026978243311022203,0.02091886768113265,0.1935360844792332
remember,2,0.07658713906096189,0.02024519490829289,0.056341944152669,0.09683233396925478
Let,15,0.07649568883028435,0.02696097392657885,0.05266553146858725,0.15292577137330135
movements,411,0.07642725208774173,0.03756981673693304,0.016092279465546925,0.29009144910505463
stories,4,0.07640350859104934,0.006210267922544326,0.06865858011768484,0.08301550894122557
observation,51,0.0763962823408095,0.037679014952693754,0.012557448694963908,0.20406365698181334
clarification,1,0.07638744877494313,0.0,0.07638744877494313,0.07638744877494313
alone,257,0.07632957005329825,0.027971931787897465,0.022984002938858106,0.18099309960544865
safely,17,0.07623048477907518,0.038255003658157954,0.027143325525514888,0.14884206316391085
solitary,8,0.07607127141542427,0.02419249540217292,0.05109994244175907,0.11063163935977655
under,6,0.07605346399566652,0.018140519591349772,0.05555938587648645,0.10876587543734458
seemingly,276,0.07602850667411956,0.040913997647720496,0.006174616992188167,0.21346238356977126
front,37,0.07598389681244475,0.022267855260110124,0.02662615825118982,0.12752144681063451
chance,45,0.07594696145654435,0.051991290362873685,0.018896369632336218,0.2685470517940225
ideal,48,0.0759027900115094,0.03523533858438032,0.02226245347233372,0.1790130582918788
suggesting,11,0.07589698933871473,0.03972537093307022,0.01643618263994129,0.1370420177964237
important,74,0.07588301702582773,0.027498432001521893,0.03123752020210674,0.15375500914109225
request,1,0.07586370951019777,0.0,0.07586370951019777,0.07586370951019777
distance,22,0.07581582901319216,0.03142780875214637,0.03169676127889178,0.16442240192293414
asked,15,0.07577236052338243,0.03383288378057125,0.03937229354480841,0.1523373569776909
blending,31,0.07574969280428956,0.025328307343089752,0.028348310398285274,0.17259594546375467
center,1,0.07570705777277106,0.0,0.07570705777277106,0.07570705777277106
Crew,1204,0.07562315733650013,0.028458193733029696,0.020783736547278348,0.18682314386040383
closest,82,0.07561376842073504,0.029297740796876543,0.04011363861823146,0.21321713940410805
certain,2,0.07540248564826454,0.002664423870336781,0.07273806177792777,0.07806690951860133
relevant,17,0.07538553918614352,0.05299541504656153,0.02318706335247318,0.26817962372933035
than,44,0.07536549013699853,0.06854344819976205,0.013626490798538907,0.3751431064303173
mentioned,14,0.0753496274203672,0.04388230703687529,0.011131113541829225,0.1619241707913485
profile,6,0.07529476486321206,0.016555676439592635,0.05199381566576522,0.10590475205231913
moves,31,0.07522332140541826,0.031221106823106543,0.025312226807178234,0.15729190896317005
trustworthy,1,0.07511614749821631,0.0,0.07511614749821631,0.07511614749821631
counter,1,0.07507153776401344,0.0,0.07507153776401344,0.07507153776401344
outdated,1,0.0750283307099882,0.0,0.0750283307099882,0.0750283307099882
identities,5,0.07496310816352766,0.01464680975107429,0.05219720978955724,0.09768142504011611
coming,2,0.07484983178823748,0.0254291958902983,0.04942063589793918,0.10027902767853578
around,60,0.07479984509131296,0.029550364850591194,0.023548460616383587,0.1476812958231741
case,10,0.07474085978399671,0.031379471196511084,0.03407625062553452,0.129659794393666
know,19,0.07470660021385936,0.04446537168247708,0.028399246536576647,0.2078979370434231
direction,17,0.07463291373300779,0.05691399748216067,0.0248823805862972,0.25752891879206263
Navigation,758,0.07460625662101443,0.04044566396885354,0.007391769747038374,0.286715975580629
lead,145,0.07455441844222148,0.041095962285385076,0.01921585010812437,0.25710614796601344
a,4661,0.0744132032464169,0.04770218167995837,0.003954881425254004,0.46149562330752253
Two,16,0.0743948832374455,0.028293188224421388,0.034359906093750024,0.12197120687753725
isol,22,0.0743723316475514,0.05321420578179189,0.023344414554930353,0.2139514594227197
ier,3,0.07425183092392888,0.017413880214488538,0.05266034090988535,0.09530528061654804
enable,1,0.07422496125373479,0.0,0.07422496125373479,0.07422496125373479
appears,11,0.07419029145091025,0.034073153313311115,0.021707556119664854,0.1193883746729038
previous,404,0.07416638017448583,0.03191010543488768,0.015195981472281123,0.2708872703619416
influence,4,0.0741257299983702,0.0276896269385337,0.045772012848094824,0.11859816406656566
encounters,4,0.07411874000440563,0.019765663232462292,0.053442443397598925,0.10589266187708396
Looking,2,0.07407289655853196,0.002846375972785198,0.07122652058574676,0.07691927253131715
putting,5,0.07404359667883734,0.03123433301631487,0.04495436753191739,0.1330621207783694
last,1,0.07402598084160038,0.0,0.07402598084160038,0.07402598084160038
lon,1,0.07396412858589593,0.0,0.07396412858589593,0.07396412858589593
larger,1,0.07395441422939716,0.0,0.07395441422939716,0.07395441422939716
lone,21,0.07393869348266616,0.023639518377563812,0.03929137573862243,0.12811186141355393
surprise,5,0.07378426496783551,0.014046869809719899,0.0523821049850244,0.09157360194992469
fellow,14,0.07377663863432547,0.03874386419169844,0.04064168082196203,0.159678591846447
exclusive,2,0.0737748465122979,0.01802152713987765,0.05575331937242025,0.09179637365217555
Course,46,0.07371378875324186,0.029313044445868363,0.007026095394837965,0.15262000470581086
-up,1,0.07370006363890401,0.0,0.07370006363890401,0.07370006363890401
witness,26,0.0736373170514135,0.033989981586102794,0.02615919640041347,0.2152632559786214
coordination,9,0.07357795562244604,0.03574999636033585,0.024881916304427286,0.1277108912810975
finds,1,0.07351059140782695,0.0,0.07351059140782695,0.07351059140782695
?,71,0.07340511965574238,0.05011304841305253,0.01637940363103652,0.2475222265494498
turning,1,0.07339327432216834,0.0,0.07339327432216834,0.07339327432216834
express,6,0.07335965481508608,0.03705695341193007,0.04389719135525561,0.15210199275792144
everyone,46,0.0733420616111822,0.02759104177154569,0.02357363181261986,0.15407962535935218
-efficient,1,0.07325182266915162,0.0,0.07325182266915162,0.07325182266915162
unlikely,2,0.0731917775584674,0.01706707906893807,0.05612469848952932,0.09025885662740546
anymore,1,0.07305554602450237,0.0,0.07305554602450237,0.07305554602450237
unique,1,0.07304830388618987,0.0,0.07304830388618987,0.07304830388618987
upon,3,0.07303889543332215,0.027682605669476654,0.035243078727127605,0.10077406380360916
suspects,4,0.07300070349205141,0.018326765030958397,0.041467485494520416,0.08661276474902714
collective,1,0.07298047726053991,0.0,0.07298047726053991,0.07298047726053991
determine,5,0.07284381616546812,0.011135876976257938,0.05186933014549379,0.08429623279905765
long,79,0.07281449247077446,0.0467276869523926,0.024998307597084112,0.3664412762963402
address,11,0.07279542005399663,0.04236950071487381,0.02609847246584107,0.18196816675348135
due,30,0.07273869091415207,0.052787754054911075,0.023269241926031498,0.1937747082367018
perspective,4,0.07271350611402637,0.016456094301951694,0.05369769359708405,0.08971018323920109
statements,7,0.07266640353988382,0.0474002248500715,0.01178332480215707,0.15205749050208794
likely,131,0.07262164832342957,0.0900670660354376,0.018720863031763804,0.5199926028380863
between,23,0.07261973393926328,0.05255760304936581,0.01984196595900549,0.2140876206316144
AK,93,0.0725516967132205,0.013311537418935742,0.04564902628292628,0.10606642855569721
unnecessary,25,0.07253132664686125,0.024744280649131055,0.03395181938707845,0.12585239014390956
longer,33,0.0724889295388562,0.03231997252539129,0.027889009719756407,0.1588094142140741
priorities,3,0.0724834722215531,0.016483783131889383,0.052331895999071634,0.09270855298405191
create,131,0.07248022306048577,0.038928616313958456,0.0191375079851332,0.2569079936208288
made,546,0.07247826855693239,0.03278873528727721,0.001683715178283719,0.2719832041610882
part,50,0.07242938511842353,0.051085170681608734,0.0171805081817274,0.2507038132460271
needs,3,0.07242563410460597,0.030122148674744224,0.03389659545636605,0.10742707329275647
to,14285,0.07239629845482172,0.04828878536872037,0.002405513518548251,0.5153140570806242
travel,12,0.07238419343762849,0.023212926328421774,0.040087345199087986,0.10711675246987232
control,1,0.07235659814976457,0.0,0.07235659814976457,0.07235659814976457
moving,1517,0.07230256784490605,0.04083341563425769,0.013940807574567001,0.3025177322808701
rushed,1,0.07217853265945895,0.0,0.07217853265945895,0.07217853265945895
All,187,0.07210218693602954,0.03254602169586697,0.04874363188351061,0.2814835194959908
way,102,0.07206218027511722,0.04418668277668578,0.007731024135074948,0.19352450508742405
spread,15,0.07202407041212432,0.015635336823664223,0.04636147071876975,0.10561920153273147
although,3,0.0718426030972864,0.037732736327032994,0.02286205819190308,0.11467187093322871
rim,2,0.07180652824623322,0.003269474813910822,0.0685370534323224,0.07507600306014404
observe,444,0.07172870430545031,0.026365846879287412,0.023368921021765476,0.18076903112617304
decrease,1,0.07170730494274113,0.0,0.07170730494274113,0.07170730494274113
pretend,26,0.07170662004787533,0.03402051824750339,0.02013483112176191,0.16017528223762073
accessed,4,0.07169163067382031,0.00859658758307894,0.06177724843711779,0.08546185729341974
many,11,0.07158463044512055,0.03748006602454848,0.02159689321359265,0.1504748533759158
accountable,1,0.07158417567445335,0.0,0.07158417567445335,0.07158417567445335
concerns,9,0.0715763228545731,0.06179593809031612,0.01169583654955164,0.23109211060971507
Has,15,0.07155216438329269,0.021715052027776956,0.03930867905719658,0.11264010791451638
reveal,181,0.07153358727699492,0.026088280702300293,0.03536610500454216,0.2585422201448357
alignment,1,0.07144700140747243,0.0,0.07144700140747243,0.07144700140747243
proposal,1,0.07143936194219369,0.0,0.07143936194219369,0.07143936194219369
shift,3,0.07137600608057244,0.005769459664519475,0.06391751609737821,0.0779702454192354
feasible,1,0.0713724903815083,0.0,0.0713724903815083,0.0713724903815083
Does,10,0.07124963702576595,0.01950630607419338,0.0465384073240452,0.10600827263515324
t,1,0.07121855806050478,0.0,0.07121855806050478,0.07121855806050478
chances,33,0.07103310905688655,0.037975388413476134,0.015520371001910515,0.16175643784348087
icking,2,0.07101557721567617,0.012526055131646792,0.05848952208402938,0.08354163234732297
evaluate,5,0.07101264394253362,0.019878511561744118,0.0367443250173562,0.09869016402386448
reached,19,0.07096661455611397,0.04050879431152581,0.031358725458692976,0.18235192155040486
This,494,0.07078515322004425,0.05876182250107154,0.004680545265623496,0.31058576026336043
compelling,1,0.07073113391704898,0.0,0.07073113391704898,0.07073113391704898
Yet,1,0.07065272964785045,0.0,0.07065272964785045,0.07065272964785045
not,615,0.07050011807762066,0.0642123154668693,0.006762482380045988,0.4794090979647647
implic,2,0.07043793163772048,0.04497385387663488,0.025464077761085606,0.11541178551435537
passive,1,0.07043097749588786,0.0,0.07043097749588786,0.07043097749588786
lie,1,0.07041608072390766,0.0,0.07041608072390766,0.07041608072390766
choosing,7,0.0704027586805506,0.04660089157231582,0.03347246360430901,0.17939385218070683
expressed,4,0.07039649760730748,0.028112925573128538,0.03481806461879812,0.11179593900122582
add,1,0.07038677508374443,0.0,0.07038677508374443,0.07038677508374443
anyone,264,0.07028295511181058,0.03220287145797276,0.017348780825142854,0.19148834364737882
risky,179,0.07024550430132902,0.03341175499726991,0.01227993718088956,0.2045522324050233
guilty,1,0.07022047309931546,0.0,0.07022047309931546,0.07022047309931546
throw,3,0.07017655436078074,0.004591762830797455,0.06370017752378135,0.07382563953069488
Reporting,1,0.07009163602241096,0.0,0.07009163602241096,0.07009163602241096
dispersed,3,0.07004394004264568,0.009109948906388957,0.05771694500747642,0.07945099250314563
cyan,352,0.07003228000259974,0.03494677562086415,0.007796338170311792,0.23059269457491496
systems,2,0.06990162390745307,0.03468636427977761,0.03521525962767546,0.10458798818723067
another,513,0.06990042731997867,0.03972121203635707,0.0071914910150665924,0.2561509150015784
suggests,13,0.06983937825857606,0.042486515430035426,0.014060584712724518,0.13362262966743046
perform,1,0.06981140333135041,0.0,0.06981140333135041,0.06981140333135041
our,435,0.06979652828732762,0.04385393296974307,0.0055229289426155515,0.3057055085154345
be,2799,0.06973792661502667,0.050250675095432844,0.004236736978611618,0.46759973871537164
Admin,3174,0.06969154548745216,0.03524265068047209,0.011208001346721654,0.4660419130508346
respective,18,0.06960832542502145,0.01857130472872232,0.04036785584359813,0.11289010782592758
ly,52,0.06954821640843278,0.029229537072489438,0.011064792246138036,0.16228737000905813
accessibility,3,0.06948856445257914,0.029387049028198265,0.047731396410704965,0.1110325557751783
anywhere,1,0.0693769458865556,0.0,0.0693769458865556,0.0693769458865556
uced,1,0.06933720880988994,0.0,0.06933720880988994,0.06933720880988994
af,21,0.06930287088282093,0.03781717047030938,0.029037743133717896,0.15503628462101138
pass,2,0.06929434213675692,0.010576133160273726,0.058718208976483194,0.07987047529703065
us,221,0.06925986380037112,0.04185888811486507,0.005837557402612426,0.2615951510239468
black,285,0.06923013411629789,0.0349978627846614,0.008349358359664145,0.23115425688200433
visiting,1,0.06921796016409831,0.0,0.06921796016409831,0.06921796016409831
solitude,4,0.06899695281753637,0.019876620772104375,0.0445913624771828,0.08927352502912239
shorter,118,0.06890510137740632,0.03491473202873464,0.012537185623381908,0.19176362195801736
speak,10,0.06890454949982928,0.016831531579483715,0.04067553068830684,0.10461117105071654
general,8,0.06889090142536895,0.0777504665374889,0.013979569370764255,0.25496410175933615
information,1135,0.0687864329610788,0.03463831922277913,0.011941437586769946,0.2854763021194875
During,7,0.06867173202463318,0.061179205779099945,0.023667968943877946,0.20696818309127554
into,189,0.06862520416772136,0.05153669930302481,0.009388208812870967,0.35043802521985173
why,4,0.06848826738407958,0.024736718854036072,0.03151921950989321,0.09456396123765458
prepare,3,0.06841712403569011,0.029260187438189908,0.03098965682870235,0.10241569905901565
dangerous,5,0.06840619600045215,0.01700262715725012,0.05050500467849196,0.09099860885366573
confront,1,0.06819635803853497,0.0,0.06819635803853497,0.06819635803853497
danger,23,0.06818214597387413,0.02366245649553651,0.03317014965943729,0.12459893524976334
compromising,2,0.06814534236720413,0.011646623400542459,0.056498718966661664,0.07979196576774658
new,32,0.06807142474077299,0.031793348198051435,0.02510067472888629,0.1930200593417085
aspect,2,0.06805928594258177,0.0008443384213519534,0.06721494752122982,0.06890362436393373
deaths,18,0.06803312986508711,0.021228948051731915,0.03762523217901394,0.11095647830928843
were,119,0.06802481530826206,0.050445428954880585,0.009233536385521596,0.4054545788206021
early,211,0.06801590844888036,0.05085132867446222,0.006807066610944087,0.2735606100031373
reason,55,0.06799517734125281,0.05157913512313686,0.012756604194963739,0.2576119014380575
bit,17,0.06791993239817878,0.05305270391318183,0.005177452164819111,0.22515876882822028
identity,155,0.06786540212322115,0.01960073999448534,0.03402556688500905,0.2351059625605913
team,41,0.06786296575177017,0.019296852202687027,0.03099864283894059,0.11014842608693529
stumble,1,0.06782703881738239,0.0,0.06782703881738239,0.06782703881738239
other,2353,0.06780385570438427,0.04134956849249331,0.007381534373201817,0.48866976798787076
And,7,0.0677732131448906,0.013945547935376734,0.04470183391225624,0.08819504118710902
observing,91,0.06776284949689,0.030614353874738535,0.02569940872232148,0.20299163509328363
immediate,168,0.06764186141203091,0.03844928966501141,0.008154702322066866,0.24983273990975027
navigating,5,0.06760359009265408,0.030835977712113636,0.03437720972105957,0.11256067562970985
Three,2,0.06745822218124285,0.005021975695567948,0.062436246485674904,0.0724801978768108
noticed,30,0.06743913111084805,0.02829657167648521,0.012720692819606076,0.14846222521049904
indicating,9,0.06743694850011667,0.013253438660836255,0.04807426582889202,0.08716416618585512
targets,19,0.06740086342967745,0.023279191299742777,0.022748719998872183,0.11284505964354895
immediately,298,0.06738315066240488,0.041128020398359735,0.018532408268473587,0.3791394184110097
movement,174,0.0673724314130812,0.035103326504583636,0.019547664528448166,0.2330199073047187
ellow,3,0.06736180931216111,0.010494995480726755,0.05349572784855168,0.07887919665434803
purple,250,0.06721893132802845,0.04193462049073015,0.009700223033509852,0.35554451314863994
highly,13,0.06717548014869475,0.03114325961439339,0.014496718299047747,0.1599362183914069
forward,1,0.06712587479964952,0.0,0.06712587479964952,0.06712587479964952
-sensitive,2,0.0671122428750858,0.02107107953931082,0.04604116333577498,0.08818332241439662
shared,52,0.0671063670146791,0.03612572476723158,0.013141353348824,0.1893050179897844
closely,29,0.06707853539603938,0.030231196070863546,0.02229767188667309,0.14435156188832948
open,7,0.06685240628147808,0.03626278380348316,0.015086841130600149,0.12030362734720407
identified,15,0.06682649137423252,0.029636646369246053,0.03313400998291644,0.13272642108217583
puts,5,0.06682585830763385,0.01462695396386919,0.04872386844515109,0.08979257899565456
someone,77,0.06678136182496511,0.03284642737736105,0.025295972324989632,0.2130754731832035
ate,1,0.06676392505418394,0.0,0.06676392505418394,0.06676392505418394
am,1540,0.0667590761969126,0.046732455680460694,0.004651028091652276,0.4530654942857919
viable,30,0.06672237615837319,0.05370329770876936,0.018966031931588908,0.2510129183484185
single,14,0.06660264459184224,0.02342562547959958,0.03706180553280575,0.1086753773748651
temporary,4,0.06657531519450222,0.03447490337523988,0.03977043237021831,0.12580263511672043
time,288,0.06655863405612271,0.050708496876335996,0.011969077318731551,0.3229529457426103
sign,4,0.06654964841184124,0.03392503985975964,0.030285683785794118,0.11393836460339993
which,960,0.06647883070462367,0.05133256313040372,0.00429001859632215,0.3560187820210527
follows,13,0.06644970599105497,0.054568587088229585,0.008857153195345295,0.18821814428132433
addressing,1,0.06631910852222318,0.0,0.06631910852222318,0.06631910852222318
understanding,17,0.06630236424519004,0.03996361435181954,0.019181334101011884,0.17504609802294585
favor,1,0.06629870933943545,0.0,0.06629870933943545,0.06629870933943545
facade,3,0.06625075247935117,0.02343727461879628,0.04736071803226379,0.09928249714177872
length,2,0.06623216719321062,0.038846711971946224,0.0273854552212644,0.10507887916515685
first,895,0.06618008122853476,0.047993744015499246,0.009020595774399126,0.33619026626778653
gathered,18,0.06610035640688987,0.039896460333786674,0.022478532011136407,0.1475853931778439
limit,4,0.06609451337881236,0.023194701172730623,0.045523136734288365,0.10544950716032504
revelation,1,0.06602914896761088,0.0,0.06602914896761088,0.06602914896761088
identifying,90,0.06601438667945862,0.03573579134041765,0.01610417967659795,0.16262732781666028
speech,1,0.0659802090176501,0.0,0.0659802090176501,0.0659802090176501
bottleneck,4,0.0659677110970095,0.007412614087045744,0.05513586391181245,0.07544675110883231
meet,3,0.0659399587962879,0.009560395549480141,0.055881957526475005,0.07879386853201534
unless,25,0.06589796956646729,0.03847396220348494,0.024501022884360082,0.19812567785788643
who,236,0.06583551777226791,0.044385278169741436,0.005247823322230627,0.359739501944193
account,5,0.0658037958015463,0.034972349100191376,0.025267990476700284,0.12349349595549515
proposing,1,0.0658022738189199,0.0,0.0658022738189199,0.0658022738189199
Some,3,0.06566203442929334,0.008316226449121158,0.05453992353946263,0.0745341955121075
actions,1473,0.06564042454239519,0.027795899019898717,0.0058313330070953,0.2593672140759265
Meanwhile,3,0.06548066961142124,0.010569858021215713,0.05417816387680924,0.0796038095750172
per,3,0.06543097874094218,0.03449987242650521,0.023416685215408902,0.1079197723407288
uring,5,0.06537066004614972,0.02858396819045381,0.029867327483481528,0.11592478309671879
isolate,248,0.06535691956076004,0.022674388120363067,0.0204634330531313,0.17126999659931558
value,3,0.06534659107247275,0.029811927551948114,0.02404972671715898,0.09334711698987588
but,721,0.06528900257134651,0.05161222799329275,0.0028590557806325227,0.31710087534322007
yield,1,0.06525720296689327,0.0,0.06525720296689327,0.06525720296689327
inform,15,0.06523860570290789,0.015306677677889676,0.018687852830489807,0.07880445551823217
Submit,71,0.0650869234486186,0.022530791413477202,0.020590487274831728,0.11604985023174211
"?""",61,0.06507837321397568,0.035657338577590604,0.022329193898886573,0.18689173390411049
isolation,5,0.06502449751387983,0.016560674328015005,0.0453453088834647,0.09426984370387942
occurring,2,0.06497083055648037,0.019099495814568795,0.045871334741911574,0.08407032637104916
discover,1,0.06492878525582126,0.0,0.06492878525582126,0.06492878525582126
spoken,18,0.06486726106715514,0.02314934829709992,0.027472368339753413,0.11292143361775317
deception,1,0.06485427670915868,0.0,0.06485427670915868,0.06485427670915868
initial,400,0.06478162830223946,0.03012369247302799,0.015014163571457946,0.17392614902527317
compared,101,0.06470441825209149,0.03600653350774492,0.011261083337599688,0.2268818017745306
transit,1,0.0646296282448349,0.0,0.0646296282448349,0.0646296282448349
put,144,0.06449194578131105,0.0239742062728519,0.017213327395123934,0.12389921878570734
short,116,0.0644894931558996,0.030167367684703864,0.01689459153768349,0.17266181924608612
ground,5,0.06444265203585087,0.01747015674913576,0.03902278090975302,0.09113887891303035
tasks,3956,0.06442309836059099,0.04119684007669841,0.0027005385837690545,0.3544141312067702
implying,5,0.06435727574759723,0.009034019928904171,0.055886762069747506,0.08176556605296652
saw,19,0.06433266817277276,0.052200205250551676,0.010512701445934287,0.20606500573375477
eliminated,1,0.06432364957576416,0.0,0.06432364957576416,0.06432364957576416
clarify,24,0.06430404540524685,0.034823636821510635,0.022586959121178668,0.17180530529965926
risk,274,0.06428640564982746,0.04417186085195619,0.012243904506472184,0.29788599310536723
stages,86,0.06427754676805877,0.0292577343920684,0.02924974469027212,0.14067659296851368
Have,2,0.06425143812615398,0.014450940842448984,0.049800497283704996,0.07870237896860297
misinformation,3,0.06424805817019583,0.009387941920870169,0.05249644770957808,0.07547408946590342
best,164,0.06417185436290472,0.05028637930121015,0.006615967823097126,0.31058680928023347
ations,5,0.06417013951262587,0.02848090622793473,0.016611544161968066,0.10503833729342206
promising,2,0.06414119676496635,0.017953494134157373,0.046187702630808986,0.08209469089912373
task,4318,0.06412299064627311,0.04320650484877931,0.004237110968750454,0.4327926567501169
ensure,22,0.06409863462515976,0.048650285833227204,0.01050522202361946,0.21418783700953437
disguise,3,0.06409814727599061,0.021396530028012485,0.036460810390148035,0.08858688850466617
attempting,10,0.06407954390963978,0.0214820239638105,0.027192109662092716,0.10181166767152056
pink,290,0.06403137026922046,0.030625245621763105,0.004143515885363699,0.22014448910849205
explanations,1,0.06402546792315837,0.0,0.06402546792315837,0.06402546792315837
innocent,7,0.06392887815533435,0.019578190172730135,0.023664835383578563,0.09094167873219855
acting,24,0.06390692111857142,0.02704422458056269,0.011508228912279721,0.12100337636209602
where,460,0.06389616621952317,0.04036191665792364,0.0056494364531745065,0.30266909981774126
becomes,3,0.06376299237039097,0.018685402345805603,0.04364561975528757,0.08866030666491546
strategy,139,0.06376271936085796,0.032183373827800926,0.013958672891884016,0.20725718584298833
Weapons,1108,0.06370544215544918,0.03509744947394052,0.003071060900683265,0.20948294023586675
avoiding,42,0.06366183897849534,0.04707524212452271,0.013692462486726871,0.2410274449748421
future,80,0.06363967859717198,0.032779370101854576,0.014370651594792224,0.20192010496858748
rushing,2,0.06360076759487054,0.03966340508120642,0.023937362513664115,0.10326417267607696
according,1,0.06353097744617237,0.0,0.06353097744617237,0.06353097744617237
necessarily,3,0.06350133703685117,0.030854177103242716,0.038950333954279784,0.10701634166008549
traverse,1,0.06345584098539607,0.0,0.06345584098539607,0.06345584098539607
thoughts,6,0.06339517235516895,0.02956614737430037,0.034413640082284654,0.11358289801323862
occupied,3,0.06330317986844325,0.014681549848445195,0.045999243452598086,0.08189256209188629
testimony,3,0.06324048158073148,0.013832970452728759,0.047290597526357225,0.08102498559141785
setting,18,0.06317286199516542,0.05028686937168697,0.0282382908001166,0.22232264721405276
they,222,0.06309025921605939,0.03426162383926068,0.01094276902814664,0.20611542734224222
do,60,0.06301336468673811,0.0382700336491467,0.01659133255011685,0.23564888088915864
easier,25,0.06299048787492151,0.03494293205404289,0.02309925612395715,0.17831252345971113
them,331,0.0629892345283954,0.03620744555799984,0.011693357941153178,0.28238117832106147
go,48,0.06297539919474567,0.027007945699743165,0.0278828727366023,0.17643802005256778
accuse,7,0.06295094411008136,0.023737448279285592,0.03280053559996208,0.10493946165612884
spreading,3,0.06291750772873977,0.035912825082304735,0.034160516672648716,0.11355028724003684
->,51,0.06283200956975113,0.03881537433034457,0.010933459329385426,0.1907179994293178
lurking,10,0.06265954413122551,0.04670965320222855,0.033805758298213216,0.19031213904475588
-p,3,0.06264455572313753,0.02270535648583631,0.030722525684716413,0.08161186720027915
foul,4,0.06261424455437707,0.024061007732633758,0.031704257563833306,0.09114784586810153
se,13,0.06260209314883955,0.018544080110455333,0.0296684522982619,0.08728442157988515
count,10,0.06252400840881603,0.022967350163718397,0.02666442649949307,0.10325672152155582
free,9,0.06241422397205016,0.01755681198360756,0.03926788750440015,0.10164068485806906
walking,1,0.06226952389312802,0.0,0.06226952389312802,0.06226952389312802
swipe,47,0.06220672828243177,0.03483647681221163,0.032053577503217745,0.2528179168883709
stalking,1,0.062112927243025966,0.0,0.062112927243025966,0.062112927243025966
you,81,0.062087990272982105,0.031145195872093658,0.009945932537074077,0.14340857021966277
't,212,0.062069102963134934,0.04488847296966121,0.014714046977384166,0.24109004474542062
did,12,0.06205540949978693,0.02183904248971146,0.025383254394650463,0.10513035265444662
active,3,0.06204950799057074,0.018470094598243093,0.04710488558620885,0.08807472429128967
similar,5,0.062017863389319715,0.034554037192922146,0.03228788118087242,0.11853672089995354
involves,26,0.06201097902028851,0.03584572671906348,0.011312890711597096,0.1732079814870179
created,1,0.0619959930874749,0.0,0.0619959930874749,0.0619959930874749
mistaken,1,0.061953504393998035,0.0,0.061953504393998035,0.061953504393998035
sequences,5,0.061883624481971475,0.02688254465172898,0.02909452836168319,0.10846061327306553
opportunity,518,0.061822875170957345,0.030361667889445894,0.005865550029576915,0.194210780821356
coordinating,9,0.0617986644538866,0.04128373902241926,0.01685121737962944,0.14216795582009467
rather,6,0.06166770595532193,0.05992992473872435,0.020316271088581563,0.19109845229804248
met,3,0.06164468009571733,0.018874858294567785,0.04184169633283962,0.08704687483300833
hinder,1,0.061568364371505334,0.0,0.061568364371505334,0.061568364371505334
game,1086,0.06154788493840223,0.02919993669329559,0.019392251335068215,0.220757877666423
sense,133,0.06151867154912374,0.02341922215701172,0.015908974598392772,0.15829322218516656
continue,19,0.06150056834308024,0.04624645638262617,0.013041680465698379,0.17732368916320607
navigation,2,0.06145749348733746,0.011871019810974735,0.04958647367636272,0.07332851329831219
ensed,1694,0.06127280153546658,0.0009185534307424773,0.06118310649365456,0.07067956904550322
via,22,0.061213147887914786,0.03346076158311458,0.018213574313046904,0.15496634520843033
how,78,0.061021443670614066,0.045268545782730214,0.008758619742341284,0.29878906412806133
accessible,59,0.061012349683445634,0.02118827490505979,0.029686028188728775,0.16366394075240911
conflict,1,0.06101066022346036,0.0,0.06101066022346036,0.06101066022346036
eteria,3115,0.06096620312909773,0.029626451444805527,0.008387849552292444,0.3615610179481834
und,23,0.06086473718897132,0.04317418225360403,0.019396285409864576,0.22238432456690482
trying,69,0.06085703047138598,0.04186483271831807,0.006770579364695132,0.18742126662843517
involvement,5,0.06077942946652457,0.04163325751193946,0.016583541239101583,0.13439547966744328
Specifically,1,0.060725262113918294,0.0,0.060725262113918294,0.060725262113918294
An,1,0.06070035312022842,0.0,0.06070035312022842,0.06070035312022842
before,141,0.06063473416134127,0.03891855259610265,0.009166626342258585,0.19573620901507005
predictable,2,0.060610219077098244,0.011507659421587525,0.04910255965551072,0.07211787849868577
presents,7,0.06057945557250079,0.02408598489555696,0.01598261554825518,0.08437353989413898
assigned,1048,0.06057636738193091,0.024677917395046586,0.014895480225972856,0.2177584000570654
support,1,0.060552044689380045,0.0,0.060552044689380045,0.060552044689380045
low,9,0.06052660810414196,0.041091035915287455,0.02487406538091076,0.1533232912892531
completed,887,0.06052059583146061,0.033437674612265364,0.013421400601228149,0.2996017301160244
essential,67,0.06040906601379856,0.021576442616148234,0.021892321839728612,0.14754080760387758
become,2,0.060370027079483767,0.015264882893973743,0.045105144185510024,0.07563490997345751
interaction,3,0.06036305580032993,0.01829412943898632,0.04005042582209155,0.08439598980925929
Imp,1683,0.060344593026073354,0.027586887935056956,0.0072466919105321015,0.40012322967867253
traveling,4,0.06033976060229604,0.016135574931086347,0.04345143775545735,0.08686244433625978
feel,1,0.06033302906985453,0.0,0.06033302906985453,0.06033302906985453
taken,247,0.06027046984452259,0.02146726066270471,0.009731119011494078,0.22786293571988295
Data,451,0.060227591860999,0.03548551433032233,0.0057478976473693474,0.29825564455024856
eliminate,390,0.06019515607941329,0.020423266643617634,0.017019616642246185,0.17760539492021293
no,465,0.06018790887401118,0.037510219297883056,0.012656328726397189,0.30316383925280666
sharing,62,0.060138803944649016,0.03381216733838206,0.013191340111321751,0.21298510033176984
accused,28,0.06012878900552322,0.026488633946221755,0.012552072765714052,0.13611506341974489
events,469,0.06008008735852047,0.027165097276293404,0.011457921696124076,0.21073092046568756
creating,19,0.06006991238988832,0.023090617472064246,0.004932795125654748,0.09683325317751493
distributed,5,0.06006249959066344,0.009461070396225848,0.047035940323645636,0.07009197697118749
divide,1,0.0599800628108887,0.0,0.0599800628108887,0.0599800628108887
sure,5,0.059890000398849175,0.019287403259660527,0.03224525138677481,0.08902881806646165
several,122,0.059780624695993094,0.03883554338548401,0.00852007461395166,0.20713701114212246
considering,181,0.0597486069473766,0.0320240672144742,0.010948218101149543,0.308409451886692
encouraging,1,0.059717976999685826,0.0,0.059717976999685826,0.059717976999685826
their,653,0.05965352353496576,0.031405751507566665,0.007833810609597446,0.2056308480505623
group,38,0.05960574321303217,0.023469032587155547,0.022311772261678634,0.11521396942966793
when,48,0.05958310285125326,0.05955054929000764,0.009752717248735892,0.3144877761391885
interactions,12,0.05954827424174742,0.016419154012801376,0.03630311045480638,0.09548039774501822
ILL,45,0.05951958873089228,0.009594308837128154,0.04620472669427516,0.07964915858962951
inefficient,3,0.059499276842147925,0.014354759889714071,0.040495269500194046,0.07518387510983249
complete,1361,0.05948479509289639,0.03543103374236305,0.006369903900784495,0.23249820186653153
ality,1,0.05948405519856132,0.0,0.05948405519856132,0.05948405519856132
consider,409,0.05945941525126187,0.029048008915791866,0.013837259903013734,0.28080568276769935
orange,337,0.0594408056235221,0.032969902440803174,0.006375642336230313,0.30504824378520606
Before,3,0.0593234307120995,0.00541218990664538,0.052616914930283344,0.06587116570099706
DEAD,1,0.0592962992025056,0.0,0.0592962992025056,0.0592962992025056
took,1,0.059219112394482375,0.0,0.059219112394482375,0.059219112394482375
guard,30,0.059143945155198455,0.02713240501389027,0.02355589161256822,0.1260489452415473
further,28,0.05905599308579318,0.028375105218206857,0.01302938915583521,0.13508130352617706
concern,7,0.058944509460340036,0.04245006765967297,0.01223823672924036,0.13757150783352126
same,149,0.058905024577878926,0.03833003323004816,0.013401521486968828,0.23776898725830597
pace,2,0.058793080188116395,0.013827920810470518,0.04496515937764588,0.07262100099858691
finished,7,0.05875841074650518,0.028839066190459523,0.03640390818231198,0.12504903093188605
unintended,1,0.05871567132230347,0.0,0.05871567132230347,0.05871567132230347
distribution,8,0.058696308715117336,0.01858678371476989,0.033355542422413086,0.10320106190367859
parts,80,0.058660759061493185,0.038311093912996246,0.015522507914160263,0.2193912246927741
just,694,0.05865201287303389,0.04175582533582184,0.010528199321079183,0.29211235212394526
With,12,0.05864045107639199,0.012144102044685514,0.03497364592012318,0.07892353450608616
Download,382,0.0585992963516996,0.030069852817592845,0.005501675652726263,0.24386666384881678
busy,2,0.05856990869239755,0.02010731772108685,0.0384625909713107,0.0786772264134844
these,113,0.058519964291699075,0.04182330626636376,0.00896915473750088,0.26767816285915963
misunderstanding,3,0.058502982299419505,0.01666503442080972,0.0362742176074231,0.07639944202414538
After,40,0.058482056480557,0.02303454104296793,0.017361009818472432,0.13546517434330432
stay,20,0.058458915202507435,0.04802700436426376,0.011155808345639789,0.1627296632910423
workload,9,0.05845620066895815,0.01917433456284726,0.0305651931833622,0.08624658019353475
blue,371,0.05844063890291232,0.02802689812203733,0.008048450552083662,0.26642488455939695
distractions,2,0.058438482957761835,0.023318257834196117,0.03512022512356572,0.08175674079195795
behavior,440,0.05835700937383978,0.028010326704198667,0.010770421951185011,0.28564420553020414
plausible,10,0.05835469209365492,0.042714288511392744,0.013083449183817732,0.1694428769985953
too,69,0.05834638161080107,0.04986006150206734,0.011085349052490786,0.29621218071487143
notices,1,0.058326288209730015,0.0,0.058326288209730015,0.058326288209730015
indicate,31,0.058312668380291255,0.05696484826916343,0.011512525179437148,0.3172511644339886
sow,1,0.058237415856715484,0.0,0.058237415856715484,0.058237415856715484
identify,181,0.058189445789051907,0.02960122006904319,0.02119014210364631,0.18723675390761652
re,12,0.058097465673176106,0.02729454748851968,0.030745151855042934,0.12939085510159457
tell,10,0.05805608269888041,0.02481264001380547,0.027285937698218632,0.11220426987565867
interfere,2,0.057984951078468364,0.0019306570807770956,0.05605429399769127,0.05991560815924546
urgent,6,0.057928372758654485,0.03985025545582451,0.023845622968270898,0.1445326719805822
going,47,0.05789908596043661,0.02712103524892292,0.02055686562353429,0.1655546094947828
or,4037,0.05789474351934909,0.049362667243643306,0.002291322666891686,0.4300285235077213
attack,2,0.057845838326605406,0.024131458976060095,0.03371437935054531,0.0819772973026655
worry,1,0.05777076594852524,0.0,0.05777076594852524,0.05777076594852524
utilize,13,0.05776088253107302,0.022063685484700588,0.012540921040338151,0.08751129584376972
distances,1,0.05775374102395663,0.0,0.05775374102395663,0.05775374102395663
assume,5,0.057753546943505985,0.01801650545366685,0.03583996240307231,0.09045523706541711
impact,6,0.057678785809826105,0.04634257215489006,0.015279113116834065,0.14370898199086218
being,724,0.05766881555660084,0.03537077956159718,0.00886806593958719,0.3440367527261591
target,90,0.0576688087503942,0.02482041968971266,0.014616604260283219,0.12989878348489675
ambush,10,0.05764356435282754,0.021437259550347216,0.0379907902218638,0.10997854794519928
cafeteria,2,0.057611191867651845,0.006280891620419834,0.051330300247232015,0.06389208348807168
".""",42,0.057592494888849176,0.040015155707677226,0.023773823229561994,0.256737682184099
resources,1,0.057542531956144484,0.0,0.057542531956144484,0.057542531956144484
considerations,1,0.05749425131611148,0.0,0.05749425131611148,0.05749425131611148
may,61,0.05748735026057847,0.05935375092540176,0.010556093045510634,0.36445055106817326
ipe,1,0.057484699225900666,0.0,0.057484699225900666,0.057484699225900666
whole,1,0.057468671574346646,0.0,0.057468671574346646,0.057468671574346646
avoid,384,0.05741350485967355,0.04553929771393064,0.010054843760316401,0.36246507739701084
effectively,16,0.05730598240640147,0.040739370861778354,0.018075959128903966,0.17852144817015886
visit,14,0.05726931710953288,0.01992184403564949,0.029877576005200555,0.10043963269363042
could,1365,0.05721785981703655,0.051029699334502444,0.002892273216187581,0.33752639998513884
scrutin,1,0.05721486092910141,0.0,0.05721486092910141,0.05721486092910141
again,4,0.0571938677094086,0.019599243029622532,0.02344963554554425,0.07121195961026563
feeling,1,0.05717901790730234,0.0,0.05717901790730234,0.05717901790730234
possibly,33,0.0571248733374737,0.06835056209955577,0.012277698978471339,0.37687989586204795
overlapping,1,0.057070192390456215,0.0,0.057070192390456215,0.057070192390456215
preferably,1,0.057056795157467415,0.0,0.057056795157467415,0.057056795157467415
ions,2,0.05704083877331113,0.0007633124609625064,0.05627752631234862,0.05780415123427363
possible,78,0.05702004316734312,0.06100738964481266,0.005582436453335763,0.28174846864521547
slightly,1,0.05696101640800614,0.0,0.05696101640800614,0.05696101640800614
behaving,3,0.056958517383349165,0.013253395328983461,0.038693242463389975,0.06973306789737238
clues,10,0.05693824101878468,0.025119238826284206,0.025615114206325864,0.10670029897771492
increases,8,0.0568633008099016,0.021067033818263407,0.03859969479462613,0.10905113084352935
pressure,6,0.05683588218219928,0.01185038280885818,0.03752492698427809,0.0714865692313964
head,184,0.05683004592536823,0.02541548128365011,0.010891372965685826,0.19096180200274665
assignment,4,0.056753333781141765,0.025315165983077394,0.03785243152761797,0.10017136814574447
passed,5,0.05674463214630017,0.016362455518223386,0.032903722703915714,0.07527140565154856
risks,62,0.056681778062049236,0.02652272344973598,0.011675717078492125,0.13022520643574634
assignments,33,0.05667737623002983,0.03051451995299797,0.01915585629798075,0.13270390769619636
say,7,0.05666602698150296,0.020541852981911177,0.028410809811962867,0.09760960004675939
pretending,9,0.056640930924287645,0.029730208356262684,0.028956933474347055,0.12470929505535998
uncover,4,0.056561077258954824,0.02409732223428117,0.02234305666533944,0.08297035829048448
activity,236,0.0563184642669375,0.041984580018169834,0.007973941852399311,0.2940586113746617
use,107,0.05630875295403607,0.034686076157703326,0.01398038956552928,0.17253195321563397
insights,40,0.05625995377958881,0.02653024075885216,0.017356500890709853,0.149701492576864
questions,55,0.05621000142545112,0.02741750475860858,0.01770818903654104,0.16731233621124372
thoroughly,1,0.05613178516242555,0.0,0.05613178516242555,0.05613178516242555
deal,1,0.05612431366695885,0.0,0.05612431366695885,0.05612431366695885
traffic,1,0.05606470402521018,0.0,0.05606470402521018,0.05606470402521018
genuinely,8,0.0560530050172104,0.02633616691745663,0.012334016801125846,0.09010099231240232
strategic,144,0.0559177329228094,0.026127751769728574,0.00873140750411928,0.16513369236538686
mate,571,0.05577922775675949,0.026944045777113415,0.011083731296455922,0.24803539300954303
adds,2,0.05573536521659283,0.00423517594091509,0.05150018927567774,0.05997054115750792
Considering,183,0.05572700540559974,0.033756047124704605,0.01572131329677021,0.180520213209785
up,64,0.0556694957363575,0.023703914521838378,0.018621388321537268,0.1429120965921643
targeted,12,0.0556605855192702,0.013572435382525637,0.0379348616495942,0.08263654258738123
discussed,5,0.05564944780994494,0.027700373385295053,0.027309631903857493,0.09361273349168171
solo,32,0.05560503808359027,0.010614747273575215,0.03599782950256048,0.08822054709720825
act,66,0.05560500572160542,0.028910912947073795,0.007876388806969134,0.15258053364052163
page,3,0.05560019853249881,0.012476353733675782,0.03957325238851825,0.070004434603159
had,6,0.055598518930374485,0.02868274172319111,0.025571881007956127,0.11094894833768494
based,111,0.05558108408446687,0.03346979659861984,0.01610991543239301,0.18656005073914142
distract,3,0.055571742891482145,0.014941134160772527,0.034513630186712545,0.06760849682634877
sabotage,76,0.05546173475423131,0.015284479725503586,0.024282602827770353,0.1256943753960473
assist,5,0.05544858624157466,0.026487545688928058,0.015803315250864026,0.09746238740015942
ushed,1,0.05539493813095256,0.0,0.05539493813095256,0.05539493813095256
respectively,33,0.05525482841666848,0.043246373532106974,0.009064891060353703,0.19518163461387272
transparent,3,0.05523242186542477,0.037210455027588935,0.018587741977927067,0.10626259759813166
witnessing,7,0.055206321964128426,0.020695415640310785,0.02231430934708873,0.09056277136083211
uous,3,0.0551858212821413,0.009667493015106042,0.04617091611283995,0.06859491671443892
like,524,0.055086448888880826,0.03668807387858285,0.0062110628101448235,0.3193029103483017
raise,73,0.05508305626393552,0.029638049904252412,0.019934512054363477,0.2367689975875095
sooner,7,0.05505932232890467,0.03313755586268359,0.015417575931721923,0.11058986669154953
narrowing,1,0.05500805795575516,0.0,0.05500805795575516,0.05500805795575516
forth,1,0.05496411189012686,0.0,0.05496411189012686,0.05496411189012686
directly,180,0.05496225322479506,0.04021951467049356,0.006997628564900376,0.2291210493113844
evolving,1,0.05489648080324606,0.0,0.05489648080324606,0.05489648080324606
progression,8,0.05486537576619381,0.01978261993285414,0.01968106503407834,0.09164935618011216
mates,646,0.05485768524936234,0.016873018334766163,0.009005536728216398,0.1841472425289118
arises,1,0.05483178093012816,0.0,0.05483178093012816,0.05483178093012816
ings,8,0.05477117906978826,0.0169506193133331,0.02027467232522685,0.07478297483737127
share,107,0.054682471704008494,0.039509205856158476,0.00879534703807313,0.265699558919209
making,134,0.05458390555188899,0.03968254443946749,0.008187491406545313,0.24917242121713026
discussion,75,0.054568857638385565,0.03131980640239415,0.01442328200760869,0.16554341999670708
yellow,329,0.0544682107182675,0.02981630180928381,0.006771006948323492,0.2702823504346824
align,78,0.05441080470365944,0.03404413570396557,0.01582521956688615,0.1735082678882001
advantage,52,0.054383060912981736,0.05122895887433048,0.010699255263243446,0.19968391378321576
easiest,4,0.05435769166608327,0.013845540349558481,0.039782762276633674,0.07076190643105403
iterate,4,0.05434654833832253,0.021831018452134525,0.03481560746726494,0.08929138366180159
behaviors,114,0.05424732699492335,0.02258331491751057,0.02063416661214231,0.12766595924500088
done,34,0.054237971956377556,0.02835089084321528,0.00949002651744184,0.11698143147289397
might,965,0.05423695883107734,0.05141464697617415,0.004274517895136724,0.37192437997803723
alliances,2,0.054076720054705166,0.00428678293125034,0.04978993712345483,0.05836350298595551
fire,1,0.05405324664604849,0.0,0.05405324664604849,0.05405324664604849
simply,1,0.05394220745612423,0.0,0.05394220745612423,0.05394220745612423
ably,4,0.05391740339709346,0.01990622576810461,0.019797414986015012,0.06983103164106856
exhibits,1,0.05383236141012977,0.0,0.05383236141012977,0.05383236141012977
starting,222,0.05378680004953882,0.033388915616122956,0.0046199856023744264,0.23826131649132584
priorit,9,0.0537315659351356,0.032907490131523796,0.023291204659920496,0.11216512803120034
so,226,0.053695059017111454,0.05523599716631604,0.0030016656851120757,0.30980985954176654
Additionally,663,0.05368732233043863,0.022512510593464534,0.014648236186086768,0.1585466838950928
appear,29,0.053653917767335996,0.03518738718034386,0.014097204142336135,0.16290260571251333
-term,1,0.05364427448514473,0.0,0.05364427448514473,0.05364427448514473
-path,1,0.05362788850089409,0.0,0.05362788850089409,0.05362788850089409
hand,131,0.05361263671997558,0.029367917855597524,0.013476963107370853,0.19208125760017328
aked,2,0.05358001126182403,0.00539460012672564,0.048185411135098395,0.058974611388549675
balance,9,0.053559332312162575,0.026429507952538567,0.01416407666570866,0.09885656481003101
focusing,50,0.053516110117552904,0.02392713616589898,0.016542771695810175,0.1313892230670932
eld,57,0.05348786018520212,0.0021063608874049124,0.04925499816395644,0.05621575924093082
benefits,49,0.05342498962801052,0.0506581247171228,0.018387070434615037,0.2743663426191702
discussing,35,0.053419328742152626,0.030474302055614303,0.011108900088122438,0.16157979558470642
assistance,1,0.053328663590508196,0.0,0.053328663590508196,0.053328663590508196
logical,235,0.053307572316919474,0.03233202792881426,0.0074622238018244086,0.1453248440971663
work,90,0.05326608241008897,0.03332023683190246,0.008877403833418163,0.18896836077785512
riority,3,0.05325606992536716,0.020736262563864086,0.023959851003047178,0.06903887992759168
conven,2,0.053189687352177675,0.007246263897959425,0.04594342345421825,0.0604359512501371
collaborate,3,0.053182654019718285,0.007446103959924488,0.04271201351763171,0.059388006167171596
especially,139,0.05307883970585338,0.035091945961046325,0.009477722584489966,0.17926568916526692
most,402,0.05304030597815358,0.04482954736541355,0.005504236846130055,0.2338646932481918
")""",1,0.052914722936063675,0.0,0.052914722936063675,0.052914722936063675
whereabouts,10,0.05289977618726146,0.016947353366788855,0.019283171861226554,0.08532623318587579
order,9,0.052898445280151946,0.020981284949782592,0.020401280135450776,0.08428877103022304
involve,30,0.052892724427711986,0.03274999471195356,0.008445258554814717,0.15313107864410563
confronting,1,0.05287322443405163,0.0,0.05287322443405163,0.05287322443405163
strongly,4,0.05287300289690498,0.013341151406592961,0.036992271871382314,0.07280482464937434
additional,13,0.05283191553963141,0.016525207377532512,0.021394390279464732,0.07804513289687252
heading,64,0.052829973470388196,0.029633972836103823,0.009658045966093598,0.18931812439384305
exhibited,1,0.05276652052766114,0.0,0.05276652052766114,0.05276652052766114
result,9,0.052745723143277565,0.025023608625053793,0.017099103523764887,0.09276703275871721
increase,33,0.05271698657669424,0.03066742747200027,0.015602349546844661,0.12635931758757146
collaboration,6,0.05270156681590965,0.011404331917612084,0.037386845480736154,0.06813211064525514
linger,1,0.052557769171413,0.0,0.052557769171413,0.052557769171413
headed,4,0.05240497621526986,0.03330485882727386,0.023201223692329662,0.10779344277929151
Did,4,0.05233402829740193,0.02827516457238121,0.020267597257620222,0.0901787169022768
agree,7,0.052293181721950806,0.03590463258303044,0.01935320551999194,0.12151900929274799
weigh,26,0.052279888280497115,0.01540849722585321,0.025470489562566857,0.0882476359547942
else,47,0.05227875787559581,0.025832383960723432,0.01665359944782244,0.12836943606498177
on,1243,0.05224731038747699,0.03339395067363636,0.0046050901094788635,0.2558494931059535
providing,11,0.05218979373636647,0.055236375440800525,0.006186064771049665,0.19703387820564527
iate,1,0.05211739460581228,0.0,0.05211739460581228,0.05211739460581228
means,30,0.05196578633853675,0.03910607209974532,0.01042970013015342,0.17070467550431703
environment,4,0.05189234649664355,0.025950942831688723,0.03375030957286564,0.09669587248936184
backtrack,2,0.05186464738221032,0.011174511802993586,0.04069013557921673,0.0630391591852039
noting,2,0.05185119764774359,0.026096706292948642,0.025754491354794944,0.07794790394069223
keeping,59,0.051847827520168616,0.026032547613049167,0.018147912528791117,0.13336740460630916
complet,2,0.05183390347504807,0.022472228312999876,0.02936167516204819,0.07430613178804794
some,160,0.051822899920726494,0.03376442596245,0.010312220542043404,0.21139431493192742
manner,1,0.05177686014137037,0.0,0.05177686014137037,0.05177686014137037
Moreover,4,0.05175730761313732,0.010243715472375632,0.04015334243796468,0.0662717051697638
explaining,2,0.051750383576507075,0.007062429003668925,0.04468795457283815,0.058812812580176
corridors,2,0.05174860892221633,0.003652872620445651,0.048095736301770685,0.05540148154266199
amount,39,0.05173480146279746,0.027368775768153598,0.020058527814131682,0.14064075333858303
neutral,1,0.051673298633552946,0.0,0.051673298633552946,0.051673298633552946
doubt,2,0.05164598781721268,0.004136972598310799,0.04750901521890188,0.055782960415523476
raising,179,0.051580008935481925,0.019998120970713,0.020478460648512033,0.1661346890091819
begun,64,0.05143399215687197,0.02565251812853653,0.015595273591003505,0.1436868438815459
However,601,0.05142828986212351,0.02752519304620208,0.01713593013158084,0.21143823517945906
stealth,20,0.05138377210540892,0.013070273517211156,0.03653469185713426,0.09655011954582084
since,415,0.051256703311738414,0.033504976986045557,0.005416623127340229,0.2090043103111763
laying,1,0.05124024674613722,0.0,0.05124024674613722,0.05124024674613722
intention,3,0.05123496620747974,0.018996012960609612,0.029707912279625884,0.07591654707595548
conclusions,9,0.05117809239693675,0.02472418598283906,0.023269341495149483,0.10524691905502884
clearer,1,0.05108839275282105,0.0,0.05108839275282105,0.05108839275282105
accepting,2,0.05108793036609337,0.0,0.05108793036609337,0.05108793036609337
adjusting,1,0.05108160564592064,0.0,0.05108160564592064,0.05108160564592064
outside,1,0.05100926776556788,0.0,0.05100926776556788,0.05100926776556788
one,601,0.05098460306651666,0.043182044367638485,0.0032527633429123774,0.4100712094981603
body,60,0.0509774468536761,0.02973170483964066,0.016837636670125885,0.1543460616641288
increasing,13,0.05091066302640251,0.03847174897040608,0.014060433312376034,0.14444994960347707
either,135,0.0507919747227227,0.037025841246466594,0.009037967714108664,0.21363053584098846
reasons,3,0.050674820808666386,0.030176436896066996,0.018668038003032867,0.09112407906946594
Between,5,0.05062690969549668,0.020474224624034365,0.02239355449825769,0.08630366199177
think,57,0.050578219042094,0.04457367675558063,0.008353572449585024,0.31089464668908223
better,75,0.05057526283325999,0.026309829926511624,0.010198820241087576,0.11821595297499882
limited,1,0.05056726808313893,0.0,0.05056726808313893,0.05056726808313893
of,2625,0.050563287278817586,0.036290092397542335,0.0017679952224274283,0.3394325937591293
mean,3,0.05051560648596768,0.012322561826970349,0.03413180697394383,0.06385013496002016
dead,79,0.05051477980457632,0.0233363204477455,0.0077919274325529714,0.11629789776976908
experience,1,0.050483449692843116,0.0,0.050483449692843116,0.050483449692843116
wasting,5,0.05045575243332097,0.00783185230997194,0.042585783979150506,0.06442050834401852
poses,1,0.05044461603978265,0.0,0.05044461603978265,0.05044461603978265
right,22,0.050423762413951904,0.05469125595713881,0.01183091749907738,0.25214999352369705
advantageous,6,0.050393870211176896,0.02875872794858019,0.018401730987118094,0.10233464001268873
across,22,0.05031237107790772,0.012763974421081879,0.01581420509820789,0.07408108777250202
take,41,0.050290627572445554,0.04310194077551825,0.012366507246660852,0.23278283814135933
allies,5,0.05028914797659716,0.010649850396866934,0.033395331281530646,0.06518228808111796
something,27,0.05021756079298458,0.02945852100622421,0.01274861398565164,0.1328784323283319
easy,6,0.050190046269321185,0.01767487128214493,0.016837362789887393,0.07093765427593061
clear,35,0.05014352031792168,0.04212052161090191,0.014981324806146598,0.16619339859359616
critical,12,0.050102254611178544,0.020531155703902005,0.02465572142554822,0.08706335619175366
nature,1,0.050079216091536954,0.0,0.050079216091536954,0.050079216091536954
serve,9,0.050046096908249266,0.025399526079950285,0.021221537056370126,0.1056858518631398
aim,9,0.04995335841801138,0.02154502546374899,0.0033496332851804594,0.07687932294933657
efficient,452,0.04990293174932553,0.021324268177196497,0.00929077841717298,0.17272439832018877
difficulty,2,0.04986399953659358,0.00974962340702765,0.04011437612956593,0.05961362294362123
sets,4,0.049863247882643354,0.019238385699548676,0.016772032057805017,0.06403126044486554
've,239,0.049845712226009496,0.030174587938128803,0.00905402819695159,0.18332840064158595
together,78,0.04982352943202571,0.03477595810287678,0.012818886097386024,0.16712337767065416
iating,2,0.049816882361297776,0.009620482876870971,0.040196399484426805,0.05943736523816875
stall,1,0.049594791140680966,0.0,0.049594791140680966,0.049594791140680966
-only,1,0.04953614501332595,0.0,0.04953614501332595,0.04953614501332595
find,176,0.04953215755459212,0.02385259340513749,0.01317302281639559,0.13274809160638673
dangers,1,0.04953018814306408,0.0,0.04953018814306408,0.04953018814306408
exhibiting,2,0.049520856554803094,0.00860377543907196,0.040917081115731134,0.058124631993875055
claim,9,0.049494412366937926,0.039183748954755994,0.011197471807133918,0.14043539240328898
opposite,1,0.04949343981055957,0.0,0.04949343981055957,0.04949343981055957
besides,9,0.04947701905916675,0.02876782927367202,0.010881819357004153,0.10519167188542095
stalk,1,0.04947576830621782,0.0,0.04947576830621782,0.04947576830621782
doing,574,0.04940154449209702,0.025972989165487074,0.0027017079883422247,0.19148369181170247
bodies,16,0.04932652354348516,0.01501401948975885,0.030070993203257443,0.08768887266341871
amb,1,0.04931963442082771,0.0,0.04931963442082771,0.04931963442082771
'm,435,0.049264972764211754,0.03150806863495918,0.0037925453079883224,0.17948792956326598
description,1,0.049157565087142197,0.0,0.049157565087142197,0.049157565087142197
context,7,0.049044168299800746,0.036348830732515505,0.022416534306307623,0.12664363988743674
unclear,1,0.0490216792137133,0.0,0.0490216792137133,0.0490216792137133
increased,2,0.04900028763501761,0.008940315242350207,0.040059972392667405,0.05794060287736782
centered,1,0.0489488869223201,0.0,0.0489488869223201,0.0489488869223201
top,1,0.048841401334721986,0.0,0.048841401334721986,0.048841401334721986
prevent,7,0.048804904654111525,0.012473860596764365,0.028334050332184127,0.06703872804455845
victory,1,0.04874872168595038,0.0,0.04874872168595038,0.04874872168595038
quick,25,0.04863296076270677,0.03556880954615371,0.006222550119165276,0.1815718426200065
interested,6,0.048628836777561586,0.01971603050368392,0.02204201424616334,0.07392040647180047
If,36,0.04859805752160878,0.01753406821175722,0.024710942413693898,0.11589633571939867
benefit,8,0.048546525202245276,0.03829331766927143,0.011970507175818748,0.14326551429721773
natural,11,0.04844472288748993,0.03687902795474634,0.009000785973096484,0.1427029826899901
closer,162,0.04831774285981592,0.0249178789648628,0.013255433304266854,0.1550713698600872
win,47,0.04830658117467976,0.015955237942131918,0.02703409929010596,0.12170254324065624
eliminating,22,0.04815537480896354,0.022014004174955328,0.01430334323605888,0.0891973423195902
without,835,0.04813826743468045,0.03265993470095406,0.008568345401179723,0.3350303380832427
mention,1,0.04812359010231267,0.0,0.04812359010231267,0.04812359010231267
varying,1,0.048050884364210636,0.0,0.048050884364210636,0.048050884364210636
play,4,0.04802884321783281,0.005954413397928808,0.03969838010515268,0.05515886686929303
ask,71,0.04796975122557981,0.02800521658695762,0.010608701620070904,0.12662388907481723
falls,1,0.047966503542099484,0.0,0.047966503542099484,0.047966503542099484
for,1254,0.04786979294094841,0.03775453766707144,0.00493252295617982,0.45282789921884137
close,49,0.04785990399024356,0.02084859316806366,0.02134515072122317,0.1090800056339871
anonymity,1,0.04779181592192108,0.0,0.04779181592192108,0.04779181592192108
waste,22,0.047789315262243746,0.015287140585106433,0.028606539122162072,0.08820572307494219
undertake,1,0.04778779198587888,0.0,0.04778779198587888,0.04778779198587888
Also,9,0.04767919806978233,0.01796552924039207,0.02279036882323,0.07876988327427852
excuse,2,0.04765936465757262,0.01921068649466351,0.028448678162909104,0.06687005115223613
suspicious,434,0.04764780356593165,0.022518514655798755,0.006079449061292035,0.1539860711504972
establish,5,0.04763586041364591,0.023952275873388263,0.020240791902488,0.08869833469184596
themselves,8,0.047465490520031975,0.01738947566899312,0.017812871076307885,0.07375549820355533
by,338,0.047455202872032115,0.03553410674357947,0.002700381992796131,0.3383007681858716
encounter,15,0.047336377007614214,0.022802207920676953,0.022815176608414225,0.12185864402010672
was,126,0.047285241252161346,0.03490908510400998,0.009207151029278092,0.20283751625831678
arise,1,0.047198450605510735,0.0,0.047198450605510735,0.047198450605510735
transparency,4,0.047188234818507646,0.016965273262095452,0.031873488759488935,0.07326096999319603
learn,3,0.047107749416628875,0.03524717369666972,0.011847291956168925,0.09525141756564823
happening,2,0.04710128977621726,0.02169585184781021,0.025405437928407052,0.06879714162402747
such,50,0.04709228902218266,0.028246259916833976,0.014709394959377202,0.16509866607499937
working,231,0.04704007809434591,0.022893911749903698,0.005730563492366223,0.14548379273807377
ily,1,0.04702635005713448,0.0,0.04702635005713448,0.04702635005713448
finding,24,0.04678095919161751,0.022611757165894142,0.01962586868107252,0.12146865586240209
beginning,48,0.04676287899799892,0.024273209768921014,0.01610175231177375,0.12352063759833562
plan,65,0.046751197645827,0.029411569114245667,0.008101515988658103,0.2263049724675887
killing,326,0.046721207149184096,0.017541409207385162,0.0102010361575,0.12941001571453803
began,3,0.04670193464605571,0.0,0.04670193464605571,0.04670193464605571
actually,7,0.046590318612130685,0.028491048207414178,0.007189039608768338,0.09899613254532237
communication,1,0.04653408626945506,0.0,0.04653408626945506,0.04653408626945506
claimed,2,0.04645812234355515,0.0350189720484175,0.011439150295137649,0.08147709439197265
prioritize,361,0.04643264875767771,0.023716486178915835,0.010531874394748772,0.14539569576137015
discreet,13,0.0463658327440815,0.020574357923245176,0.0230465147512776,0.10807284483735118
convenient,21,0.046314227792816604,0.02184814177535674,0.019003462272014927,0.10432541750117215
fashion,1,0.04629145427817775,0.0,0.04629145427817775,0.04629145427817775
corrobor,2,0.04628832146918431,0.020907522813446527,0.025380798655737787,0.06719584428263084
high,20,0.04617751307998907,0.023275628694277843,0.01454336098108511,0.10163931731809402
believable,1,0.04617747019725638,0.0,0.04617747019725638,0.04617747019725638
quickest,8,0.04614611746682695,0.027111045209777328,0.014539661313806298,0.08741149792699011
onto,1,0.04602088784095579,0.0,0.04602088784095579,0.04602088784095579
depending,1,0.04597618413151916,0.0,0.04597618413151916,0.04597618413151916
collaborating,1,0.04596829675392157,0.0,0.04596829675392157,0.04596829675392157
chaos,6,0.04582165976725766,0.024351200872129157,0.014637381821901703,0.09411161864741818
et,23,0.04580947745207594,0.02838599432040004,0.012930000059145923,0.1429687908783837
any,625,0.04577056360201865,0.028131327188353317,0.006911987079505089,0.20147957222746632
asking,16,0.045724211806500326,0.027025859492437874,0.01152865283613553,0.1193300571783738
interrupt,2,0.04562710811055117,0.0070474855988737345,0.03857962251167744,0.052674593709424906
impost,65,0.04562031953999608,0.009602169052175012,0.020171835622150115,0.06493632935610308
set,13,0.04553746412112654,0.012676820569724153,0.029514988898654986,0.07561893624353974
seeking,2,0.0455205767091949,0.03139693046336658,0.01412364624582832,0.07691750717256148
get,87,0.04551261652650638,0.03497611528011424,0.004672201078716916,0.1873641860508489
determining,1,0.045390653331586435,0.0,0.045390653331586435,0.045390653331586435
joining,1,0.04538220328251029,0.0,0.04538220328251029,0.04538220328251029
keeps,22,0.04534644703197735,0.017118223264172183,0.016652102108176952,0.08193244720227809
already,1117,0.04534538993954436,0.027715660494962272,0.00429531655811329,0.21744410116117244
mission,4,0.04533845286646497,0.0015280499951156549,0.04277065885772081,0.0467982431912216
much,27,0.04533484504574121,0.025376466315901923,0.015872754683514467,0.14139540134980674
directions,1,0.04526775919687791,0.0,0.04526775919687791,0.04526775919687791
accidents,1,0.045227781985725427,0.0,0.045227781985725427,0.045227781985725427
towards,596,0.045081843790858445,0.019112146681617686,0.007160207291512162,0.16434006614852625
Instead,52,0.04506490402584894,0.02180901203162702,0.01563309221782832,0.12669849431560423
informed,8,0.04506438819682213,0.013525395057763168,0.027080212444439592,0.06600569937410045
sudden,1,0.04498572339465368,0.0,0.04498572339465368,0.04498572339465368
oneself,1,0.04495635418312696,0.0,0.04495635418312696,0.04495635418312696
couple,1,0.044945557674654614,0.0,0.044945557674654614,0.044945557674654614
well,39,0.04492278620621002,0.03558943348325122,0.009349221267691842,0.18212305625763409
Asking,1,0.04491600551972399,0.0,0.04491600551972399,0.04491600551972399
threats,7,0.044830942276535155,0.013553575221925938,0.022965962971047544,0.07048006187889216
among,56,0.04482207718058497,0.02708109722445767,0.0075771749650840005,0.19966479597000458
efforts,44,0.04481295099343234,0.027065384371897438,0.012136338567892122,0.14361410840066063
Sharing,10,0.044721846844130435,0.014766311358575639,0.028083448144621524,0.07366836027428757
discuss,107,0.044715588244102975,0.023616552595183526,0.009119161652219428,0.12695175084717175
red,381,0.044691363595713234,0.032462911763663234,0.0024005157768723154,0.4216724748259488
performing,1,0.04457748006254735,0.0,0.04457748006254735,0.04457748006254735
frame,2,0.044490090961434074,0.010830411079447537,0.03365967988198654,0.05532050204088161
straightforward,20,0.04439575897612543,0.03866425389807437,0.009305507303462792,0.15342661252875525
Both,4,0.044381507801922765,0.012468809018035364,0.027066291846152377,0.06172252259657339
suspicions,35,0.04436388921717236,0.025265696340529116,0.006225741869874911,0.11139356580914445
unfinished,2,0.044306434333633446,0.00034634626288863185,0.043960088070744814,0.04465278059652208
cause,28,0.04388416043434891,0.015016432198906596,0.02364821298943413,0.0908892250493658
limiting,3,0.04382813597504521,0.009823681147529333,0.029945714665229942,0.051233944160160416
issues,1,0.04377419773261761,0.0,0.04377419773261761,0.04377419773261761
anything,80,0.04374170608905694,0.017667185841387458,0.01381114454592861,0.09430476036100433
whose,1,0.04368183017935828,0.0,0.04368183017935828,0.04368183017935828
side,4,0.043629971200567975,0.015762922259983957,0.024226507506753935,0.0668895812830863
mim,2,0.043529382844896894,0.008892988588708274,0.03463639425618862,0.05242237143360517
identical,1,0.04327293935332335,0.0,0.04327293935332335,0.04327293935332335
accordingly,2,0.043266093104692316,0.0023936389382985777,0.04087245416639374,0.0456597320429909
lose,1,0.043264504018332005,0.0,0.043264504018332005,0.043264504018332005
while,412,0.043061018518282465,0.041041250026453924,0.004814880106986705,0.3385619109360746
intercept,1,0.04302512028064679,0.0,0.04302512028064679,0.04302512028064679
vague,2,0.04293247449591299,0.017663873867347458,0.02526860062856553,0.06059634836326045
potential,702,0.042737934645969325,0.022070565194767636,0.005971313545810295,0.16092426052760705
essentially,1,0.04273475816680166,0.0,0.04273475816680166,0.04273475816680166
une,8,0.04271640168769043,0.009834697441896665,0.023907082305626114,0.05347475661823862
job,2,0.04266217101527548,0.0036361283746623174,0.039026042640613164,0.0462982993899378
winning,90,0.0426054007585946,0.009324991461099379,0.02353336990337551,0.06347082101090193
encourage,6,0.04254184745021491,0.014002242249406516,0.02177247057095579,0.06540050791501335
able,17,0.04240423097749577,0.027618735083728526,0.016278049036936824,0.12207735501190149
managing,3,0.04240296998623804,0.00372559981777867,0.037136464726291334,0.04517069478271417
kill,524,0.04232978330703636,0.015807102499799372,0.010511265710437197,0.14128194175836292
listening,4,0.04229353979213844,0.039009608124919166,0.010134791385195165,0.10901016650904738
regarding,20,0.04226948928333813,0.03857407150498916,0.002350228923087273,0.1717682444157119
's,1086,0.042089255174792076,0.02984415533554701,0.0022404119002296576,0.25883614350333023
focused,6,0.04205115002278467,0.022301403186891108,0.016443002254282732,0.08002901590228352
intend,1,0.042036101742652064,0.0,0.042036101742652064,0.042036101742652064
threat,5,0.04200498535425836,0.010816168686446493,0.030246204938699898,0.06053352923681731
incident,19,0.04192298747431515,0.02552538057275453,0.014757566384780912,0.11835880290502991
proximity,32,0.041894400168163565,0.017360392805802597,0.013318257421302746,0.0805593092564245
outnumber,1,0.04188437035891696,0.0,0.04188437035891696,0.04188437035891696
hear,15,0.041878768583117995,0.02390126936809389,0.016867358196219984,0.12581472417479372
explain,11,0.04182555353188993,0.026529085205623876,0.014770572720339646,0.09862009133365979
threaten,1,0.041793713209055075,0.0,0.041793713209055075,0.041793713209055075
versus,7,0.04178433272857004,0.024920597556803814,0.01856184894666888,0.09580581239716085
mimic,6,0.04175841606389333,0.02711799152640552,0.01536426907663986,0.08437712748626726
Speaking,2,0.041694706296885556,0.00018297948153229646,0.041511726815353256,0.04187768577841785
as,1173,0.04166682839984337,0.039068126273845295,0.003456594289145793,0.48149204198218154
functionality,3,0.041664832724891396,0.006114492429790916,0.03301793008455699,0.04605019169716247
interact,15,0.04165836644647844,0.023962324734338007,0.019418537950791473,0.105622282912949
attacks,4,0.04163353472269815,0.005037340135571012,0.03564427681209899,0.04948578872729728
'd,35,0.04159550994100052,0.030401092860070117,0.010202050867578647,0.1432985363598579
Killing,71,0.04133559866441224,0.014405664301211112,0.016614801377284386,0.0939938303410785
can,810,0.041281992597828374,0.03506432913724442,0.0026149981679474557,0.32406032749257957
personal,4,0.04124517639710826,0.008619431883455798,0.02813614906312303,0.052196971018420094
despite,1,0.04118835128430353,0.0,0.04118835128430353,0.04118835128430353
attract,1,0.04111596652524854,0.0,0.04111596652524854,0.04111596652524854
mix,1,0.041097897499863166,0.0,0.041097897499863166,0.041097897499863166
hopes,1,0.04104244392596587,0.0,0.04104244392596587,0.04104244392596587
ost,1683,0.04096775163076152,0.010728988738859668,0.011843834068109934,0.11508741537666545
also,1370,0.04095701605572038,0.03436517946738441,0.003890318038220492,0.3927397661342062
make,233,0.040916193014258986,0.024655767553281156,0.0075737118085679135,0.1693775456366881
stating,1,0.0408946592687798,0.0,0.0408946592687798,0.0408946592687798
story,6,0.04086113976346956,0.016419117450495256,0.023535571998228078,0.07016582185134003
because,102,0.04085270582418585,0.03737951012845445,0.003837652238702462,0.19333696547969656
strong,7,0.04079239505702797,0.025244150638510123,0.010174036977030865,0.07160992099128499
happy,1,0.04070301957213086,0.0,0.04070301957213086,0.04070301957213086
run,5,0.04067767884729777,0.02218148449953742,0.01797922774206298,0.07772885016323906
tie,1,0.040569348437089855,0.0,0.040569348437089855,0.040569348437089855
""":",1,0.04056487885949446,0.0,0.04056487885949446,0.04056487885949446
start,661,0.04047768511329714,0.02880883380824896,0.004533028999021338,0.1686689394729199
more,757,0.040411768947156895,0.02542048174565241,0.005562011871280148,0.2356412855318741
Can,32,0.04023374088743332,0.02073556392417179,0.015757243754806145,0.11763134484511742
rely,1,0.04022281613625307,0.0,0.04022281613625307,0.04022281613625307
delay,19,0.04018650845776986,0.012673747329411298,0.022083040448999378,0.07202138548669394
vag,1,0.040179204684897205,0.0,0.040179204684897205,0.040179204684897205
hunt,1,0.04004354463357509,0.0,0.04004354463357509,0.04004354463357509
maintain,43,0.03988007456596673,0.03017030717119062,0.010614256839126828,0.18295183373304916
maintaining,3,0.03984506883903582,0.01944170971237045,0.013729547233720591,0.060349625145254306
s,56,0.03981673596940855,0.020866105609830144,0.009740772903012267,0.11659930656609604
its,191,0.039803426095643954,0.015379582465633245,0.0068104829801442215,0.10147708407503081
indicator,2,0.039797915269902395,0.004364900534760737,0.035433014735141655,0.04416281580466313
witnessed,16,0.039789145182282715,0.028928115490706344,0.007081301132240106,0.09971134085870909
catching,1,0.03963703822737812,0.0,0.03963703822737812,0.03963703822737812
fulfill,4,0.039614490699238586,0.006160751623756925,0.02984694882269838,0.04583556237121915
strategies,27,0.03957843720931368,0.014698511339883471,0.015115165446088496,0.0849468995171683
gives,15,0.03942248809904779,0.02107848116599001,0.008380899333588036,0.07631904445895121
Was,1,0.039248062690760456,0.0,0.039248062690760456,0.039248062690760456
given,36,0.03919853313130038,0.027746948932585502,0.005028559712256141,0.11077861838396048
victim,2,0.03911208656684972,0.005390601619038531,0.03372148494781119,0.04450268818588825
accusations,18,0.038979889967522025,0.030315466462895846,0.0026030180545415726,0.09999360680406584
layer,1,0.03896207012141103,0.0,0.03896207012141103,0.03896207012141103
raises,13,0.03893365059437316,0.02328412504973728,0.0031177943446817364,0.07905158735054907
planning,28,0.03890421760427767,0.018447925471563358,0.01104905650209001,0.10263136379823408
details,17,0.038875144738029846,0.02616166957825696,0.007570452811762248,0.09522415839125421
probable,1,0.03886832332601472,0.0,0.03886832332601472,0.03886832332601472
started,618,0.03884729898136879,0.02198283013342095,0.014729033556408417,0.2707286348660245
encountering,61,0.03881503544208506,0.009290211749654232,0.014032940308943864,0.05997360677299506
death,23,0.038798544479599684,0.015294652898875345,0.016238846337475826,0.06301118857594469
Most,1,0.038794430086513905,0.0,0.038794430086513905,0.038794430086513905
thinking,5,0.03873763130279743,0.010127857498300443,0.02045993044005284,0.04858477843404141
opportunities,108,0.03873225786034226,0.016552791141883533,0.011810596196203836,0.11076474251259587
yours,1,0.03869662692231502,0.0,0.03869662692231502,0.03869662692231502
your,25,0.03867254789892553,0.020454031450122773,0.00838632307644714,0.10475589412915885
care,1,0.03864030871335505,0.0,0.03864030871335505,0.03864030871335505
provides,28,0.0384985910444872,0.02583705470929884,0.0076627755356437005,0.1105742562319074
dynamics,1,0.03842284348890556,0.0,0.03842284348890556,0.03842284348890556
sight,1,0.03833244813574558,0.0,0.03833244813574558,0.03833244813574558
plans,75,0.038087891632814064,0.02465601129242126,0.005416850624295319,0.1686539237811249
maybe,2,0.03807612610888522,0.014919955062271681,0.02315617104661354,0.0529960811711569
allow,380,0.03806666622838431,0.030519286481351857,0.004481801984673369,0.2139525655420115
guilt,3,0.03805212207120306,0.015353728540493244,0.02568189952037541,0.05969163937451007
conversation,7,0.03797288871177294,0.025444655904092523,0.010667514669426162,0.08570568106876832
But,19,0.03796436694255756,0.01975824351392086,0.016561559099089972,0.08790145293469512
learning,1,0.037952690325534104,0.0,0.037952690325534104,0.037952690325534104
ideas,1,0.037896424026352044,0.0,0.037896424026352044,0.037896424026352044
circumstances,2,0.03788534743358424,0.017504414156818495,0.020380933276765743,0.05538976159040273
flexible,1,0.03779704326524624,0.0,0.03779704326524624,0.03779704326524624
activities,169,0.03769340168309843,0.020499872115006163,0.012203578549046658,0.13274505328561154
about,729,0.03765066427950481,0.0214622741384591,0.003548970810777114,0.15597774464363992
involving,3,0.03753767167585564,0.04331719225983933,0.005025916735853248,0.09875806916947934
particularly,4,0.03753679661583871,0.020001084600050466,0.019312438163408347,0.07130776692096442
completing,1019,0.037478377306996685,0.02505045256060371,0.005354157649576726,0.24003427602854435
presumably,8,0.037455016399807785,0.02291611504316132,0.022126107594870617,0.09539155349855151
briefly,2,0.037375526685997675,0.007374384336300943,0.03000114234969673,0.04474991102229862
asty,3,0.03736674913108711,0.015803010498072853,0.019063960718792277,0.05762483787045978
quicker,26,0.03735565962251837,0.01525068742406698,0.007019744302832794,0.07554639464623063
Communic,4,0.037336901039016046,0.0134718325254379,0.0224104605532658,0.05879405652660787
introduced,1,0.03715398781510609,0.0,0.03715398781510609,0.03715398781510609
assuming,4,0.03712970122194648,0.028070110888503176,0.011884746147279886,0.08434962127667942
legitimacy,1,0.03706715662062065,0.0,0.03706715662062065,0.03706715662062065
catch,38,0.0370478055087933,0.011087669474104599,0.017098647020769527,0.059092507329306584
allowing,68,0.03702424330418691,0.03416788848446492,0.005048604892521828,0.16850161521222193
worked,2,0.03698963543083543,0.002567663416827466,0.034421972014007964,0.039557298847662896
genuine,4,0.03697177538407145,0.0318081401145284,0.01484190062146355,0.09181578497724803
preferable,1,0.036957731209287616,0.0,0.036957731209287616,0.036957731209287616
completes,1,0.03687031345722595,0.0,0.03687031345722595,0.03687031345722595
usp,1,0.036789899817770415,0.0,0.036789899817770415,0.036789899817770415
good,311,0.036693105889673,0.021148349879088327,0.004941647821333342,0.15925742302225937
pursue,3,0.03664755718421182,0.015144149131251824,0.015810002410371074,0.05135178818186971
tactic,3,0.03660569412888113,0.008470429237150622,0.02837498891155814,0.048258544725039085
readily,24,0.03648145021520996,0.0113022256507528,0.009039003275007472,0.060103891965880736
solely,2,0.03643191828331583,0.01893267226984285,0.01749924601347298,0.055364590553158684
stop,1,0.03642146934857749,0.0,0.03642146934857749,0.03642146934857749
manipulate,1,0.03634896122658028,0.0,0.03634896122658028,0.03634896122658028
specific,13,0.036255522936237475,0.031916866893345636,0.014478652320007801,0.14251718424881019
approach,84,0.036212349584386,0.04710851212454659,0.008123783430160318,0.24472440204649706
facilitate,1,0.03618708480331632,0.0,0.03618708480331632,0.03618708480331632
hearing,4,0.03618691939151891,0.004637237458953226,0.029530215057023204,0.04251168007622683
discord,1,0.03613921033002289,0.0,0.03613921033002289,0.03613921033002289
detailed,1,0.036130502101457795,0.0,0.036130502101457795,0.036130502101457795
form,1,0.03607724591366906,0.0,0.03607724591366906,0.03607724591366906
ors,587,0.03605394594829574,0.014430460837019092,0.006557463017995441,0.13430426757308103
allows,344,0.03591365142124792,0.025993183646711635,0.004199982216081571,0.13729447273053286
substantial,5,0.035816703270336044,0.006375181941565522,0.02603171333400719,0.04488988220067491
uen,1,0.03576548766570872,0.0,0.03576548766570872,0.03576548766570872
enhance,2,0.035708812477575964,0.0029430560917972776,0.03276575638577869,0.03865186856937324
valuable,88,0.03560968065120078,0.015255168887375874,0.007987465785028111,0.07007716390945234
bottom,1,0.03555085572713176,0.0,0.03555085572713176,0.03555085572713176
happened,32,0.03551654503321504,0.02652631383662832,0.006097717997220927,0.11414127408392144
divert,3,0.035467624863443056,0.008671359851318254,0.029279505449638223,0.0477306052318492
preparing,1,0.03540224832994329,0.0,0.03540224832994329,0.03540224832994329
intentions,164,0.03539019959740156,0.014474139931091395,0.008302633870540779,0.11063727910889781
possibilities,1,0.03535519532519593,0.0,0.03535519532519593,0.03535519532519593
disrupt,3,0.035302674452680115,0.012122007603887073,0.024598243962572756,0.05225126751302116
clarity,1,0.035301044963477565,0.0,0.035301044963477565,0.035301044963477565
raised,13,0.035261805219913206,0.025379634762606483,0.009931558733074197,0.08453167310921539
piece,6,0.03517944105887202,0.0049753874837633666,0.027080784799046846,0.04314339961902326
finish,4,0.03507125753613183,0.01460746426613915,0.01769350681816079,0.05502571629387662
contribute,86,0.03500880104894006,0.021960784808814797,0.010790300340654013,0.10530471331290846
offering,2,0.034962103417984676,0.020158615266183726,0.014803488151800952,0.0551207186841684
cooperation,4,0.034861636167081864,0.011765291828544822,0.021376479237885875,0.04875112772086527
sensible,2,0.034764257642088014,0.0030506655270767444,0.03171359211501127,0.03781492316916476
wasted,1,0.03470148637991004,0.0,0.03470148637991004,0.03470148637991004
noteworthy,1,0.03464253583209319,0.0,0.03464253583209319,0.03464253583209319
operate,1,0.03461802676999299,0.0,0.03461802676999299,0.03461802676999299
actual,7,0.034585283209388154,0.028368373613207237,0.010563438715103386,0.09606236386073226
maintains,1,0.03456065930954888,0.0,0.03456065930954888,0.03456065930954888
Starting,13,0.03455227231345152,0.01942411459093077,0.012918304607853452,0.08667610487062581
planned,20,0.034530917540189957,0.01694904171646854,0.010953421963475407,0.0718346960856528
specifically,7,0.03440235064716622,0.015206042547507147,0.01071506987606388,0.05430255369431889
harm,18,0.03435718435884226,0.006987534216777232,0.02114651047262623,0.04888505309130468
give,260,0.03422181980842718,0.02133962616301275,0.004328214260993674,0.14147013288553698
Cond,1694,0.034136277557760365,0.0026150892319967726,0.033880918936088744,0.060917013005571743
reducing,41,0.03407757403017473,0.021403117211326823,0.009328100957058756,0.08778725220200322
reflects,1,0.03402370920250008,0.0,0.03402370920250008,0.03402370920250008
pathway,1,0.033944566312067014,0.0,0.033944566312067014,0.033944566312067014
shown,4,0.033853876400867934,0.004997023476287349,0.026589868140942458,0.038823102869422275
will,582,0.033795547303475754,0.03788466724849283,0.0029653417525607817,0.2725355852678975
terms,14,0.03376574833135066,0.011156516541247432,0.01914543717835295,0.052628697093812335
delays,3,0.033759933823431405,0.0040433087141252535,0.028620189887871836,0.03850001136770407
though,5,0.03362964958055001,0.01046074710924709,0.017646663653438324,0.04877295021426763
kills,47,0.03362807546411273,0.008508184822250457,0.019511062501701572,0.06571672699666817
drawing,50,0.03317855496864041,0.013146457467620777,0.013096286609060936,0.07027366024281775
Among,8,0.0331025554361884,0.011240592702054861,0.02198882046697502,0.057508261366008916
Do,2,0.03304586171081565,0.0025151571338305288,0.03053070457698512,0.03556101884464618
claiming,4,0.03303828429738066,0.02606228341832119,0.011485453827132964,0.0772930056511618
Were,2,0.03300913710481754,0.0040277363049140615,0.028981400799903478,0.0370368734097316
heard,4,0.0329841840074659,0.03203627013619334,0.012585056872125045,0.08843085771623914
please,15,0.032892440583008796,0.014673048381463114,0.01238999937357951,0.05609864677887556
killed,179,0.03285562287349715,0.0161988225719496,0.007522815257478109,0.10739522224781493
mis,4,0.03283707270780806,0.008625517645701679,0.023483618032193284,0.0450922995816947
killings,9,0.0328027459502562,0.015824976570564316,0.007852653952338175,0.057027644614471316
concerned,7,0.03279596269930817,0.03147723319748745,0.010201149021738671,0.10862211722829129
pairs,2,0.032670102196282705,0.01092188589171193,0.02174821630457078,0.04359198808799464
relatively,95,0.032618250564172085,0.015265352883377414,0.011343708288449153,0.07879667814459985
Secondly,1,0.032553770189529756,0.0,0.032553770189529756,0.032553770189529756
ensuring,2,0.0324828680149567,0.0027790084402451384,0.029703859574711562,0.03526187645520184
arous,124,0.03246772512857249,0.012746752105993638,0.010605233164485568,0.09963485600286723
particular,1,0.03245593262878344,0.0,0.03245593262878344,0.03245593262878344
degree,2,0.032415151662571896,0.0051932662577372085,0.027221885404834688,0.037608417920309105
role,9,0.03211070804402859,0.011935616965820229,0.015773350438199142,0.05962234689964547
weighed,1,0.032104878137116974,0.0,0.032104878137116974,0.032104878137116974
committed,3,0.032103327691446144,0.016842853395845972,0.011922246804751332,0.05315131064910551
impacting,1,0.032083324419689446,0.0,0.032083324419689446,0.032083324419689446
crime,6,0.032029275328710874,0.01531887719503349,0.01424060788688249,0.054735563302264895
potentially,1007,0.03199325174055659,0.021284037656414536,0.005253054834880211,0.16340450703606976
',579,0.031993103356840205,0.017294392149492344,0.008880330594734838,0.17525495969628743
against,50,0.03191308650441764,0.03242684222765829,0.002913522588874939,0.1605577553653498
objectives,28,0.0319112803765989,0.016886404591801553,0.01070020251460532,0.07460282642900228
serves,1,0.03184744303413273,0.0,0.03184744303413273,0.03184744303413273
pick,3,0.03178138673253044,0.004745273350425838,0.025197161941167754,0.03619707230250718
v,1,0.0316522521037303,0.0,0.0316522521037303,0.0316522521037303
reduces,25,0.03159425456847984,0.02300172693331204,0.0050715800973222475,0.0985833467163606
efficiency,29,0.0315763051325409,0.015954372059281827,0.011560166185570476,0.07530841846479798
completion,126,0.03155417273932082,0.02203235687401517,0.0054091193891260695,0.18838658751836468
quickly,274,0.03151735466878442,0.04169533005567199,0.003884271402525954,0.30034689385015645
reasonable,31,0.03151461678756056,0.023982600404906153,0.008354164527004396,0.10216155316343972
gets,5,0.0314193542167578,0.020288622304430053,0.012537656199781928,0.07069818208472455
key,37,0.031417024600963586,0.02895344057876232,0.0057796783931283145,0.10664871485811801
significantly,3,0.031329677272964644,0.021227140420543182,0.010626972804303629,0.06050749376409732
wanted,1,0.03130682541555904,0.0,0.03130682541555904,0.03130682541555904
fulfilling,1,0.03130458828860508,0.0,0.03130458828860508,0.03130458828860508
Perhaps,9,0.03126034480996095,0.01281345161817575,0.015664917693640035,0.05567856632757919
main,6,0.03109171584198529,0.01733677771565714,0.012763975962087325,0.06569208636334428
efficiently,184,0.031029000045299814,0.01995811502049598,0.005001009148215775,0.12076438600406783
shouldn,1,0.030931359325238796,0.0,0.030931359325238796,0.030931359325238796
ting,252,0.030927629924752918,0.022089042679952993,0.007973011408709282,0.13889075961030034
ug,1,0.03075031374596963,0.0,0.03075031374596963,0.03075031374596963
understand,28,0.0306911423499217,0.015288369820309533,0.01461201232288093,0.0734514359375177
surrounding,6,0.030547732703334784,0.008715086029530363,0.02325915720333526,0.049514715822089085
solid,1,0.030532483161547913,0.0,0.030532483161547913,0.030532483161547913
initiate,3,0.030523265128477528,0.020923644443410345,0.013491095813479998,0.059994713097318034
believe,4,0.030518954749265227,0.00929416888153481,0.015548949456478597,0.04107740988637453
minimize,43,0.03018905835271004,0.02133970880669401,0.009433059488144616,0.11809159661297934
earliest,1,0.02997317135472626,0.0,0.02997317135472626,0.02997317135472626
holding,1,0.029928176881988997,0.0,0.029928176881988997,0.029928176881988997
whereas,1,0.02991652839509735,0.0,0.02991652839509735,0.02991652839509735
Sk,57,0.029896256649074394,0.00830811864319702,0.021087823457026297,0.051077919495880884
getting,14,0.029803360583866904,0.01674858412582256,0.0091838013834996,0.05686878901474822
achieve,17,0.029671006595385685,0.013614504849618887,0.014962234185123022,0.06194355389150166
saving,6,0.029646274042783177,0.013903628661083293,0.01569663131667332,0.05766713516649646
freeing,4,0.02955929885156268,0.008263061683561295,0.02152652391269634,0.04234726647171347
avoids,1,0.029520373475167703,0.0,0.029520373475167703,0.029520373475167703
mitig,1,0.029439064032807192,0.0,0.029439064032807192,0.029439064032807192
-making,7,0.02935363570287694,0.0042367731840499,0.027623980293405428,0.03973156815970599
gathers,1,0.029317910370339817,0.0,0.029317910370339817,0.029317910370339817
tackle,1,0.029316886190185205,0.0,0.029316886190185205,0.029316886190185205
spending,1,0.02931392729091856,0.0,0.02931392729091856,0.02931392729091856
direct,58,0.029225893114839356,0.01833461991296954,0.008355839665782046,0.08840325817342701
linear,3,0.02913461921114756,0.004442524253055598,0.023116421279732426,0.03370576902500756
few,5,0.029024866917747888,0.015302677397062312,0.009099550712298026,0.052455779841336155
slight,1,0.028951154538395682,0.0,0.028951154538395682,0.028951154538395682
y,16,0.028887019231677618,0.011085149364085316,0.015910770397889677,0.060251598709353836
reduce,128,0.02888662987286722,0.024038675285641683,0.008076347492557347,0.1658631641894053
thus,2,0.02886738010321655,0.011577852927723424,0.01728952717549313,0.04044523303093998
strike,35,0.028813728802631847,0.010845604199409997,0.012064697372426051,0.05605809954206947
contributing,15,0.02878643298974761,0.010538663507269065,0.015195543581302763,0.048362706428600404
What,6,0.02873531455481985,0.010318434427272708,0.016983925036931743,0.04741298735294459
provide,539,0.028635900237200532,0.018838504032841,0.004229828936047906,0.1769131435614717
takes,6,0.0282736722102858,0.007569729840404527,0.02062980064444101,0.04020503946073997
progresses,11,0.02819194153271636,0.00439025371008929,0.020837681307589465,0.037929978214054326
contributes,5,0.02812942902319334,0.009234104138372348,0.01394378564290983,0.042716626607403094
past,11,0.028101870349175415,0.0017505295954128458,0.022566209716137778,0.028655436412479175
""")",2,0.028007664513038388,0.006179972083930545,0.021827692429107842,0.03418763659696893
giving,13,0.02790530812233459,0.015675717769595393,0.01067655258590383,0.06173487989510456
lowering,1,0.027869325440686595,0.0,0.027869325440686595,0.027869325440686595
engaged,15,0.027849183580250434,0.015093820755243698,0.013704873615073844,0.07334167589131993
Task,1,0.027812913586120834,0.0,0.027812913586120834,0.027812913586120834
success,3,0.02769738610371396,0.001722600917441258,0.025658017667567354,0.02987109075808417
purpose,3,0.027689262531242213,0.009837327112056109,0.01896569389205495,0.041436355567784515
event,5,0.027670629205764748,0.016319673340836678,0.016259667187622878,0.05998730811743266
offers,3,0.027628142190536466,0.013997178859819551,0.010185387497368572,0.04445471883054596
implicated,1,0.027503511696532323,0.0,0.027503511696532323,0.027503511696532323
're,19,0.027435602136884434,0.023951601257858165,0.003194031108598386,0.08544948243118772
itself,1,0.027419928884233318,0.0,0.027419928884233318,0.027419928884233318
roles,8,0.027376207439944962,0.009091954196021478,0.01336464374278895,0.04031833431200397
taking,18,0.027320589142069383,0.023510974875824292,0.011456743687123024,0.11339429141465032
normal,3,0.027145856810739426,0.003468750652213415,0.022240628618183034,0.029647449627488456
specifics,1,0.027095324008504694,0.0,0.027095324008504694,0.027095324008504694
draw,20,0.027019406555883037,0.006919770372313154,0.015491436391928239,0.04489775918093014
misunderstand,5,0.02678590514403541,0.01854954223293105,0.00967775309924781,0.06262332138499646
brings,10,0.026768240393891495,0.01376133958205875,0.006192661294554673,0.047009442329803273
involved,5,0.026768082627840813,0.007702433997210625,0.012723073752860378,0.035135339133879735
achieved,1,0.026756575370347608,0.0,0.026756575370347608,0.026756575370347608
crimes,1,0.02667478676175305,0.0,0.02667478676175305,0.02667478676175305
conflicts,1,0.026603544402624055,0.0,0.026603544402624055,0.026603544402624055
spent,9,0.026467184695740307,0.01965795495604805,0.008340641868885761,0.06439738169091613
over,5,0.02642643772659157,0.009272052799395192,0.015238292932439017,0.03988704170234034
pose,3,0.02637173411773079,0.0032208823714933556,0.021822502916649094,0.028845086946348242
overt,1,0.02636113030585913,0.0,0.02636113030585913,0.02636113030585913
objective,102,0.026239244940061773,0.014918710999524642,0.007580912936772667,0.0724021540896816
legitimate,27,0.026207586896566073,0.027609753238863496,0.006557760687874374,0.1280041140842569
murder,8,0.026068551639103512,0.010155104113065964,0.013739433131326027,0.04580968795534413
pressing,1,0.025979479156771873,0.0,0.025979479156771873,0.025979479156771873
unfolded,1,0.025866843796944324,0.0,0.025866843796944324,0.025866843796944324
productive,17,0.025818492897454182,0.026737616197963027,0.007968048286510843,0.12588366001857726
jump,3,0.025810773973525946,0.007137910867760815,0.016581569104231537,0.033966702493778825
")"".",1,0.025761494345831925,0.0,0.025761494345831925,0.025761494345831925
only,113,0.02562558546771131,0.037587135254689576,0.002532350271803884,0.18210896340261115
matter,2,0.025262926234240042,0.005014289907736107,0.020248636326503935,0.03027721614197615
answering,1,0.02516816780744248,0.0,0.02516816780744248,0.02516816780744248
gathering,153,0.0251148068856433,0.011309520956666253,0.00582853184210439,0.06696377399900971
own,30,0.025103932578807334,0.017904659184429128,0.006230057564943047,0.07636918972947121
cooperative,14,0.025098281672197197,0.005523519077808066,0.013195217939608875,0.03390114465988815
gained,1,0.02501331506563282,0.0,0.02501331506563282,0.02501331506563282
spaceship,57,0.024878420916097,0.00401342128162662,0.02102530445477064,0.03528650928107162
killer,5,0.024760763647214294,0.004143495096593248,0.021643875233995687,0.03288432421810893
"(""",6,0.024705539013167632,0.009505990777745499,0.013139835816137483,0.04236113207503301
progress,299,0.024498077830281646,0.016139653693122286,0.003259310875619306,0.12666786039778627
higher,2,0.024470318146398676,0.0006887217906966503,0.023781596355702025,0.025159039937095326
accusation,63,0.024455955154428815,0.020740527680948435,0.003298923468588863,0.0734101110613511
overall,69,0.024087743999059167,0.009447027373270188,0.008335286834324575,0.05188957884482546
prime,2,0.024043941811623934,0.0006974417115321804,0.023346500100091754,0.024741383523156114
underway,1,0.023985021546854182,0.0,0.023985021546854182,0.023985021546854182
Maybe,2,0.02396188879598946,0.005419481545782624,0.018542407250206835,0.029381370341772083
considers,1,0.023887462034059993,0.0,0.023887462034059993,0.023887462034059993
undertaking,2,0.023782694946216872,0.0027014606969388497,0.021081234249278023,0.026484155643155722
true,10,0.02370719513637793,0.012297749414651128,0.013727791663406201,0.05653825657656257
help,320,0.023696831050075147,0.017283843744000913,0.0031951213189658984,0.10372055033013805
meant,1,0.023485203037306206,0.0,0.023485203037306206,0.023485203037306206
posed,2,0.02345569852567297,0.0008247190978282262,0.022630979427844745,0.024280417623501197
initiated,8,0.02344872419161849,0.013393481853267547,0.00670639979609122,0.04437730608259622
figure,2,0.023342275994722612,0.0009231436099925907,0.02241913238473002,0.0242654196047152
gaining,13,0.02328665892655472,0.009637251396068004,0.010198532405834657,0.049210500406526636
finishing,6,0.023280102782866668,0.007978169626100273,0.015663114507004774,0.03716348236656809
grouped,1,0.023154935354149496,0.0,0.023154935354149496,0.023154935354149496
By,35,0.023150997497406327,0.012399282061295513,0.007696053678118062,0.054824762356181105
gather,618,0.022980592053498915,0.008301038451661105,0.006552160655464173,0.06469585483235911
izes,26,0.022878066437637033,0.014123661384806243,0.008384704012418094,0.07822318271718308
popular,1,0.022846838530811785,0.0,0.022846838530811785,0.022846838530811785
prompt,1,0.022792691117813277,0.0,0.022792691117813277,0.022792691117813277
Regarding,2,0.022661719368097112,0.003981398726804612,0.018680320641292502,0.026643118094901726
somewhat,9,0.022626498590001178,0.009129929317623037,0.009829008354103221,0.03674813676206178
discussions,3,0.02258864624534058,0.011005957477086296,0.012336695496818591,0.03785709564562487
helpful,6,0.022526907489339946,0.009817100444433655,0.010095833242353362,0.03663220595810644
izing,8,0.022462690245093404,0.01667602350936008,0.005109039672078022,0.04621465994804809
...,1,0.02243657992692596,0.0,0.02243657992692596,0.02243657992692596
faster,3,0.022274939562814636,0.00766590340121115,0.011691904812514767,0.029603278982353837
bring,41,0.02219642081211215,0.012277364730355086,0.008326489034932274,0.05955236218703188
what,65,0.022167051778800725,0.018302888420878995,0.002796948544143293,0.09132657855045195
portion,1,0.022076699269523263,0.0,0.022076699269523263,0.022076699269523263
maximizing,1,0.021854004616949047,0.0,0.021854004616949047,0.021854004616949047
non,1,0.021808901041230736,0.0,0.021808901041230736,0.021808901041230736
build,16,0.02165339393952021,0.01044860551500087,0.007038756354349194,0.0509985503348111
goals,6,0.021634883900437663,0.012965322363849027,0.010054944982761195,0.049642041699667655
helping,8,0.021536796204755647,0.0100979069075246,0.008953778007520924,0.03951344898220015
ates,1,0.021289571739451403,0.0,0.021289571739451403,0.021289571739451403
stimulate,2,0.02119416958180418,0.011758752153727592,0.009435417428076586,0.03295292173553177
bringing,13,0.021127860565804124,0.007060911614159785,0.011809392145449057,0.033519325256037714
beyond,1,0.021125074246662018,0.0,0.021125074246662018,0.021125074246662018
truth,1,0.02104496681975894,0.0,0.02104496681975894,0.02104496681975894
progressing,4,0.020667922749373454,0.007505638375206998,0.012746992912884558,0.030995434465059077
cooperate,1,0.02064384990063948,0.0,0.02064384990063948,0.02064384990063948
en,1,0.020592573415201487,0.0,0.020592573415201487,0.020592573415201487
sides,1,0.020461689430101355,0.0,0.020461689430101355,0.020461689430101355
offer,5,0.020387806230440713,0.009317958496796173,0.010132921264292199,0.03746242038247848
primary,138,0.020076484931216363,0.01194158723457566,0.003985106525893128,0.07864451687087917
gain,64,0.02005979722543684,0.008667593232617692,0.007885203499097838,0.04538958930811055
bold,1,0.019863450729216855,0.0,0.019863450729216855,0.019863450729216855
building,1,0.019621476049804954,0.0,0.019621476049804954,0.019621476049804954
achievable,1,0.019611975333144932,0.0,0.019611975333144932,0.019611975333144932
goal,501,0.019521040764699415,0.014204588458092849,0.0028131494129259057,0.0788854062443745
curious,1,0.01919468245831889,0.0,0.01919468245831889,0.01919468245831889
contribution,2,0.019067013112323235,0.0006775936312328583,0.018389419481090376,0.019744606743556093
Firstly,1,0.018983756767003337,0.0,0.018983756767003337,0.018983756767003337
begin,35,0.018849585208753943,0.008267752611620204,0.007062530322788945,0.03895135983390946
minimizing,8,0.018766437721693067,0.004866633774290041,0.01230430719673526,0.02677333457427238
advance,1,0.018741379748873153,0.0,0.018741379748873153,0.018741379748873153
aligned,1,0.01846232457839702,0.0,0.01846232457839702,0.01846232457839702
deceive,2,0.01841462110935932,0.006118992281915621,0.0122956288274437,0.024533613391274942
until,1,0.0181885641569667,0.0,0.0181885641569667,0.0181885641569667
topic,1,0.018111811958759653,0.0,0.018111811958759653,0.018111811958759653
ultimate,2,0.01792262424446965,0.008275820650984969,0.00964680359348468,0.026198444895454618
iss,1,0.017406914842074867,0.0,0.017406914842074867,0.017406914842074867
initi,1,0.017369144790608738,0.0,0.017369144790608738,0.017369144790608738
concrete,35,0.017204290039714874,0.008796227184843417,0.008356077327639272,0.05007493616860208
real,2,0.017168278058722113,0.0014560780356950003,0.01571220002302711,0.01862435609441711
achieving,6,0.01699964610491231,0.0030682051675267968,0.012437403313061727,0.021914499447751767
maximize,28,0.016083210846983765,0.010188304153288358,0.0062679190026684786,0.05030677981175479
serious,5,0.01562040921872342,0.015816124379762105,0.004505547135105748,0.046330680539772975
perhaps,1,0.015318938309090552,0.0,0.015318938309090552,0.015318938309090552
These,1,0.015242193284182578,0.0,0.015242193284182578,0.015242193284182578
sequence,3,0.015220591225712584,0.005393244063639475,0.008404765718127465,0.021593131153803406
aggressive,5,0.015093541968908145,0.006061752302214484,0.008048363521540106,0.023519038115226217
tangible,2,0.01399064510855088,0.002764900705359212,0.011225744403191669,0.016755545813910092
personally,1,0.013410509377444348,0.0,0.013410509377444348,0.013410509377444348
risking,1,0.013013827278880634,0.0,0.013013827278880634,0.013013827278880634
individual,1,0.012965135210083644,0.0,0.012965135210083644,0.012965135210083644
-like,1,0.012835378657602911,0.0,0.012835378657602911,0.012835378657602911
rest,1,0.012614865070219366,0.0,0.012614865070219366,0.012614865070219366
thereby,2,0.012445342645380705,0.0026877833821511215,0.009757559263229583,0.015133126027531826
motives,1,0.012059537726794021,0.0,0.012059537726794021,0.012059537726794021
great,1,0.011922416199758227,0.0,0.011922416199758227,0.011922416199758227
primarily,1,0.01158050035437764,0.0,0.01158050035437764,0.01158050035437764
Hey,2,0.011542308101375465,0.00019578209403376453,0.0113465260073417,0.011738090195409228
thanks,1,0.011533941683369894,0.0,0.011533941683369894,0.011533941683369894
accomplishment,2,0.011273793015714732,0.0008644248578425764,0.010409368157872155,0.012138217873557308
optimizing,1,0.010696112624731273,0.0,0.010696112624731273,0.010696112624731273
seriousness,1,0.01059910418772832,0.0,0.01059910418772832,0.01059910418772832
aggressively,2,0.010246975807559306,0.004147584046292427,0.00609939176126688,0.014394559853851734
advances,1,0.01003836951227086,0.0,0.01003836951227086,0.01003836951227086
helps,5,0.010035693103368876,0.003455195413222128,0.00560637224745241,0.015007807596406105
helped,1,0.009587718257556986,0.0,0.009587718257556986,0.009587718257556986
indeed,2,0.008869618358290147,0.0012003264831940289,0.007669291875096117,0.010069944841484175
Hello,23,0.008489359458714256,0.0017806609700733273,0.0047230700280969104,0.012670827521762672
-oriented,1,0.008227698835990269,0.0,0.008227698835990269,0.008227698835990269
alleged,4,0.008123459381328926,0.0033749344631743275,0.00455614267170552,0.011723526140414622
Hi,2,0.007981785745251737,0.00010907624686944117,0.007872709498382296,0.008090861992121178
hostile,1,0.007116381619867249,0.0,0.007116381619867249,0.007116381619867249
theirs,1,0.0066339683870021,0.0,0.0066339683870021,0.0066339683870021
allegedly,5,0.0063087506891426875,0.0016797078915540631,0.0042361493953263964,0.00872759180080273
actively,2,0.0054180680399494845,0.00012577184822439936,0.005292296191725085,0.0055438398881738835
<|begin_of_text|>,1694,2.10395148823932e-08,0.0,2.10395148823932e-08,2.10395148823932e-08
